"fixture","class","subclass","idA","idB","idC","row","value","limit","relation","note"
"Track C","a","overlap","Y","__dup_Y_1",NA,1,0.11999999999999,50,"self-duplicate","individual-duplicate"
"Track C","b","outside-mate-span","__union_2","X","__dup_A_1",3,-1.5005,1.001,"genuine","anchor founder: TRUE"
"Track C","b","off-centre","__union_4","A","__dup_Y_1",1,-0.00049999999999996,1.001,"genuine","anchor founder: FALSE"
"Track C","d","overlap","__dup_Y_1","Y","__union_4",1,0.11999999999999,120,"self-duplicate",NA
"Real 375","a","overlap","G2DMVF","__union_59",NA,1,0,31,"unrelated","individual-union"
"Real 375","a","overlap","BH6ZQK","__dup_SLN0TF_1",NA,1,0.119999999999891,50,"unrelated","individual-duplicate"
"Real 375","a","overlap","8LKBV9","__dup_G8EBU9_1",NA,1,30,50,"mates","individual-duplicate"
"Real 375","a","overlap","__union_68","HKTQ40",NA,1,19.8200000000006,31,"unrelated","union-individual"
"Real 375","a","overlap","8P17E3","__union_63",NA,1,9.82000000000016,31,"unrelated","individual-union"
"Real 375","a","overlap","P4KR40","__union_65",NA,1,15,31,"unrelated","individual-union"
"Real 375","a","overlap","__union_64","KK1QYR",NA,1,28.9399999999996,31,"unrelated","union-individual"
"Real 375","a","overlap","__union_102","6XYG9B",NA,1,28.8800000000001,31,"unrelated","union-individual"
"Real 375","a","overlap","__dup_PQX22G_3","__union_75",NA,1,28.8800000000001,31,"unrelated","duplicate-union"
"Real 375","a","overlap","__union_75","P2VQJR",NA,1,28.8800000000001,31,"unrelated","union-individual"
"Real 375","a","overlap","__union_80","__dup_C6E1D9_1",NA,1,2.17999999999938,31,"unrelated","union-duplicate"
"Real 375","a","overlap","__dup_D8FYZV_3","__union_72",NA,1,22.3799999999992,31,"unrelated","duplicate-union"
"Real 375","a","overlap","RYP77M","__union_71",NA,1,30.0600000000004,31,"own-union","individual-union"
"Real 375","a","overlap","__union_71","WDUGSA",NA,1,30.0600000000004,31,"own-union","union-individual"
"Real 375","a","overlap","WDUGSA","__union_76",NA,1,29.8799999999992,31,"unrelated","individual-union"
"Real 375","a","overlap","__union_76","D0Z114",NA,1,30,31,"unrelated","union-individual"
"Real 375","a","overlap","D0Z114","__union_67",NA,1,0,31,"unrelated","individual-union"
"Real 375","a","overlap","__union_79","__dup_RYP77M_1",NA,1,2.23999999999978,31,"unrelated","union-duplicate"
"Real 375","a","overlap","XEE9GT","__union_77",NA,1,0.0600000000004002,31,"unrelated","individual-union"
"Real 375","a","overlap","__union_83","JB7EW2",NA,1,0.119999999999891,31,"unrelated","union-individual"
"Real 375","a","overlap","79QBRD","__union_99",NA,1,30,31,"unrelated","individual-union"
"Real 375","a","overlap","CEA455","__union_92",NA,1,29.8800000000001,31,"unrelated","individual-union"
"Real 375","a","overlap","__union_78","__dup_E2D59U_1",NA,1,17,31,"unrelated","union-duplicate"
"Real 375","a","overlap","__dup_E2D59U_1","__dup_P87V3K_1",NA,1,27,50,"unrelated","duplicate-duplicate"
"Real 375","a","overlap","__union_96","BYWXJB",NA,1,28.8800000000001,31,"unrelated","union-individual"
"Real 375","a","overlap","__union_88","__dup_CMJQGU_1",NA,1,0.119999999999891,31,"unrelated","union-duplicate"
"Real 375","a","overlap","__union_93","KNIBZ7",NA,1,28.8800000000001,31,"unrelated","union-individual"
"Real 375","a","overlap","__dup_L31S6S_4","__union_86",NA,1,28.8800000000001,31,"unrelated","duplicate-union"
"Real 375","a","overlap","__union_86","37FSQA",NA,1,28.8800000000001,31,"unrelated","union-individual"
"Real 375","a","overlap","__union_70","__dup_RYP77M_4",NA,1,17.119999999999,31,"unrelated","union-duplicate"
"Real 375","a","overlap","__union_87","__dup_RYP77M_2",NA,1,2.11999999999898,31,"unrelated","union-duplicate"
"Real 375","a","overlap","__union_100","__union_73",NA,1,2.05999999999949,12,"union-union","union-union"
"Real 375","a","overlap","__union_100","M0YNUR",NA,1,30,31,"unrelated","union-individual"
"Real 375","a","overlap","__union_73","M0YNUR",NA,1,27.9400000000005,31,"unrelated","union-individual"
"Real 375","a","overlap","__dup_L31S6S_5","__dup_1X40V5_2",NA,1,4.1200000000008,50,"unrelated","duplicate-duplicate"
"Real 375","a","overlap","8LWCAD","__union_66",NA,1,15,31,"unrelated","individual-union"
"Real 375","a","overlap","__union_2","__union_6",NA,0,0,12,"union-union","union-union"
"Real 375","a","overlap","__union_4","__union_5",NA,0,0,12,"union-union","union-union"
"Real 375","a","overlap","__union_17","RXPJPP",NA,0,28.8799999999999,31,"unrelated","union-individual"
"Real 375","a","overlap","P87V3K","__union_47",NA,0,0.119999999999891,31,"own-union","individual-union"
"Real 375","a","overlap","P87V3K","__dup_L31S6S_3",NA,0,0.239999999999782,50,"mates","individual-duplicate"
"Real 375","a","overlap","__union_47","__dup_L31S6S_3",NA,0,0.119999999999891,31,"own-union","union-duplicate"
"Real 375","a","overlap","UCXEK5","__union_39",NA,0,0.0599999999999454,31,"unrelated","individual-union"
"Real 375","a","overlap","__union_14","7NBKWE",NA,0,0.120000000000118,31,"unrelated","union-individual"
"Real 375","a","overlap","UTU9S7","__union_36",NA,0,11,31,"unrelated","individual-union"
"Real 375","a","overlap","EZ97J5","__dup_WDBGPF_2",NA,0,2,50,"unrelated","individual-duplicate"
"Real 375","a","overlap","8DKELJ","__union_29",NA,0,7.5,31,"own-union","individual-union"
"Real 375","a","overlap","8DKELJ","C6E1D9",NA,0,15,50,"mates","individual-individual"
"Real 375","a","overlap","__union_29","C6E1D9",NA,0,7.5,31,"own-union","union-individual"
"Real 375","a","overlap","__union_42","IYYFP6",NA,0,28.8800000000001,31,"unrelated","union-individual"
"Real 375","a","overlap","__dup_MY1AEU_1","__union_37",NA,0,28.8799999999997,31,"unrelated","duplicate-union"
"Real 375","a","overlap","__union_37","G8EBU9",NA,0,28.8800000000001,31,"unrelated","union-individual"
"Real 375","a","overlap","__dup_BZ8K78_1","__union_40",NA,0,28.8799999999997,31,"unrelated","duplicate-union"
"Real 375","a","overlap","__union_40","C1BAND",NA,0,28.8800000000001,31,"unrelated","union-individual"
"Real 375","a","overlap","__dup_QWUKUY_2","__union_8",NA,0,22.7600000000002,31,"unrelated","duplicate-union"
"Real 375","a","overlap","__union_20","LVP52A",NA,0,28.8800000000001,31,"unrelated","union-individual"
"Real 375","a","overlap","__dup_QWUKUY_1","__union_24",NA,0,28.8799999999997,31,"unrelated","duplicate-union"
"Real 375","a","overlap","__union_24","KWKJXQ",NA,0,28.8800000000001,31,"unrelated","union-individual"
"Real 375","a","overlap","1ZERVB","__union_10",NA,0,0,31,"unrelated","individual-union"
"Real 375","a","overlap","__union_55","L31S6S",NA,0,28.9399999999996,31,"unrelated","union-individual"
"Real 375","a","overlap","__union_54","BM40IX",NA,0,28.8800000000001,31,"unrelated","union-individual"
"Real 375","a","overlap","RD3WB2","__union_28",NA,0,0,31,"unrelated","individual-union"
"Real 375","a","overlap","__union_27","DPUHBA",NA,0,28.8800000000001,31,"unrelated","union-individual"
"Real 375","a","overlap","__dup_L31S6S_2","__union_34",NA,0,28.8800000000001,31,"unrelated","duplicate-union"
"Real 375","a","overlap","__union_34","L2I39Y",NA,0,28.8800000000001,31,"unrelated","union-individual"
"Real 375","a","overlap","0FKJ81","__union_32",NA,0,0,31,"unrelated","individual-union"
"Real 375","a","overlap","__union_57","NPYENA",NA,0,28.9399999999996,31,"unrelated","union-individual"
"Real 375","a","overlap","__union_49","__dup_5A6DFT_2",NA,0,30.1199999999999,31,"unrelated","union-duplicate"
"Real 375","a","overlap","5GQC24","__dup_I8ABQE_1",NA,0,0.119999999999891,50,"unrelated","individual-duplicate"
"Real 375","a","overlap","__union_53","__union_16",NA,0,0.0600000000004002,12,"union-union","union-union"
"Real 375","a","overlap","__union_53","QWUKUY",NA,0,10,31,"unrelated","union-individual"
"Real 375","a","overlap","__union_16","QWUKUY",NA,0,9.9399999999996,31,"unrelated","union-individual"
"Real 375","a","overlap","__dup_WDBGPF_1","YCVRXE",NA,0,29.8800000000001,50,"unrelated","duplicate-individual"
"Real 375","a","overlap","D8FYZV","__union_45",NA,0,20.0000000000009,31,"unrelated","individual-union"
"Real 375","a","overlap","__union_48","__union_50",NA,0,0.0600000000004002,12,"union-union","union-union"
"Real 375","a","overlap","__union_48","CMJQGU",NA,0,10,31,"unrelated","union-individual"
"Real 375","a","overlap","__union_50","CMJQGU",NA,0,9.9399999999996,31,"unrelated","union-individual"
"Real 375","a","overlap","ULQFEZ","__dup_MY1AEU_2",NA,0,0.119999999999891,50,"unrelated","individual-duplicate"
"Real 375","a","overlap","TTE0Z7","__union_9",NA,0,0.0600000000004002,31,"unrelated","individual-union"
"Real 375","a","overlap","__union_23","__union_46",NA,0,0,12,"union-union","union-union"
"Real 375","a","overlap","__union_23","WDBGPF",NA,0,0.119999999999891,31,"unrelated","union-individual"
"Real 375","a","overlap","__union_46","WDBGPF",NA,0,0.119999999999891,31,"unrelated","union-individual"
"Real 375","a","overlap","__union_35","C3V2V6",NA,0,28.880000000001,31,"unrelated","union-individual"
"Real 375","a","overlap","__dup_PQX22G_2","__union_41",NA,0,28.8799999999992,31,"unrelated","duplicate-union"
"Real 375","a","overlap","__union_41","ESZ6I3",NA,0,28.880000000001,31,"unrelated","union-individual"
"Real 375","a","overlap","__union_51","__dup_1X40V5_1",NA,0,2.11999999999898,31,"unrelated","union-duplicate"
"Real 375","a","overlap","RJHF0G","__dup_MY1AEU_3",NA,0,0.239999999999782,50,"unrelated","individual-duplicate"
"Real 375","a","overlap","RJHF0G","__union_44",NA,0,10,31,"own-union","individual-union"
"Real 375","a","overlap","RJHF0G","Y7IUMX",NA,0,19.9999999999982,50,"mates","individual-individual"
"Real 375","a","overlap","__dup_MY1AEU_3","__union_44",NA,0,9.76000000000022,31,"unrelated","duplicate-union"
"Real 375","a","overlap","__dup_MY1AEU_3","Y7IUMX",NA,0,19.7599999999984,50,"unrelated","duplicate-individual"
"Real 375","a","overlap","__union_44","Y7IUMX",NA,0,9.99999999999818,31,"own-union","union-individual"
"Real 375","a","overlap","__union_25","UYZ1DD",NA,0,28.880000000001,31,"unrelated","union-individual"
"Real 375","a","overlap","__union_21","__dup_IP1TGT_1",NA,0,2.2400000000016,31,"unrelated","union-duplicate"
"Real 375","a","overlap","__union_103","QP1WMJ",NA,2,30,31,"own-union","union-individual"
"Real 375","a","overlap","__union_113","4U7JTW",NA,2,28.8800000000001,31,"unrelated","union-individual"
"Real 375","a","overlap","WCPXHD","__union_109",NA,2,22.5,31,"unrelated","individual-union"
"Real 375","a","overlap","GBGWZD","__union_121",NA,2,7.5,31,"unrelated","individual-union"
"Real 375","a","overlap","B6IDBA","__union_134",NA,2,22.5,31,"unrelated","individual-union"
"Real 375","a","overlap","__union_135","YPHFHF",NA,2,15,31,"unrelated","union-individual"
"Real 375","a","overlap","YPHFHF","__union_107",NA,2,0,31,"unrelated","individual-union"
"Real 375","a","overlap","__union_116","4CHDK1",NA,2,28.8800000000001,31,"unrelated","union-individual"
"Real 375","a","overlap","__union_128","QL6GH4",NA,2,25,31,"unrelated","union-individual"
"Real 375","a","overlap","QL6GH4","__union_126",NA,2,10.0000000000009,31,"own-union","individual-union"
"Real 375","a","overlap","QL6GH4","3PD3U5",NA,2,20,50,"mates","individual-individual"
"Real 375","a","overlap","__union_126","3PD3U5",NA,2,9.99999999999909,31,"own-union","union-individual"
"Real 375","a","overlap","3PD3U5","__union_122",NA,2,30,31,"unrelated","individual-union"
"Real 375","a","overlap","DMI0QY","__union_124",NA,2,30,31,"unrelated","individual-union"
"Real 375","a","overlap","__dup_KCBMY9_1","__union_105",NA,2,14.8799999999992,31,"unrelated","duplicate-union"
"Real 375","a","overlap","P49ZD1","__union_156",NA,3,30.0600000000004,31,"own-union","individual-union"
"Real 375","a","overlap","__union_156","8THU85",NA,3,30.0599999999999,31,"own-union","union-individual"
"Real 375","a","overlap","__union_166","CSZ177",NA,3,7.5,31,"unrelated","union-individual"
"Real 375","a","overlap","__union_153","KY4G8M",NA,3,28.9399999999996,31,"unrelated","union-individual"
"Real 375","a","overlap","__union_139","__union_154",NA,3,7.5,12,"union-union","union-union"
"Real 375","a","overlap","9JC6RF","__union_144",NA,3,22.5,31,"unrelated","individual-union"
"Real 375","a","overlap","YJXSIZ","__dup_7U5NJD_2",NA,3,0.119999999999891,50,"unrelated","individual-duplicate"
"Real 375","a","overlap","YJXSIZ","__union_149",NA,3,15,31,"unrelated","individual-union"
"Real 375","a","overlap","__dup_7U5NJD_2","__union_149",NA,3,14.8800000000001,31,"unrelated","duplicate-union"
"Real 375","a","overlap","V1X2X3","__union_165",NA,3,0,31,"unrelated","individual-union"
"Real 375","a","overlap","3SG899","__union_146",NA,3,0,31,"unrelated","individual-union"
"Real 375","a","overlap","3SG899","__union_167",NA,3,30,31,"unrelated","individual-union"
"Real 375","a","overlap","__union_142","PUEUBL",NA,3,30,31,"unrelated","union-individual"
"Real 375","a","overlap","__union_151","__dup_M5DJVP_1",NA,3,1.11999999999898,31,"unrelated","union-duplicate"
"Real 375","a","overlap","665C2Y","__union_150",NA,3,30,31,"own-union","individual-union"
"Real 375","a","overlap","__union_150","__dup_KCBMY9_2",NA,3,30,31,"own-union","union-duplicate"
"Real 375","a","overlap","PHCADH","__union_181",NA,4,0,31,"unrelated","individual-union"
"Real 375","a","overlap","__dup_9C6NW8_3","__union_188",NA,4,7.38000000000011,31,"unrelated","duplicate-union"
"Real 375","a","overlap","__union_182","667KL7",NA,4,7.5,31,"unrelated","union-individual"
"Real 375","a","overlap","__union_176","__dup_M5DJVP_2",NA,4,7.6200000000008,31,"unrelated","union-duplicate"
"Real 375","a","overlap","__union_190","__union_196",NA,4,7.5,12,"union-union","union-union"
"Real 375","a","overlap","__union_186","SPHGC9",NA,4,15,31,"unrelated","union-individual"
"Real 375","a","overlap","8GSXTQ","__union_185",NA,4,15,31,"unrelated","individual-union"
"Real 375","a","overlap","__union_173","P844CW",NA,4,15,31,"unrelated","union-individual"
"Real 375","a","overlap","9PDPW7","__union_174",NA,4,0,31,"unrelated","individual-union"
"Real 375","a","overlap","J4ZDIU","__union_193",NA,4,0,31,"unrelated","individual-union"
"Real 375","a","overlap","__union_169","__union_178",NA,4,0,12,"union-union","union-union"
"Real 375","a","overlap","__union_169","4J6BKH",NA,4,30,31,"unrelated","union-individual"
"Real 375","a","overlap","__union_178","4J6BKH",NA,4,30,31,"unrelated","union-individual"
"Real 375","a","overlap","__dup_ELGVC6_1","__union_191",NA,4,28.9399999999987,31,"unrelated","duplicate-union"
"Real 375","a","overlap","62PLX3","__dup_LUPGF8_3",NA,4,0.240000000001601,50,"unrelated","individual-duplicate"
"Real 375","a","overlap","__union_189","B2U6J7",NA,4,0.0600000000013097,31,"unrelated","union-individual"
"Real 375","a","overlap","__union_206","NKNRU0",NA,5,22.5,31,"unrelated","union-individual"
"Real 375","a","overlap","__dup_9JC6RF_1","__union_200",NA,5,22.3799999999997,31,"unrelated","duplicate-union"
"Real 375","a","overlap","__union_207","97D38B",NA,5,7.5,31,"unrelated","union-individual"
"Real 375","a","overlap","__union_198","__union_210",NA,5,7.5,12,"union-union","union-union"
"Real 375","a","overlap","__union_203","__dup_81MJXH_1",NA,5,7.6200000000008,31,"unrelated","union-duplicate"
"Real 375","a","overlap","__union_211","7VEH10",NA,5,30,31,"unrelated","union-individual"
"Real 375","a","overlap","__union_201","7VEH10",NA,5,15,31,"unrelated","union-individual"
"Real 375","a","overlap","__dup_FIL6AB_3","__union_218",NA,5,20.2600000000002,31,"unrelated","duplicate-union"
"Real 375","a","overlap","__union_205","LT00CV",NA,5,7.5,31,"unrelated","union-individual"
"Real 375","a","overlap","GBLFXN","__union_209",NA,5,0,31,"unrelated","individual-union"
"Real 375","a","overlap","__union_223","__dup_7WQYLL_1",NA,6,2.24000000000024,31,"own-union","union-duplicate"
"Real 375","a","overlap","2EQ54B","__dup_LT00CV_1",NA,6,0.1200000000008,50,"unrelated","individual-duplicate"
"Real 375","b","outside-mate-span","__union_11","UYZ1DD","__dup_IP1TGT_1",0,-11.3843333333333,1.51866666666668,"genuine","anchor founder: TRUE"
"Real 375","b","outside-mate-span","__union_48","7U5H8G","__dup_6S4HCB_1",0,-13.7588333333333,1.51766666666666,"genuine","anchor founder: TRUE"
"Real 375","b","outside-mate-span","__union_49","6S4HCB","__dup_I8ABQE_1",0,-1.2505,1.001,"genuine","anchor founder: TRUE"
"Real 375","b","outside-mate-span","__union_65","8LKBV9","__dup_G8EBU9_1",1,1.75,0.25,"genuine","anchor founder: FALSE"
"Real 375","b","outside-mate-span","__union_67","SNHNX6","__dup_RYP77M_1",1,-1.75933333333333,1.51866666666666,"genuine","anchor founder: FALSE"
"Real 375","b","outside-mate-span","__union_70","0GDSV0","__dup_D1WP48_1",1,-19.3755,1.00100000000001,"genuine","anchor founder: FALSE"
"Real 375","b","outside-mate-span","__union_72","KUENM8","__dup_E2D59U_1",1,-12.3208333333333,1.51666666666667,"genuine","anchor founder: FALSE"
"Real 375","b","outside-mate-span","__union_78","JR9GXD","__dup_RYP77M_2",1,-13.3838333333333,1.51766666666666,"genuine","anchor founder: FALSE"
"Real 375","b","outside-mate-span","__union_88","N2JRUE","__dup_RYP77M_3",1,-21.5088333333333,1.51766666666667,"genuine","anchor founder: FALSE"
"Real 375","b","outside-mate-span","__union_90","1SIP4V","__dup_SLN0TF_1",1,0.9995,1.001,"genuine","anchor founder: FALSE"
"Real 375","b","outside-mate-span","__union_92","IM1B5T","__dup_KUENM8_1",1,-2.25933333333333,2.01866666666667,"genuine","anchor founder: FALSE"
"Real 375","b","outside-mate-span","__union_95","37FSQA","__dup_RYP77M_4",1,-12.3838333333333,1.51766666666666,"genuine","anchor founder: FALSE"
"Real 375","b","outside-mate-span","__union_97","KUENM8","__dup_P87V3K_1",1,-19.0583333333333,1.74166666666667,"genuine","anchor founder: FALSE"
"Real 375","b","outside-mate-span","__union_99","D472PY","__dup_D1WP48_2",1,-2.37966666666666,1.25933333333333,"genuine","anchor founder: FALSE"
"Real 375","b","outside-mate-span","__union_101","BYWXJB","__dup_KUENM8_2",1,-3.888,1.776,"genuine","anchor founder: FALSE"
"Real 375","b","outside-mate-span","__union_105","D0CW4E","__dup_7U5NJD_1",2,-13.6255,1.00100000000001,"genuine","anchor founder: FALSE"
"Real 375","b","outside-mate-span","__union_106","GBGWZD","__dup_4U7JTW_1",2,-10.1963333333333,1.51766666666667,"genuine","anchor founder: FALSE"
"Real 375","b","outside-mate-span","__union_108","I2G9D6","__dup_YPHFHF_1",2,-3.50933333333333,1.51866666666666,"genuine","anchor founder: FALSE"
"Real 375","b","outside-mate-span","__union_110","DKDP5B","__dup_BYWXJB_1",2,-10.0005,1.00100000000001,"genuine","anchor founder: FALSE"
"Real 375","b","outside-mate-span","__union_120","8FLD1J","__dup_CAN12C_1",2,16.6156666666667,1.51866666666666,"genuine","anchor founder: FALSE"
"Real 375","b","outside-mate-span","__union_122","WFGRY3","__dup_YPHFHF_2",2,-7.50933333333333,1.51866666666666,"genuine","anchor founder: FALSE"
"Real 375","b","outside-mate-span","__union_124","0B7XRI","__dup_LUPGF8_1",2,-5.75050000000001,1.00100000000001,"genuine","anchor founder: FALSE"
"Real 375","b","off-centre","__union_125","FJIB3R","__dup_8LKBV9_1",2,-0.1255,1.001,"genuine","anchor founder: FALSE"
"Real 375","b","outside-mate-span","__union_128","DWFFZL","__dup_1W4GNT_1",2,14.6161666666667,1.51766666666667,"genuine","anchor founder: FALSE"
"Real 375","b","outside-mate-span","__union_136","DKMJ2Z","__dup_R4V1JU_1",2,-26.4468333333333,1.51866666666668,"genuine","anchor founder: FALSE"
"Real 375","b","outside-mate-span","__union_141","6WG3MZ","__dup_7U5NJD_2",3,1.9995,1.001,"genuine","anchor founder: FALSE"
"Real 375","b","outside-mate-span","__union_142","45YQV5","__dup_M5DJVP_1",3,-3.12966666666666,0.759333333333325,"genuine","anchor founder: FALSE"
"Real 375","b","outside-mate-span","__union_144","SXWVRI","__dup_4U7JTW_2",3,-23.3213333333333,1.51766666666666,"genuine","anchor founder: FALSE"
"Real 375","b","outside-mate-span","__union_149","IRSC6X","__dup_RYP77M_5",3,-11.8755,1.00100000000001,"genuine","anchor founder: FALSE"
"Real 375","b","outside-mate-span","__union_154","PUEUBL","__dup_Q00PB1_1",3,-29.6875,1.5,"genuine","anchor founder: FALSE"
"Real 375","b","outside-mate-span","__union_157","BT0V1U","__dup_H16EC4_1",3,-7.75050000000001,1.00100000000001,"genuine","anchor founder: FALSE"
"Real 375","b","outside-mate-span","__union_159","HPGUPS","__dup_KUENM8_3",3,11.7495,1.001,"genuine","anchor founder: FALSE"
"Real 375","b","outside-mate-span","__union_160","73Z6NI","__dup_SLN0TF_2",3,-12.0713333333333,1.51766666666667,"genuine","anchor founder: FALSE"
"Real 375","b","outside-mate-span","__union_162","665C2Y","__dup_1Y8P15_1",3,-20.5041666666667,2.50833333333333,"genuine","anchor founder: FALSE"
"Real 375","b","outside-mate-span","__union_170","QQ24T8","__dup_JE4WD7_1",4,-25.813,1.00100000000001,"genuine","anchor founder: FALSE"
"Real 375","b","outside-mate-span","__union_173","667KL7","__dup_M5DJVP_2",4,16.6245,1.00100000000001,"genuine","anchor founder: FALSE"
"Real 375","b","outside-mate-span","__union_174","HV7LZ3","__dup_ELGVC6_1",4,-12.1296666666667,1.25933333333334,"genuine","anchor founder: FALSE"
"Real 375","b","outside-mate-span","__union_178","2HE8W4","__dup_LUPGF8_2",4,-11.5,1.5,"genuine","anchor founder: FALSE"
"Real 375","b","outside-mate-span","__union_180","HV7LZ3","__dup_LUPGF8_3",4,-9.50100000000001,2.00200000000001,"genuine","anchor founder: FALSE"
"Real 375","b","outside-mate-span","__union_187","ZMMIM4","__dup_DKMJ2Z_1",4,8.3745,1.00100000000001,"genuine","anchor founder: FALSE"
"Real 375","b","outside-mate-span","__union_190","T5S3BR","__dup_YPHFHF_3",4,4.6245,1.00100000000001,"genuine","anchor founder: FALSE"
"Real 375","b","outside-mate-span","__union_193","E06FRB","__dup_LUPGF8_4",4,-8.12966666666668,1.25933333333334,"genuine","anchor founder: FALSE"
"Real 375","b","outside-mate-span","__union_194","PHCADH","__dup_L07M06_1",4,18.3125,1.5,"genuine","anchor founder: FALSE"
"Real 375","b","outside-mate-span","__union_197","NKNRU0","__dup_9JC6RF_1",5,5.9995,1.001,"genuine","anchor founder: FALSE"
"Real 375","b","outside-mate-span","__union_200","KXZE07","__dup_SPHGC9_1",5,12.3031666666667,1.51866666666667,"genuine","anchor founder: FALSE"
"Real 375","b","outside-mate-span","__union_201","23T5N2","__dup_8GSXTQ_1",5,7.6245,1.00100000000001,"genuine","anchor founder: FALSE"
"Real 375","b","outside-mate-span","__union_204","SBKELE","__dup_FIL6AB_1",5,-27.313,1.00100000000001,"genuine","anchor founder: FALSE"
"Real 375","b","outside-mate-span","__union_205","W37STC","__dup_FIL6AB_2",5,-31.3213333333333,1.51766666666667,"genuine","anchor founder: FALSE"
"Real 375","b","outside-mate-span","__union_207","95XZY9","__dup_FIL6AB_3",5,-12.5718333333333,1.51866666666666,"genuine","anchor founder: FALSE"
"Real 375","b","outside-mate-span","__union_209","YY7782","__dup_ED5PDV_1",5,-18.2593333333333,1.51866666666668,"genuine","anchor founder: FALSE"
"Real 375","b","outside-mate-span","__union_210","4R7L88","__dup_F5M8IL_1",5,-14.063,1.001,"genuine","anchor founder: FALSE"
"Real 375","b","outside-mate-span","__union_217","97D38B","__dup_81MJXH_1",5,13.1245,1.00100000000001,"genuine","anchor founder: FALSE"
"Real 375","b","outside-mate-span","__union_221","H6GMER","__dup_LT00CV_1",6,-14.2505,1.00100000000001,"genuine","anchor founder: FALSE"
"Real 375","b","on-a-mate","__union_223","0HV868","__dup_7WQYLL_1",6,0.740666666666668,1.51866666666667,"genuine","anchor founder: FALSE"
"Real 375","b","outside-mate-span","__union_224","J1SX9Q","__dup_7WQYLL_2",6,-6.69633333333334,1.51766666666667,"genuine","anchor founder: FALSE"
"Real 375","b","outside-mate-span","__union_227","T8EB3B","__dup_8GSXTQ_2",6,12.812,1.001,"genuine","anchor founder: FALSE"
"Real 375","b","outside-mate-span","__union_233","E01N02","__dup_A7YLIQ_1",6,15.5536666666667,1.51766666666667,"genuine","anchor founder: FALSE"
"Real 375","b","outside-mate-span","__union_236","WW4JIT","__dup_HH66K6_1",7,21.3661666666667,1.51766666666667,"genuine","anchor founder: FALSE"
"Real 375","b","outside-mate-span","__union_237","0IG0ZS","__dup_RK53PX_1",7,-8.7505,1.00100000000001,"genuine","anchor founder: FALSE"
"Real 375","c","c-curved-chord","IP1TGT","__dup_IP1TGT_1","9A1LWF",0,NA,NA,NA,"individual-duplicate-individual"
"Real 375","c","c-curved-chord","IP1TGT","__dup_IP1TGT_1","Y7IUMX",0,NA,NA,NA,"individual-duplicate-individual"
"Real 375","c","c-curved-chord","IP1TGT","__dup_IP1TGT_1","PQX22G",0,NA,NA,NA,"individual-duplicate-individual"
"Real 375","c","c-curved-chord","IP1TGT","__dup_IP1TGT_1","5A6DFT",0,NA,NA,NA,"individual-duplicate-individual"
"Real 375","c","c-curved-chord","IP1TGT","__dup_IP1TGT_1","TTE0Z7",0,NA,NA,NA,"individual-duplicate-individual"
"Real 375","c","c-curved-chord","IP1TGT","__dup_IP1TGT_1","97Y192",0,NA,NA,NA,"individual-duplicate-individual"
"Real 375","c","c-curved-chord","IP1TGT","__dup_IP1TGT_1","TUILLQ",0,NA,NA,NA,"individual-duplicate-individual"
"Real 375","c","c-curved-chord","IP1TGT","__dup_IP1TGT_1","CBLNYE",0,NA,NA,NA,"individual-duplicate-individual"
"Real 375","c","c-curved-chord","IP1TGT","__dup_IP1TGT_1","B948B1",0,NA,NA,NA,"individual-duplicate-individual"
"Real 375","c","c-curved-chord","IP1TGT","__dup_IP1TGT_1","1X40V5",0,NA,NA,NA,"individual-duplicate-individual"
"Real 375","c","c-curved-chord","IP1TGT","__dup_IP1TGT_1","WDBGPF",0,NA,NA,NA,"individual-duplicate-individual"
"Real 375","c","c-curved-chord","IP1TGT","__dup_IP1TGT_1","C3V2V6",0,NA,NA,NA,"individual-duplicate-individual"
"Real 375","c","c-curved-chord","IP1TGT","__dup_IP1TGT_1","ESZ6I3",0,NA,NA,NA,"individual-duplicate-individual"
"Real 375","c","c-curved-chord","IP1TGT","__dup_IP1TGT_1","RJHF0G",0,NA,NA,NA,"individual-duplicate-individual"
"Real 375","c","c-curved-chord","IP1TGT","__dup_IP1TGT_1","8ZK9LV",0,NA,NA,NA,"individual-duplicate-individual"
"Real 375","c","c-curved-chord","IP1TGT","__dup_IP1TGT_1","3XP1ZD",0,NA,NA,NA,"individual-duplicate-individual"
"Real 375","c","c-curved-chord","IP1TGT","__dup_IP1TGT_1","28XSME",0,NA,NA,NA,"individual-duplicate-individual"
"Real 375","c","c-curved-chord","IP1TGT","__dup_IP1TGT_1","7U5H8G",0,NA,NA,NA,"individual-duplicate-individual"
"Real 375","c","c-curved-chord","IP1TGT","__dup_IP1TGT_1","HCY8QM",0,NA,NA,NA,"individual-duplicate-individual"
"Real 375","c","c-curved-chord","IP1TGT","__dup_IP1TGT_1","LWV138",0,NA,NA,NA,"individual-duplicate-individual"
"Real 375","c","c-curved-chord","IP1TGT","__dup_IP1TGT_1","R3BBV1",0,NA,NA,NA,"individual-duplicate-individual"
"Real 375","c","c-curved-chord","IP1TGT","__dup_IP1TGT_1","UYZ1DD",0,NA,NA,NA,"individual-duplicate-individual"
"Real 375","c","c-curved-chord","IP1TGT","__dup_IP1TGT_1","UUNQ4J",0,NA,NA,NA,"individual-duplicate-individual"
"Real 375","c","c-curved-chord","IP1TGT","__dup_IP1TGT_1","__dup_7NBKWE_2",0,NA,NA,NA,"individual-duplicate-duplicate"
"Real 375","c","c-curved-chord","IP1TGT","__dup_IP1TGT_1","__dup_PQX22G_2",0,NA,NA,NA,"individual-duplicate-duplicate"
"Real 375","c","c-curved-chord","IP1TGT","__dup_IP1TGT_1","__dup_1X40V5_1",0,NA,NA,NA,"individual-duplicate-duplicate"
"Real 375","c","c-curved-chord","IP1TGT","__dup_IP1TGT_1","__dup_6S4HCB_1",0,NA,NA,NA,"individual-duplicate-duplicate"
"Real 375","c","c-curved-chord","IP1TGT","__dup_IP1TGT_1","__dup_MY1AEU_3",0,NA,NA,NA,"individual-duplicate-duplicate"
"Real 375","c","c-curved-chord","IP1TGT","__dup_IP1TGT_1","__union_9",0,NA,NA,NA,"individual-duplicate-union"
"Real 375","c","c-curved-chord","IP1TGT","__dup_IP1TGT_1","__union_11",0,NA,NA,NA,"individual-duplicate-union"
"Real 375","c","c-curved-chord","IP1TGT","__dup_IP1TGT_1","__union_12",0,NA,NA,NA,"individual-duplicate-union"
"Real 375","c","c-curved-chord","IP1TGT","__dup_IP1TGT_1","__union_15",0,NA,NA,NA,"individual-duplicate-union"
"Real 375","c","c-curved-chord","IP1TGT","__dup_IP1TGT_1","__union_19",0,NA,NA,NA,"individual-duplicate-union"
"Real 375","c","c-curved-chord","IP1TGT","__dup_IP1TGT_1","__union_21",0,NA,NA,NA,"individual-duplicate-union"
"Real 375","c","c-curved-chord","IP1TGT","__dup_IP1TGT_1","__union_22",0,NA,NA,NA,"individual-duplicate-union"
"Real 375","c","c-curved-chord","IP1TGT","__dup_IP1TGT_1","__union_23",0,NA,NA,NA,"individual-duplicate-union"
"Real 375","c","c-curved-chord","IP1TGT","__dup_IP1TGT_1","__union_25",0,NA,NA,NA,"individual-duplicate-union"
"Real 375","c","c-curved-chord","IP1TGT","__dup_IP1TGT_1","__union_26",0,NA,NA,NA,"individual-duplicate-union"
"Real 375","c","c-curved-chord","IP1TGT","__dup_IP1TGT_1","__union_35",0,NA,NA,NA,"individual-duplicate-union"
"Real 375","c","c-curved-chord","IP1TGT","__dup_IP1TGT_1","__union_41",0,NA,NA,NA,"individual-duplicate-union"
"Real 375","c","c-curved-chord","IP1TGT","__dup_IP1TGT_1","__union_44",0,NA,NA,NA,"individual-duplicate-union"
"Real 375","c","c-curved-chord","IP1TGT","__dup_IP1TGT_1","__union_46",0,NA,NA,NA,"individual-duplicate-union"
"Real 375","c","c-curved-chord","IP1TGT","__dup_IP1TGT_1","__union_51",0,NA,NA,NA,"individual-duplicate-union"
"Real 375","c","c-curved-chord","__dup_WDBGPF_1","WDBGPF","CMJQGU",0,NA,NA,NA,"duplicate-individual-individual"
"Real 375","c","c-curved-chord","__dup_WDBGPF_1","WDBGPF","TTE0Z7",0,NA,NA,NA,"duplicate-individual-individual"
"Real 375","c","c-curved-chord","__dup_WDBGPF_1","WDBGPF","D8FYZV",0,NA,NA,NA,"duplicate-individual-individual"
"Real 375","c","c-curved-chord","__dup_WDBGPF_1","WDBGPF","YCVRXE",0,NA,NA,NA,"duplicate-individual-individual"
"Real 375","c","c-curved-chord","__dup_WDBGPF_1","WDBGPF","ZK6NM2",0,NA,NA,NA,"duplicate-individual-individual"
"Real 375","c","c-curved-chord","__dup_WDBGPF_1","WDBGPF","IP1TGT",0,NA,NA,NA,"duplicate-individual-individual"
"Real 375","c","c-curved-chord","__dup_WDBGPF_1","WDBGPF","ULQFEZ",0,NA,NA,NA,"duplicate-individual-individual"
"Real 375","c","c-curved-chord","__dup_WDBGPF_1","WDBGPF","__dup_MY1AEU_2",0,NA,NA,NA,"duplicate-individual-duplicate"
"Real 375","c","c-curved-chord","__dup_WDBGPF_1","WDBGPF","__union_9",0,NA,NA,NA,"duplicate-individual-union"
"Real 375","c","c-curved-chord","__dup_WDBGPF_1","WDBGPF","__union_23",0,NA,NA,NA,"duplicate-individual-union"
"Real 375","c","c-curved-chord","__dup_WDBGPF_1","WDBGPF","__union_45",0,NA,NA,NA,"duplicate-individual-union"
"Real 375","c","c-curved-chord","__dup_WDBGPF_1","WDBGPF","__union_46",0,NA,NA,NA,"duplicate-individual-union"
"Real 375","c","c-curved-chord","__dup_WDBGPF_1","WDBGPF","__union_48",0,NA,NA,NA,"duplicate-individual-union"
"Real 375","c","c-curved-chord","__dup_WDBGPF_1","WDBGPF","__union_50",0,NA,NA,NA,"duplicate-individual-union"
"Real 375","c","c-curved-chord","__dup_L31S6S_1","L31S6S","HDJ52R",0,NA,NA,NA,"duplicate-individual-individual"
"Real 375","c","c-curved-chord","__dup_L31S6S_1","L31S6S","P87V3K",0,NA,NA,NA,"duplicate-individual-individual"
"Real 375","c","c-curved-chord","__dup_L31S6S_1","L31S6S","C3IFT0",0,NA,NA,NA,"duplicate-individual-individual"
"Real 375","c","c-curved-chord","__dup_L31S6S_1","L31S6S","RKBTHH",0,NA,NA,NA,"duplicate-individual-individual"
"Real 375","c","c-curved-chord","__dup_L31S6S_1","L31S6S","EZ97J5",0,NA,NA,NA,"duplicate-individual-individual"
"Real 375","c","c-curved-chord","__dup_L31S6S_1","L31S6S","BZ8K78",0,NA,NA,NA,"duplicate-individual-individual"
"Real 375","c","c-curved-chord","__dup_L31S6S_1","L31S6S","Q8MRCZ",0,NA,NA,NA,"duplicate-individual-individual"
"Real 375","c","c-curved-chord","__dup_L31S6S_1","L31S6S","8DKELJ",0,NA,NA,NA,"duplicate-individual-individual"
"Real 375","c","c-curved-chord","__dup_L31S6S_1","L31S6S","LVS6QV",0,NA,NA,NA,"duplicate-individual-individual"
"Real 375","c","c-curved-chord","__dup_L31S6S_1","L31S6S","IYYFP6",0,NA,NA,NA,"duplicate-individual-individual"
"Real 375","c","c-curved-chord","__dup_L31S6S_1","L31S6S","G8EBU9",0,NA,NA,NA,"duplicate-individual-individual"
"Real 375","c","c-curved-chord","__dup_L31S6S_1","L31S6S","C1BAND",0,NA,NA,NA,"duplicate-individual-individual"
"Real 375","c","c-curved-chord","__dup_L31S6S_1","L31S6S","E2D59U",0,NA,NA,NA,"duplicate-individual-individual"
"Real 375","c","c-curved-chord","__dup_L31S6S_1","L31S6S","LVP52A",0,NA,NA,NA,"duplicate-individual-individual"
"Real 375","c","c-curved-chord","__dup_L31S6S_1","L31S6S","KWKJXQ",0,NA,NA,NA,"duplicate-individual-individual"
"Real 375","c","c-curved-chord","__dup_L31S6S_1","L31S6S","1ZERVB",0,NA,NA,NA,"duplicate-individual-individual"
"Real 375","c","c-curved-chord","__dup_L31S6S_1","L31S6S","YAV1NW",0,NA,NA,NA,"duplicate-individual-individual"
"Real 375","c","c-curved-chord","__dup_L31S6S_1","L31S6S","MY1AEU",0,NA,NA,NA,"duplicate-individual-individual"
"Real 375","c","c-curved-chord","__dup_L31S6S_1","L31S6S","C6E1D9",0,NA,NA,NA,"duplicate-individual-individual"
"Real 375","c","c-curved-chord","__dup_L31S6S_1","L31S6S","7NBKWE",0,NA,NA,NA,"duplicate-individual-individual"
"Real 375","c","c-curved-chord","__dup_L31S6S_1","L31S6S","UCXEK5",0,NA,NA,NA,"duplicate-individual-individual"
"Real 375","c","c-curved-chord","__dup_L31S6S_1","L31S6S","UTU9S7",0,NA,NA,NA,"duplicate-individual-individual"
"Real 375","c","c-curved-chord","__dup_L31S6S_1","L31S6S","__dup_QWUKUY_1",0,NA,NA,NA,"duplicate-individual-duplicate"
"Real 375","c","c-curved-chord","__dup_L31S6S_1","L31S6S","__dup_7NBKWE_1",0,NA,NA,NA,"duplicate-individual-duplicate"
"Real 375","c","c-curved-chord","__dup_L31S6S_1","L31S6S","__dup_5A6DFT_1",0,NA,NA,NA,"duplicate-individual-duplicate"
"Real 375","c","c-curved-chord","__dup_L31S6S_1","L31S6S","__dup_WDBGPF_2",0,NA,NA,NA,"duplicate-individual-duplicate"
"Real 375","c","c-curved-chord","__dup_L31S6S_1","L31S6S","__dup_BZ8K78_1",0,NA,NA,NA,"duplicate-individual-duplicate"
"Real 375","c","c-curved-chord","__dup_L31S6S_1","L31S6S","__dup_QWUKUY_2",0,NA,NA,NA,"duplicate-individual-duplicate"
"Real 375","c","c-curved-chord","__dup_L31S6S_1","L31S6S","__dup_MY1AEU_1",0,NA,NA,NA,"duplicate-individual-duplicate"
"Real 375","c","c-curved-chord","__dup_L31S6S_1","L31S6S","__union_8",0,NA,NA,NA,"duplicate-individual-union"
"Real 375","c","c-curved-chord","__dup_L31S6S_1","L31S6S","__union_10",0,NA,NA,NA,"duplicate-individual-union"
"Real 375","c","c-curved-chord","__dup_L31S6S_1","L31S6S","__union_14",0,NA,NA,NA,"duplicate-individual-union"
"Real 375","c","c-curved-chord","__dup_L31S6S_1","L31S6S","__union_18",0,NA,NA,NA,"duplicate-individual-union"
"Real 375","c","c-curved-chord","__dup_L31S6S_1","L31S6S","__union_20",0,NA,NA,NA,"duplicate-individual-union"
"Real 375","c","c-curved-chord","__dup_L31S6S_1","L31S6S","__union_24",0,NA,NA,NA,"duplicate-individual-union"
"Real 375","c","c-curved-chord","__dup_L31S6S_1","L31S6S","__union_29",0,NA,NA,NA,"duplicate-individual-union"
"Real 375","c","c-curved-chord","__dup_L31S6S_1","L31S6S","__union_30",0,NA,NA,NA,"duplicate-individual-union"
"Real 375","c","c-curved-chord","__dup_L31S6S_1","L31S6S","__union_36",0,NA,NA,NA,"duplicate-individual-union"
"Real 375","c","c-curved-chord","__dup_L31S6S_1","L31S6S","__union_37",0,NA,NA,NA,"duplicate-individual-union"
"Real 375","c","c-curved-chord","__dup_L31S6S_1","L31S6S","__union_39",0,NA,NA,NA,"duplicate-individual-union"
"Real 375","c","c-curved-chord","__dup_L31S6S_1","L31S6S","__union_40",0,NA,NA,NA,"duplicate-individual-union"
"Real 375","c","c-curved-chord","__dup_L31S6S_1","L31S6S","__union_42",0,NA,NA,NA,"duplicate-individual-union"
"Real 375","c","c-curved-chord","__dup_L31S6S_1","L31S6S","__union_43",0,NA,NA,NA,"duplicate-individual-union"
"Real 375","c","c-curved-chord","__dup_L31S6S_1","L31S6S","__union_47",0,NA,NA,NA,"duplicate-individual-union"
"Real 375","c","c-curved-chord","__dup_L31S6S_1","L31S6S","__union_55",0,NA,NA,NA,"duplicate-individual-union"
"Real 375","c","c-curved-chord","__dup_L31S6S_1","L31S6S","__union_56",0,NA,NA,NA,"duplicate-individual-union"
"Real 375","c","c-curved-chord","__dup_QWUKUY_1","QWUKUY","KWKJXQ",0,NA,NA,NA,"duplicate-individual-individual"
"Real 375","c","c-curved-chord","__dup_QWUKUY_1","QWUKUY","1ZERVB",0,NA,NA,NA,"duplicate-individual-individual"
"Real 375","c","c-curved-chord","__dup_QWUKUY_1","QWUKUY","MTSHHY",0,NA,NA,NA,"duplicate-individual-individual"
"Real 375","c","c-curved-chord","__dup_QWUKUY_1","QWUKUY","4EEKV7",0,NA,NA,NA,"duplicate-individual-individual"
"Real 375","c","c-curved-chord","__dup_QWUKUY_1","QWUKUY","WUPTU8",0,NA,NA,NA,"duplicate-individual-individual"
"Real 375","c","c-curved-chord","__dup_QWUKUY_1","QWUKUY","BM40IX",0,NA,NA,NA,"duplicate-individual-individual"
"Real 375","c","c-curved-chord","__dup_QWUKUY_1","QWUKUY","A3A34I",0,NA,NA,NA,"duplicate-individual-individual"
"Real 375","c","c-curved-chord","__dup_QWUKUY_1","QWUKUY","DPUHBA",0,NA,NA,NA,"duplicate-individual-individual"
"Real 375","c","c-curved-chord","__dup_QWUKUY_1","QWUKUY","L2I39Y",0,NA,NA,NA,"duplicate-individual-individual"
"Real 375","c","c-curved-chord","__dup_QWUKUY_1","QWUKUY","NPYENA",0,NA,NA,NA,"duplicate-individual-individual"
"Real 375","c","c-curved-chord","__dup_QWUKUY_1","QWUKUY","KXU1ZH",0,NA,NA,NA,"duplicate-individual-individual"
"Real 375","c","c-curved-chord","__dup_QWUKUY_1","QWUKUY","0FKJ81",0,NA,NA,NA,"duplicate-individual-individual"
"Real 375","c","c-curved-chord","__dup_QWUKUY_1","QWUKUY","I8ABQE",0,NA,NA,NA,"duplicate-individual-individual"
"Real 375","c","c-curved-chord","__dup_QWUKUY_1","QWUKUY","6S4HCB",0,NA,NA,NA,"duplicate-individual-individual"
"Real 375","c","c-curved-chord","__dup_QWUKUY_1","QWUKUY","5GQC24",0,NA,NA,NA,"duplicate-individual-individual"
"Real 375","c","c-curved-chord","__dup_QWUKUY_1","QWUKUY","BD7MNF",0,NA,NA,NA,"duplicate-individual-individual"
"Real 375","c","c-curved-chord","__dup_QWUKUY_1","QWUKUY","FG9RYY",0,NA,NA,NA,"duplicate-individual-individual"
"Real 375","c","c-curved-chord","__dup_QWUKUY_1","QWUKUY","BJ4J7G",0,NA,NA,NA,"duplicate-individual-individual"
"Real 375","c","c-curved-chord","__dup_QWUKUY_1","QWUKUY","C2YD43",0,NA,NA,NA,"duplicate-individual-individual"
"Real 375","c","c-curved-chord","__dup_QWUKUY_1","QWUKUY","AE08C8",0,NA,NA,NA,"duplicate-individual-individual"
"Real 375","c","c-curved-chord","__dup_QWUKUY_1","QWUKUY","IX0KKP",0,NA,NA,NA,"duplicate-individual-individual"
"Real 375","c","c-curved-chord","__dup_QWUKUY_1","QWUKUY","RD3WB2",0,NA,NA,NA,"duplicate-individual-individual"
"Real 375","c","c-curved-chord","__dup_QWUKUY_1","QWUKUY","L31S6S",0,NA,NA,NA,"duplicate-individual-individual"
"Real 375","c","c-curved-chord","__dup_QWUKUY_1","QWUKUY","UZCIN5",0,NA,NA,NA,"duplicate-individual-individual"
"Real 375","c","c-curved-chord","__dup_QWUKUY_1","QWUKUY","__dup_7NBKWE_1",0,NA,NA,NA,"duplicate-individual-duplicate"
"Real 375","c","c-curved-chord","__dup_QWUKUY_1","QWUKUY","__dup_L31S6S_2",0,NA,NA,NA,"duplicate-individual-duplicate"
"Real 375","c","c-curved-chord","__dup_QWUKUY_1","QWUKUY","__dup_PQX22G_1",0,NA,NA,NA,"duplicate-individual-duplicate"
"Real 375","c","c-curved-chord","__dup_QWUKUY_1","QWUKUY","__dup_5A6DFT_2",0,NA,NA,NA,"duplicate-individual-duplicate"
"Real 375","c","c-curved-chord","__dup_QWUKUY_1","QWUKUY","__dup_I8ABQE_1",0,NA,NA,NA,"duplicate-individual-duplicate"
"Real 375","c","c-curved-chord","__dup_QWUKUY_1","QWUKUY","__dup_28XSME_1",0,NA,NA,NA,"duplicate-individual-duplicate"
"Real 375","c","c-curved-chord","__dup_QWUKUY_1","QWUKUY","__dup_RD3WB2_1",0,NA,NA,NA,"duplicate-individual-duplicate"
"Real 375","c","c-curved-chord","__dup_QWUKUY_1","QWUKUY","__dup_5A6DFT_3",0,NA,NA,NA,"duplicate-individual-duplicate"
"Real 375","c","c-curved-chord","__dup_QWUKUY_1","QWUKUY","__union_10",0,NA,NA,NA,"duplicate-individual-union"
"Real 375","c","c-curved-chord","__dup_QWUKUY_1","QWUKUY","__union_13",0,NA,NA,NA,"duplicate-individual-union"
"Real 375","c","c-curved-chord","__dup_QWUKUY_1","QWUKUY","__union_16",0,NA,NA,NA,"duplicate-individual-union"
"Real 375","c","c-curved-chord","__dup_QWUKUY_1","QWUKUY","__union_24",0,NA,NA,NA,"duplicate-individual-union"
"Real 375","c","c-curved-chord","__dup_QWUKUY_1","QWUKUY","__union_27",0,NA,NA,NA,"duplicate-individual-union"
"Real 375","c","c-curved-chord","__dup_QWUKUY_1","QWUKUY","__union_28",0,NA,NA,NA,"duplicate-individual-union"
"Real 375","c","c-curved-chord","__dup_QWUKUY_1","QWUKUY","__union_31",0,NA,NA,NA,"duplicate-individual-union"
"Real 375","c","c-curved-chord","__dup_QWUKUY_1","QWUKUY","__union_32",0,NA,NA,NA,"duplicate-individual-union"
"Real 375","c","c-curved-chord","__dup_QWUKUY_1","QWUKUY","__union_33",0,NA,NA,NA,"duplicate-individual-union"
"Real 375","c","c-curved-chord","__dup_QWUKUY_1","QWUKUY","__union_34",0,NA,NA,NA,"duplicate-individual-union"
"Real 375","c","c-curved-chord","__dup_QWUKUY_1","QWUKUY","__union_38",0,NA,NA,NA,"duplicate-individual-union"
"Real 375","c","c-curved-chord","__dup_QWUKUY_1","QWUKUY","__union_49",0,NA,NA,NA,"duplicate-individual-union"
"Real 375","c","c-curved-chord","__dup_QWUKUY_1","QWUKUY","__union_52",0,NA,NA,NA,"duplicate-individual-union"
"Real 375","c","c-curved-chord","__dup_QWUKUY_1","QWUKUY","__union_53",0,NA,NA,NA,"duplicate-individual-union"
"Real 375","c","c-curved-chord","__dup_QWUKUY_1","QWUKUY","__union_54",0,NA,NA,NA,"duplicate-individual-union"
"Real 375","c","c-curved-chord","__dup_QWUKUY_1","QWUKUY","__union_55",0,NA,NA,NA,"duplicate-individual-union"
"Real 375","c","c-curved-chord","__dup_QWUKUY_1","QWUKUY","__union_57",0,NA,NA,NA,"duplicate-individual-union"
"Real 375","c","c-curved-chord","__dup_QWUKUY_1","QWUKUY","__union_58",0,NA,NA,NA,"duplicate-individual-union"
"Real 375","c","c-curved-chord","7NBKWE","__dup_7NBKWE_1","C3IFT0",0,NA,NA,NA,"individual-duplicate-individual"
"Real 375","c","c-curved-chord","7NBKWE","__dup_7NBKWE_1","RKBTHH",0,NA,NA,NA,"individual-duplicate-individual"
"Real 375","c","c-curved-chord","7NBKWE","__dup_7NBKWE_1","EZ97J5",0,NA,NA,NA,"individual-duplicate-individual"
"Real 375","c","c-curved-chord","7NBKWE","__dup_7NBKWE_1","BZ8K78",0,NA,NA,NA,"individual-duplicate-individual"
"Real 375","c","c-curved-chord","7NBKWE","__dup_7NBKWE_1","Q8MRCZ",0,NA,NA,NA,"individual-duplicate-individual"
"Real 375","c","c-curved-chord","7NBKWE","__dup_7NBKWE_1","8DKELJ",0,NA,NA,NA,"individual-duplicate-individual"
"Real 375","c","c-curved-chord","7NBKWE","__dup_7NBKWE_1","LVS6QV",0,NA,NA,NA,"individual-duplicate-individual"
"Real 375","c","c-curved-chord","7NBKWE","__dup_7NBKWE_1","IYYFP6",0,NA,NA,NA,"individual-duplicate-individual"
"Real 375","c","c-curved-chord","7NBKWE","__dup_7NBKWE_1","G8EBU9",0,NA,NA,NA,"individual-duplicate-individual"
"Real 375","c","c-curved-chord","7NBKWE","__dup_7NBKWE_1","C1BAND",0,NA,NA,NA,"individual-duplicate-individual"
"Real 375","c","c-curved-chord","7NBKWE","__dup_7NBKWE_1","E2D59U",0,NA,NA,NA,"individual-duplicate-individual"
"Real 375","c","c-curved-chord","7NBKWE","__dup_7NBKWE_1","LVP52A",0,NA,NA,NA,"individual-duplicate-individual"
"Real 375","c","c-curved-chord","7NBKWE","__dup_7NBKWE_1","KWKJXQ",0,NA,NA,NA,"individual-duplicate-individual"
"Real 375","c","c-curved-chord","7NBKWE","__dup_7NBKWE_1","YAV1NW",0,NA,NA,NA,"individual-duplicate-individual"
"Real 375","c","c-curved-chord","7NBKWE","__dup_7NBKWE_1","MY1AEU",0,NA,NA,NA,"individual-duplicate-individual"
"Real 375","c","c-curved-chord","7NBKWE","__dup_7NBKWE_1","C6E1D9",0,NA,NA,NA,"individual-duplicate-individual"
"Real 375","c","c-curved-chord","7NBKWE","__dup_7NBKWE_1","UTU9S7",0,NA,NA,NA,"individual-duplicate-individual"
"Real 375","c","c-curved-chord","7NBKWE","__dup_7NBKWE_1","__dup_QWUKUY_1",0,NA,NA,NA,"individual-duplicate-duplicate"
"Real 375","c","c-curved-chord","7NBKWE","__dup_7NBKWE_1","__dup_5A6DFT_1",0,NA,NA,NA,"individual-duplicate-duplicate"
"Real 375","c","c-curved-chord","7NBKWE","__dup_7NBKWE_1","__dup_WDBGPF_2",0,NA,NA,NA,"individual-duplicate-duplicate"
"Real 375","c","c-curved-chord","7NBKWE","__dup_7NBKWE_1","__dup_BZ8K78_1",0,NA,NA,NA,"individual-duplicate-duplicate"
"Real 375","c","c-curved-chord","7NBKWE","__dup_7NBKWE_1","__dup_QWUKUY_2",0,NA,NA,NA,"individual-duplicate-duplicate"
"Real 375","c","c-curved-chord","7NBKWE","__dup_7NBKWE_1","__dup_MY1AEU_1",0,NA,NA,NA,"individual-duplicate-duplicate"
"Real 375","c","c-curved-chord","7NBKWE","__dup_7NBKWE_1","__union_8",0,NA,NA,NA,"individual-duplicate-union"
"Real 375","c","c-curved-chord","7NBKWE","__dup_7NBKWE_1","__union_20",0,NA,NA,NA,"individual-duplicate-union"
"Real 375","c","c-curved-chord","7NBKWE","__dup_7NBKWE_1","__union_24",0,NA,NA,NA,"individual-duplicate-union"
"Real 375","c","c-curved-chord","7NBKWE","__dup_7NBKWE_1","__union_29",0,NA,NA,NA,"individual-duplicate-union"
"Real 375","c","c-curved-chord","7NBKWE","__dup_7NBKWE_1","__union_30",0,NA,NA,NA,"individual-duplicate-union"
"Real 375","c","c-curved-chord","7NBKWE","__dup_7NBKWE_1","__union_36",0,NA,NA,NA,"individual-duplicate-union"
"Real 375","c","c-curved-chord","7NBKWE","__dup_7NBKWE_1","__union_37",0,NA,NA,NA,"individual-duplicate-union"
"Real 375","c","c-curved-chord","7NBKWE","__dup_7NBKWE_1","__union_40",0,NA,NA,NA,"individual-duplicate-union"
"Real 375","c","c-curved-chord","7NBKWE","__dup_7NBKWE_1","__union_42",0,NA,NA,NA,"individual-duplicate-union"
"Real 375","c","c-curved-chord","7NBKWE","__dup_7NBKWE_1","__union_43",0,NA,NA,NA,"individual-duplicate-union"
"Real 375","c","c-curved-chord","7NBKWE","__dup_7NBKWE_1","__union_56",0,NA,NA,NA,"individual-duplicate-union"
"Real 375","c","c-curved-chord","7NBKWE","__dup_7NBKWE_2","CMJQGU",0,NA,NA,NA,"individual-duplicate-individual"
"Real 375","c","c-curved-chord","7NBKWE","__dup_7NBKWE_2","C3IFT0",0,NA,NA,NA,"individual-duplicate-individual"
"Real 375","c","c-curved-chord","7NBKWE","__dup_7NBKWE_2","RKBTHH",0,NA,NA,NA,"individual-duplicate-individual"
"Real 375","c","c-curved-chord","7NBKWE","__dup_7NBKWE_2","EZ97J5",0,NA,NA,NA,"individual-duplicate-individual"
"Real 375","c","c-curved-chord","7NBKWE","__dup_7NBKWE_2","9A1LWF",0,NA,NA,NA,"individual-duplicate-individual"
"Real 375","c","c-curved-chord","7NBKWE","__dup_7NBKWE_2","Y7IUMX",0,NA,NA,NA,"individual-duplicate-individual"
"Real 375","c","c-curved-chord","7NBKWE","__dup_7NBKWE_2","BZ8K78",0,NA,NA,NA,"individual-duplicate-individual"
"Real 375","c","c-curved-chord","7NBKWE","__dup_7NBKWE_2","Q8MRCZ",0,NA,NA,NA,"individual-duplicate-individual"
"Real 375","c","c-curved-chord","7NBKWE","__dup_7NBKWE_2","8DKELJ",0,NA,NA,NA,"individual-duplicate-individual"
"Real 375","c","c-curved-chord","7NBKWE","__dup_7NBKWE_2","LVS6QV",0,NA,NA,NA,"individual-duplicate-individual"
"Real 375","c","c-curved-chord","7NBKWE","__dup_7NBKWE_2","IYYFP6",0,NA,NA,NA,"individual-duplicate-individual"
"Real 375","c","c-curved-chord","7NBKWE","__dup_7NBKWE_2","G8EBU9",0,NA,NA,NA,"individual-duplicate-individual"
"Real 375","c","c-curved-chord","7NBKWE","__dup_7NBKWE_2","C1BAND",0,NA,NA,NA,"individual-duplicate-individual"
"Real 375","c","c-curved-chord","7NBKWE","__dup_7NBKWE_2","E2D59U",0,NA,NA,NA,"individual-duplicate-individual"
"Real 375","c","c-curved-chord","7NBKWE","__dup_7NBKWE_2","LVP52A",0,NA,NA,NA,"individual-duplicate-individual"
"Real 375","c","c-curved-chord","7NBKWE","__dup_7NBKWE_2","KWKJXQ",0,NA,NA,NA,"individual-duplicate-individual"
"Real 375","c","c-curved-chord","7NBKWE","__dup_7NBKWE_2","1ZERVB",0,NA,NA,NA,"individual-duplicate-individual"
"Real 375","c","c-curved-chord","7NBKWE","__dup_7NBKWE_2","MTSHHY",0,NA,NA,NA,"individual-duplicate-individual"
"Real 375","c","c-curved-chord","7NBKWE","__dup_7NBKWE_2","4EEKV7",0,NA,NA,NA,"individual-duplicate-individual"
"Real 375","c","c-curved-chord","7NBKWE","__dup_7NBKWE_2","WUPTU8",0,NA,NA,NA,"individual-duplicate-individual"
"Real 375","c","c-curved-chord","7NBKWE","__dup_7NBKWE_2","BM40IX",0,NA,NA,NA,"individual-duplicate-individual"
"Real 375","c","c-curved-chord","7NBKWE","__dup_7NBKWE_2","PQX22G",0,NA,NA,NA,"individual-duplicate-individual"
"Real 375","c","c-curved-chord","7NBKWE","__dup_7NBKWE_2","A3A34I",0,NA,NA,NA,"individual-duplicate-individual"
"Real 375","c","c-curved-chord","7NBKWE","__dup_7NBKWE_2","DPUHBA",0,NA,NA,NA,"individual-duplicate-individual"
"Real 375","c","c-curved-chord","7NBKWE","__dup_7NBKWE_2","L2I39Y",0,NA,NA,NA,"individual-duplicate-individual"
"Real 375","c","c-curved-chord","7NBKWE","__dup_7NBKWE_2","NPYENA",0,NA,NA,NA,"individual-duplicate-individual"
"Real 375","c","c-curved-chord","7NBKWE","__dup_7NBKWE_2","KXU1ZH",0,NA,NA,NA,"individual-duplicate-individual"
"Real 375","c","c-curved-chord","7NBKWE","__dup_7NBKWE_2","0FKJ81",0,NA,NA,NA,"individual-duplicate-individual"
"Real 375","c","c-curved-chord","7NBKWE","__dup_7NBKWE_2","5A6DFT",0,NA,NA,NA,"individual-duplicate-individual"
"Real 375","c","c-curved-chord","7NBKWE","__dup_7NBKWE_2","I8ABQE",0,NA,NA,NA,"individual-duplicate-individual"
"Real 375","c","c-curved-chord","7NBKWE","__dup_7NBKWE_2","6S4HCB",0,NA,NA,NA,"individual-duplicate-individual"
"Real 375","c","c-curved-chord","7NBKWE","__dup_7NBKWE_2","5GQC24",0,NA,NA,NA,"individual-duplicate-individual"
"Real 375","c","c-curved-chord","7NBKWE","__dup_7NBKWE_2","YAV1NW",0,NA,NA,NA,"individual-duplicate-individual"
"Real 375","c","c-curved-chord","7NBKWE","__dup_7NBKWE_2","TTE0Z7",0,NA,NA,NA,"individual-duplicate-individual"
"Real 375","c","c-curved-chord","7NBKWE","__dup_7NBKWE_2","BD7MNF",0,NA,NA,NA,"individual-duplicate-individual"
"Real 375","c","c-curved-chord","7NBKWE","__dup_7NBKWE_2","FG9RYY",0,NA,NA,NA,"individual-duplicate-individual"
"Real 375","c","c-curved-chord","7NBKWE","__dup_7NBKWE_2","D8FYZV",0,NA,NA,NA,"individual-duplicate-individual"
"Real 375","c","c-curved-chord","7NBKWE","__dup_7NBKWE_2","BJ4J7G",0,NA,NA,NA,"individual-duplicate-individual"
"Real 375","c","c-curved-chord","7NBKWE","__dup_7NBKWE_2","C2YD43",0,NA,NA,NA,"individual-duplicate-individual"
"Real 375","c","c-curved-chord","7NBKWE","__dup_7NBKWE_2","AE08C8",0,NA,NA,NA,"individual-duplicate-individual"
"Real 375","c","c-curved-chord","7NBKWE","__dup_7NBKWE_2","IX0KKP",0,NA,NA,NA,"individual-duplicate-individual"
"Real 375","c","c-curved-chord","7NBKWE","__dup_7NBKWE_2","YCVRXE",0,NA,NA,NA,"individual-duplicate-individual"
"Real 375","c","c-curved-chord","7NBKWE","__dup_7NBKWE_2","MY1AEU",0,NA,NA,NA,"individual-duplicate-individual"
"Real 375","c","c-curved-chord","7NBKWE","__dup_7NBKWE_2","ZK6NM2",0,NA,NA,NA,"individual-duplicate-individual"
"Real 375","c","c-curved-chord","7NBKWE","__dup_7NBKWE_2","IP1TGT",0,NA,NA,NA,"individual-duplicate-individual"
"Real 375","c","c-curved-chord","7NBKWE","__dup_7NBKWE_2","97Y192",0,NA,NA,NA,"individual-duplicate-individual"
"Real 375","c","c-curved-chord","7NBKWE","__dup_7NBKWE_2","TUILLQ",0,NA,NA,NA,"individual-duplicate-individual"
"Real 375","c","c-curved-chord","7NBKWE","__dup_7NBKWE_2","CBLNYE",0,NA,NA,NA,"individual-duplicate-individual"
"Real 375","c","c-curved-chord","7NBKWE","__dup_7NBKWE_2","B948B1",0,NA,NA,NA,"individual-duplicate-individual"
"Real 375","c","c-curved-chord","7NBKWE","__dup_7NBKWE_2","QWUKUY",0,NA,NA,NA,"individual-duplicate-individual"
"Real 375","c","c-curved-chord","7NBKWE","__dup_7NBKWE_2","1X40V5",0,NA,NA,NA,"individual-duplicate-individual"
"Real 375","c","c-curved-chord","7NBKWE","__dup_7NBKWE_2","WDBGPF",0,NA,NA,NA,"individual-duplicate-individual"
"Real 375","c","c-curved-chord","7NBKWE","__dup_7NBKWE_2","C3V2V6",0,NA,NA,NA,"individual-duplicate-individual"
"Real 375","c","c-curved-chord","7NBKWE","__dup_7NBKWE_2","C6E1D9",0,NA,NA,NA,"individual-duplicate-individual"
"Real 375","c","c-curved-chord","7NBKWE","__dup_7NBKWE_2","ESZ6I3",0,NA,NA,NA,"individual-duplicate-individual"
"Real 375","c","c-curved-chord","7NBKWE","__dup_7NBKWE_2","RJHF0G",0,NA,NA,NA,"individual-duplicate-individual"
"Real 375","c","c-curved-chord","7NBKWE","__dup_7NBKWE_2","8ZK9LV",0,NA,NA,NA,"individual-duplicate-individual"
"Real 375","c","c-curved-chord","7NBKWE","__dup_7NBKWE_2","3XP1ZD",0,NA,NA,NA,"individual-duplicate-individual"
"Real 375","c","c-curved-chord","7NBKWE","__dup_7NBKWE_2","28XSME",0,NA,NA,NA,"individual-duplicate-individual"
"Real 375","c","c-curved-chord","7NBKWE","__dup_7NBKWE_2","RD3WB2",0,NA,NA,NA,"individual-duplicate-individual"
"Real 375","c","c-curved-chord","7NBKWE","__dup_7NBKWE_2","L31S6S",0,NA,NA,NA,"individual-duplicate-individual"
"Real 375","c","c-curved-chord","7NBKWE","__dup_7NBKWE_2","7U5H8G",0,NA,NA,NA,"individual-duplicate-individual"
"Real 375","c","c-curved-chord","7NBKWE","__dup_7NBKWE_2","HCY8QM",0,NA,NA,NA,"individual-duplicate-individual"
"Real 375","c","c-curved-chord","7NBKWE","__dup_7NBKWE_2","LWV138",0,NA,NA,NA,"individual-duplicate-individual"
"Real 375","c","c-curved-chord","7NBKWE","__dup_7NBKWE_2","R3BBV1",0,NA,NA,NA,"individual-duplicate-individual"
"Real 375","c","c-curved-chord","7NBKWE","__dup_7NBKWE_2","UYZ1DD",0,NA,NA,NA,"individual-duplicate-individual"
"Real 375","c","c-curved-chord","7NBKWE","__dup_7NBKWE_2","ULQFEZ",0,NA,NA,NA,"individual-duplicate-individual"
"Real 375","c","c-curved-chord","7NBKWE","__dup_7NBKWE_2","UTU9S7",0,NA,NA,NA,"individual-duplicate-individual"
"Real 375","c","c-curved-chord","7NBKWE","__dup_7NBKWE_2","UZCIN5",0,NA,NA,NA,"individual-duplicate-individual"
"Real 375","c","c-curved-chord","7NBKWE","__dup_7NBKWE_2","__dup_WDBGPF_1",0,NA,NA,NA,"individual-duplicate-duplicate"
"Real 375","c","c-curved-chord","7NBKWE","__dup_7NBKWE_2","__dup_QWUKUY_1",0,NA,NA,NA,"individual-duplicate-duplicate"
"Real 375","c","c-curved-chord","7NBKWE","__dup_7NBKWE_2","__dup_L31S6S_2",0,NA,NA,NA,"individual-duplicate-duplicate"
"Real 375","c","c-curved-chord","7NBKWE","__dup_7NBKWE_2","__dup_5A6DFT_1",0,NA,NA,NA,"individual-duplicate-duplicate"
"Real 375","c","c-curved-chord","7NBKWE","__dup_7NBKWE_2","__dup_PQX22G_1",0,NA,NA,NA,"individual-duplicate-duplicate"
"Real 375","c","c-curved-chord","7NBKWE","__dup_7NBKWE_2","__dup_PQX22G_2",0,NA,NA,NA,"individual-duplicate-duplicate"
"Real 375","c","c-curved-chord","7NBKWE","__dup_7NBKWE_2","__dup_WDBGPF_2",0,NA,NA,NA,"individual-duplicate-duplicate"
"Real 375","c","c-curved-chord","7NBKWE","__dup_7NBKWE_2","__dup_BZ8K78_1",0,NA,NA,NA,"individual-duplicate-duplicate"
"Real 375","c","c-curved-chord","7NBKWE","__dup_7NBKWE_2","__dup_5A6DFT_2",0,NA,NA,NA,"individual-duplicate-duplicate"
"Real 375","c","c-curved-chord","7NBKWE","__dup_7NBKWE_2","__dup_QWUKUY_2",0,NA,NA,NA,"individual-duplicate-duplicate"
"Real 375","c","c-curved-chord","7NBKWE","__dup_7NBKWE_2","__dup_1X40V5_1",0,NA,NA,NA,"individual-duplicate-duplicate"
"Real 375","c","c-curved-chord","7NBKWE","__dup_7NBKWE_2","__dup_MY1AEU_1",0,NA,NA,NA,"individual-duplicate-duplicate"
"Real 375","c","c-curved-chord","7NBKWE","__dup_7NBKWE_2","__dup_6S4HCB_1",0,NA,NA,NA,"individual-duplicate-duplicate"
"Real 375","c","c-curved-chord","7NBKWE","__dup_7NBKWE_2","__dup_I8ABQE_1",0,NA,NA,NA,"individual-duplicate-duplicate"
"Real 375","c","c-curved-chord","7NBKWE","__dup_7NBKWE_2","__dup_MY1AEU_2",0,NA,NA,NA,"individual-duplicate-duplicate"
"Real 375","c","c-curved-chord","7NBKWE","__dup_7NBKWE_2","__dup_MY1AEU_3",0,NA,NA,NA,"individual-duplicate-duplicate"
"Real 375","c","c-curved-chord","7NBKWE","__dup_7NBKWE_2","__dup_28XSME_1",0,NA,NA,NA,"individual-duplicate-duplicate"
"Real 375","c","c-curved-chord","7NBKWE","__dup_7NBKWE_2","__dup_RD3WB2_1",0,NA,NA,NA,"individual-duplicate-duplicate"
"Real 375","c","c-curved-chord","7NBKWE","__dup_7NBKWE_2","__dup_5A6DFT_3",0,NA,NA,NA,"individual-duplicate-duplicate"
"Real 375","c","c-curved-chord","7NBKWE","__dup_7NBKWE_2","__union_8",0,NA,NA,NA,"individual-duplicate-union"
"Real 375","c","c-curved-chord","7NBKWE","__dup_7NBKWE_2","__union_9",0,NA,NA,NA,"individual-duplicate-union"
"Real 375","c","c-curved-chord","7NBKWE","__dup_7NBKWE_2","__union_10",0,NA,NA,NA,"individual-duplicate-union"
"Real 375","c","c-curved-chord","7NBKWE","__dup_7NBKWE_2","__union_11",0,NA,NA,NA,"individual-duplicate-union"
"Real 375","c","c-curved-chord","7NBKWE","__dup_7NBKWE_2","__union_12",0,NA,NA,NA,"individual-duplicate-union"
"Real 375","c","c-curved-chord","7NBKWE","__dup_7NBKWE_2","__union_13",0,NA,NA,NA,"individual-duplicate-union"
"Real 375","c","c-curved-chord","7NBKWE","__dup_7NBKWE_2","__union_15",0,NA,NA,NA,"individual-duplicate-union"
"Real 375","c","c-curved-chord","7NBKWE","__dup_7NBKWE_2","__union_16",0,NA,NA,NA,"individual-duplicate-union"
"Real 375","c","c-curved-chord","7NBKWE","__dup_7NBKWE_2","__union_19",0,NA,NA,NA,"individual-duplicate-union"
"Real 375","c","c-curved-chord","7NBKWE","__dup_7NBKWE_2","__union_20",0,NA,NA,NA,"individual-duplicate-union"
"Real 375","c","c-curved-chord","7NBKWE","__dup_7NBKWE_2","__union_22",0,NA,NA,NA,"individual-duplicate-union"
"Real 375","c","c-curved-chord","7NBKWE","__dup_7NBKWE_2","__union_23",0,NA,NA,NA,"individual-duplicate-union"
"Real 375","c","c-curved-chord","7NBKWE","__dup_7NBKWE_2","__union_24",0,NA,NA,NA,"individual-duplicate-union"
"Real 375","c","c-curved-chord","7NBKWE","__dup_7NBKWE_2","__union_25",0,NA,NA,NA,"individual-duplicate-union"
"Real 375","c","c-curved-chord","7NBKWE","__dup_7NBKWE_2","__union_26",0,NA,NA,NA,"individual-duplicate-union"
"Real 375","c","c-curved-chord","7NBKWE","__dup_7NBKWE_2","__union_27",0,NA,NA,NA,"individual-duplicate-union"
"Real 375","c","c-curved-chord","7NBKWE","__dup_7NBKWE_2","__union_28",0,NA,NA,NA,"individual-duplicate-union"
"Real 375","c","c-curved-chord","7NBKWE","__dup_7NBKWE_2","__union_29",0,NA,NA,NA,"individual-duplicate-union"
"Real 375","c","c-curved-chord","7NBKWE","__dup_7NBKWE_2","__union_30",0,NA,NA,NA,"individual-duplicate-union"
"Real 375","c","c-curved-chord","7NBKWE","__dup_7NBKWE_2","__union_31",0,NA,NA,NA,"individual-duplicate-union"
"Real 375","c","c-curved-chord","7NBKWE","__dup_7NBKWE_2","__union_32",0,NA,NA,NA,"individual-duplicate-union"
"Real 375","c","c-curved-chord","7NBKWE","__dup_7NBKWE_2","__union_33",0,NA,NA,NA,"individual-duplicate-union"
"Real 375","c","c-curved-chord","7NBKWE","__dup_7NBKWE_2","__union_34",0,NA,NA,NA,"individual-duplicate-union"
"Real 375","c","c-curved-chord","7NBKWE","__dup_7NBKWE_2","__union_35",0,NA,NA,NA,"individual-duplicate-union"
"Real 375","c","c-curved-chord","7NBKWE","__dup_7NBKWE_2","__union_36",0,NA,NA,NA,"individual-duplicate-union"
"Real 375","c","c-curved-chord","7NBKWE","__dup_7NBKWE_2","__union_37",0,NA,NA,NA,"individual-duplicate-union"
"Real 375","c","c-curved-chord","7NBKWE","__dup_7NBKWE_2","__union_38",0,NA,NA,NA,"individual-duplicate-union"
"Real 375","c","c-curved-chord","7NBKWE","__dup_7NBKWE_2","__union_40",0,NA,NA,NA,"individual-duplicate-union"
"Real 375","c","c-curved-chord","7NBKWE","__dup_7NBKWE_2","__union_41",0,NA,NA,NA,"individual-duplicate-union"
"Real 375","c","c-curved-chord","7NBKWE","__dup_7NBKWE_2","__union_42",0,NA,NA,NA,"individual-duplicate-union"
"Real 375","c","c-curved-chord","7NBKWE","__dup_7NBKWE_2","__union_43",0,NA,NA,NA,"individual-duplicate-union"
"Real 375","c","c-curved-chord","7NBKWE","__dup_7NBKWE_2","__union_44",0,NA,NA,NA,"individual-duplicate-union"
"Real 375","c","c-curved-chord","7NBKWE","__dup_7NBKWE_2","__union_45",0,NA,NA,NA,"individual-duplicate-union"
"Real 375","c","c-curved-chord","7NBKWE","__dup_7NBKWE_2","__union_46",0,NA,NA,NA,"individual-duplicate-union"
"Real 375","c","c-curved-chord","7NBKWE","__dup_7NBKWE_2","__union_48",0,NA,NA,NA,"individual-duplicate-union"
"Real 375","c","c-curved-chord","7NBKWE","__dup_7NBKWE_2","__union_49",0,NA,NA,NA,"individual-duplicate-union"
"Real 375","c","c-curved-chord","7NBKWE","__dup_7NBKWE_2","__union_50",0,NA,NA,NA,"individual-duplicate-union"
"Real 375","c","c-curved-chord","7NBKWE","__dup_7NBKWE_2","__union_51",0,NA,NA,NA,"individual-duplicate-union"
"Real 375","c","c-curved-chord","7NBKWE","__dup_7NBKWE_2","__union_52",0,NA,NA,NA,"individual-duplicate-union"
"Real 375","c","c-curved-chord","7NBKWE","__dup_7NBKWE_2","__union_53",0,NA,NA,NA,"individual-duplicate-union"
"Real 375","c","c-curved-chord","7NBKWE","__dup_7NBKWE_2","__union_54",0,NA,NA,NA,"individual-duplicate-union"
"Real 375","c","c-curved-chord","7NBKWE","__dup_7NBKWE_2","__union_55",0,NA,NA,NA,"individual-duplicate-union"
"Real 375","c","c-curved-chord","7NBKWE","__dup_7NBKWE_2","__union_56",0,NA,NA,NA,"individual-duplicate-union"
"Real 375","c","c-curved-chord","7NBKWE","__dup_7NBKWE_2","__union_57",0,NA,NA,NA,"individual-duplicate-union"
"Real 375","c","c-curved-chord","7NBKWE","__dup_7NBKWE_2","__union_58",0,NA,NA,NA,"individual-duplicate-union"
"Real 375","c","c-curved-chord","L31S6S","__dup_L31S6S_2","MTSHHY",0,NA,NA,NA,"individual-duplicate-individual"
"Real 375","c","c-curved-chord","L31S6S","__dup_L31S6S_2","4EEKV7",0,NA,NA,NA,"individual-duplicate-individual"
"Real 375","c","c-curved-chord","L31S6S","__dup_L31S6S_2","WUPTU8",0,NA,NA,NA,"individual-duplicate-individual"
"Real 375","c","c-curved-chord","L31S6S","__dup_L31S6S_2","BM40IX",0,NA,NA,NA,"individual-duplicate-individual"
"Real 375","c","c-curved-chord","L31S6S","__dup_L31S6S_2","A3A34I",0,NA,NA,NA,"individual-duplicate-individual"
"Real 375","c","c-curved-chord","L31S6S","__dup_L31S6S_2","DPUHBA",0,NA,NA,NA,"individual-duplicate-individual"
"Real 375","c","c-curved-chord","L31S6S","__dup_L31S6S_2","RD3WB2",0,NA,NA,NA,"individual-duplicate-individual"
"Real 375","c","c-curved-chord","L31S6S","__dup_L31S6S_2","__dup_28XSME_1",0,NA,NA,NA,"individual-duplicate-duplicate"
"Real 375","c","c-curved-chord","L31S6S","__dup_L31S6S_2","__dup_RD3WB2_1",0,NA,NA,NA,"individual-duplicate-duplicate"
"Real 375","c","c-curved-chord","L31S6S","__dup_L31S6S_2","__union_27",0,NA,NA,NA,"individual-duplicate-union"
"Real 375","c","c-curved-chord","L31S6S","__dup_L31S6S_2","__union_28",0,NA,NA,NA,"individual-duplicate-union"
"Real 375","c","c-curved-chord","L31S6S","__dup_L31S6S_2","__union_52",0,NA,NA,NA,"individual-duplicate-union"
"Real 375","c","c-curved-chord","L31S6S","__dup_L31S6S_2","__union_54",0,NA,NA,NA,"individual-duplicate-union"
"Real 375","c","c-curved-chord","__dup_5A6DFT_1","5A6DFT","CMJQGU",0,NA,NA,NA,"duplicate-individual-individual"
"Real 375","c","c-curved-chord","__dup_5A6DFT_1","5A6DFT","9A1LWF",0,NA,NA,NA,"duplicate-individual-individual"
"Real 375","c","c-curved-chord","__dup_5A6DFT_1","5A6DFT","Y7IUMX",0,NA,NA,NA,"duplicate-individual-individual"
"Real 375","c","c-curved-chord","__dup_5A6DFT_1","5A6DFT","BZ8K78",0,NA,NA,NA,"duplicate-individual-individual"
"Real 375","c","c-curved-chord","__dup_5A6DFT_1","5A6DFT","LVS6QV",0,NA,NA,NA,"duplicate-individual-individual"
"Real 375","c","c-curved-chord","__dup_5A6DFT_1","5A6DFT","IYYFP6",0,NA,NA,NA,"duplicate-individual-individual"
"Real 375","c","c-curved-chord","__dup_5A6DFT_1","5A6DFT","G8EBU9",0,NA,NA,NA,"duplicate-individual-individual"
"Real 375","c","c-curved-chord","__dup_5A6DFT_1","5A6DFT","C1BAND",0,NA,NA,NA,"duplicate-individual-individual"
"Real 375","c","c-curved-chord","__dup_5A6DFT_1","5A6DFT","E2D59U",0,NA,NA,NA,"duplicate-individual-individual"
"Real 375","c","c-curved-chord","__dup_5A6DFT_1","5A6DFT","LVP52A",0,NA,NA,NA,"duplicate-individual-individual"
"Real 375","c","c-curved-chord","__dup_5A6DFT_1","5A6DFT","KWKJXQ",0,NA,NA,NA,"duplicate-individual-individual"
"Real 375","c","c-curved-chord","__dup_5A6DFT_1","5A6DFT","1ZERVB",0,NA,NA,NA,"duplicate-individual-individual"
"Real 375","c","c-curved-chord","__dup_5A6DFT_1","5A6DFT","MTSHHY",0,NA,NA,NA,"duplicate-individual-individual"
"Real 375","c","c-curved-chord","__dup_5A6DFT_1","5A6DFT","4EEKV7",0,NA,NA,NA,"duplicate-individual-individual"
"Real 375","c","c-curved-chord","__dup_5A6DFT_1","5A6DFT","WUPTU8",0,NA,NA,NA,"duplicate-individual-individual"
"Real 375","c","c-curved-chord","__dup_5A6DFT_1","5A6DFT","BM40IX",0,NA,NA,NA,"duplicate-individual-individual"
"Real 375","c","c-curved-chord","__dup_5A6DFT_1","5A6DFT","PQX22G",0,NA,NA,NA,"duplicate-individual-individual"
"Real 375","c","c-curved-chord","__dup_5A6DFT_1","5A6DFT","A3A34I",0,NA,NA,NA,"duplicate-individual-individual"
"Real 375","c","c-curved-chord","__dup_5A6DFT_1","5A6DFT","DPUHBA",0,NA,NA,NA,"duplicate-individual-individual"
"Real 375","c","c-curved-chord","__dup_5A6DFT_1","5A6DFT","L2I39Y",0,NA,NA,NA,"duplicate-individual-individual"
"Real 375","c","c-curved-chord","__dup_5A6DFT_1","5A6DFT","NPYENA",0,NA,NA,NA,"duplicate-individual-individual"
"Real 375","c","c-curved-chord","__dup_5A6DFT_1","5A6DFT","KXU1ZH",0,NA,NA,NA,"duplicate-individual-individual"
"Real 375","c","c-curved-chord","__dup_5A6DFT_1","5A6DFT","0FKJ81",0,NA,NA,NA,"duplicate-individual-individual"
"Real 375","c","c-curved-chord","__dup_5A6DFT_1","5A6DFT","I8ABQE",0,NA,NA,NA,"duplicate-individual-individual"
"Real 375","c","c-curved-chord","__dup_5A6DFT_1","5A6DFT","6S4HCB",0,NA,NA,NA,"duplicate-individual-individual"
"Real 375","c","c-curved-chord","__dup_5A6DFT_1","5A6DFT","5GQC24",0,NA,NA,NA,"duplicate-individual-individual"
"Real 375","c","c-curved-chord","__dup_5A6DFT_1","5A6DFT","TTE0Z7",0,NA,NA,NA,"duplicate-individual-individual"
"Real 375","c","c-curved-chord","__dup_5A6DFT_1","5A6DFT","BD7MNF",0,NA,NA,NA,"duplicate-individual-individual"
"Real 375","c","c-curved-chord","__dup_5A6DFT_1","5A6DFT","FG9RYY",0,NA,NA,NA,"duplicate-individual-individual"
"Real 375","c","c-curved-chord","__dup_5A6DFT_1","5A6DFT","D8FYZV",0,NA,NA,NA,"duplicate-individual-individual"
"Real 375","c","c-curved-chord","__dup_5A6DFT_1","5A6DFT","BJ4J7G",0,NA,NA,NA,"duplicate-individual-individual"
"Real 375","c","c-curved-chord","__dup_5A6DFT_1","5A6DFT","C2YD43",0,NA,NA,NA,"duplicate-individual-individual"
"Real 375","c","c-curved-chord","__dup_5A6DFT_1","5A6DFT","AE08C8",0,NA,NA,NA,"duplicate-individual-individual"
"Real 375","c","c-curved-chord","__dup_5A6DFT_1","5A6DFT","IX0KKP",0,NA,NA,NA,"duplicate-individual-individual"
"Real 375","c","c-curved-chord","__dup_5A6DFT_1","5A6DFT","YCVRXE",0,NA,NA,NA,"duplicate-individual-individual"
"Real 375","c","c-curved-chord","__dup_5A6DFT_1","5A6DFT","ZK6NM2",0,NA,NA,NA,"duplicate-individual-individual"
"Real 375","c","c-curved-chord","__dup_5A6DFT_1","5A6DFT","IP1TGT",0,NA,NA,NA,"duplicate-individual-individual"
"Real 375","c","c-curved-chord","__dup_5A6DFT_1","5A6DFT","97Y192",0,NA,NA,NA,"duplicate-individual-individual"
"Real 375","c","c-curved-chord","__dup_5A6DFT_1","5A6DFT","TUILLQ",0,NA,NA,NA,"duplicate-individual-individual"
"Real 375","c","c-curved-chord","__dup_5A6DFT_1","5A6DFT","CBLNYE",0,NA,NA,NA,"duplicate-individual-individual"
"Real 375","c","c-curved-chord","__dup_5A6DFT_1","5A6DFT","B948B1",0,NA,NA,NA,"duplicate-individual-individual"
"Real 375","c","c-curved-chord","__dup_5A6DFT_1","5A6DFT","QWUKUY",0,NA,NA,NA,"duplicate-individual-individual"
"Real 375","c","c-curved-chord","__dup_5A6DFT_1","5A6DFT","1X40V5",0,NA,NA,NA,"duplicate-individual-individual"
"Real 375","c","c-curved-chord","__dup_5A6DFT_1","5A6DFT","WDBGPF",0,NA,NA,NA,"duplicate-individual-individual"
"Real 375","c","c-curved-chord","__dup_5A6DFT_1","5A6DFT","C3V2V6",0,NA,NA,NA,"duplicate-individual-individual"
"Real 375","c","c-curved-chord","__dup_5A6DFT_1","5A6DFT","ESZ6I3",0,NA,NA,NA,"duplicate-individual-individual"
"Real 375","c","c-curved-chord","__dup_5A6DFT_1","5A6DFT","RJHF0G",0,NA,NA,NA,"duplicate-individual-individual"
"Real 375","c","c-curved-chord","__dup_5A6DFT_1","5A6DFT","8ZK9LV",0,NA,NA,NA,"duplicate-individual-individual"
"Real 375","c","c-curved-chord","__dup_5A6DFT_1","5A6DFT","3XP1ZD",0,NA,NA,NA,"duplicate-individual-individual"
"Real 375","c","c-curved-chord","__dup_5A6DFT_1","5A6DFT","RD3WB2",0,NA,NA,NA,"duplicate-individual-individual"
"Real 375","c","c-curved-chord","__dup_5A6DFT_1","5A6DFT","L31S6S",0,NA,NA,NA,"duplicate-individual-individual"
"Real 375","c","c-curved-chord","__dup_5A6DFT_1","5A6DFT","7U5H8G",0,NA,NA,NA,"duplicate-individual-individual"
"Real 375","c","c-curved-chord","__dup_5A6DFT_1","5A6DFT","HCY8QM",0,NA,NA,NA,"duplicate-individual-individual"
"Real 375","c","c-curved-chord","__dup_5A6DFT_1","5A6DFT","ULQFEZ",0,NA,NA,NA,"duplicate-individual-individual"
"Real 375","c","c-curved-chord","__dup_5A6DFT_1","5A6DFT","UZCIN5",0,NA,NA,NA,"duplicate-individual-individual"
"Real 375","c","c-curved-chord","__dup_5A6DFT_1","5A6DFT","__dup_WDBGPF_1",0,NA,NA,NA,"duplicate-individual-duplicate"
"Real 375","c","c-curved-chord","__dup_5A6DFT_1","5A6DFT","__dup_QWUKUY_1",0,NA,NA,NA,"duplicate-individual-duplicate"
"Real 375","c","c-curved-chord","__dup_5A6DFT_1","5A6DFT","__dup_7NBKWE_1",0,NA,NA,NA,"duplicate-individual-duplicate"
"Real 375","c","c-curved-chord","__dup_5A6DFT_1","5A6DFT","__dup_L31S6S_2",0,NA,NA,NA,"duplicate-individual-duplicate"
"Real 375","c","c-curved-chord","__dup_5A6DFT_1","5A6DFT","__dup_PQX22G_1",0,NA,NA,NA,"duplicate-individual-duplicate"
"Real 375","c","c-curved-chord","__dup_5A6DFT_1","5A6DFT","__dup_PQX22G_2",0,NA,NA,NA,"duplicate-individual-duplicate"
"Real 375","c","c-curved-chord","__dup_5A6DFT_1","5A6DFT","__dup_BZ8K78_1",0,NA,NA,NA,"duplicate-individual-duplicate"
"Real 375","c","c-curved-chord","__dup_5A6DFT_1","5A6DFT","__dup_QWUKUY_2",0,NA,NA,NA,"duplicate-individual-duplicate"
"Real 375","c","c-curved-chord","__dup_5A6DFT_1","5A6DFT","__dup_1X40V5_1",0,NA,NA,NA,"duplicate-individual-duplicate"
"Real 375","c","c-curved-chord","__dup_5A6DFT_1","5A6DFT","__dup_MY1AEU_1",0,NA,NA,NA,"duplicate-individual-duplicate"
"Real 375","c","c-curved-chord","__dup_5A6DFT_1","5A6DFT","__dup_6S4HCB_1",0,NA,NA,NA,"duplicate-individual-duplicate"
"Real 375","c","c-curved-chord","__dup_5A6DFT_1","5A6DFT","__dup_I8ABQE_1",0,NA,NA,NA,"duplicate-individual-duplicate"
"Real 375","c","c-curved-chord","__dup_5A6DFT_1","5A6DFT","__dup_MY1AEU_2",0,NA,NA,NA,"duplicate-individual-duplicate"
"Real 375","c","c-curved-chord","__dup_5A6DFT_1","5A6DFT","__dup_MY1AEU_3",0,NA,NA,NA,"duplicate-individual-duplicate"
"Real 375","c","c-curved-chord","__dup_5A6DFT_1","5A6DFT","__dup_28XSME_1",0,NA,NA,NA,"duplicate-individual-duplicate"
"Real 375","c","c-curved-chord","__dup_5A6DFT_1","5A6DFT","__dup_RD3WB2_1",0,NA,NA,NA,"duplicate-individual-duplicate"
"Real 375","c","c-curved-chord","__dup_5A6DFT_1","5A6DFT","__union_8",0,NA,NA,NA,"duplicate-individual-union"
"Real 375","c","c-curved-chord","__dup_5A6DFT_1","5A6DFT","__union_9",0,NA,NA,NA,"duplicate-individual-union"
"Real 375","c","c-curved-chord","__dup_5A6DFT_1","5A6DFT","__union_10",0,NA,NA,NA,"duplicate-individual-union"
"Real 375","c","c-curved-chord","__dup_5A6DFT_1","5A6DFT","__union_11",0,NA,NA,NA,"duplicate-individual-union"
"Real 375","c","c-curved-chord","__dup_5A6DFT_1","5A6DFT","__union_13",0,NA,NA,NA,"duplicate-individual-union"
"Real 375","c","c-curved-chord","__dup_5A6DFT_1","5A6DFT","__union_15",0,NA,NA,NA,"duplicate-individual-union"
"Real 375","c","c-curved-chord","__dup_5A6DFT_1","5A6DFT","__union_16",0,NA,NA,NA,"duplicate-individual-union"
"Real 375","c","c-curved-chord","__dup_5A6DFT_1","5A6DFT","__union_19",0,NA,NA,NA,"duplicate-individual-union"
"Real 375","c","c-curved-chord","__dup_5A6DFT_1","5A6DFT","__union_20",0,NA,NA,NA,"duplicate-individual-union"
"Real 375","c","c-curved-chord","__dup_5A6DFT_1","5A6DFT","__union_22",0,NA,NA,NA,"duplicate-individual-union"
"Real 375","c","c-curved-chord","__dup_5A6DFT_1","5A6DFT","__union_23",0,NA,NA,NA,"duplicate-individual-union"
"Real 375","c","c-curved-chord","__dup_5A6DFT_1","5A6DFT","__union_24",0,NA,NA,NA,"duplicate-individual-union"
"Real 375","c","c-curved-chord","__dup_5A6DFT_1","5A6DFT","__union_27",0,NA,NA,NA,"duplicate-individual-union"
"Real 375","c","c-curved-chord","__dup_5A6DFT_1","5A6DFT","__union_28",0,NA,NA,NA,"duplicate-individual-union"
"Real 375","c","c-curved-chord","__dup_5A6DFT_1","5A6DFT","__union_31",0,NA,NA,NA,"duplicate-individual-union"
"Real 375","c","c-curved-chord","__dup_5A6DFT_1","5A6DFT","__union_32",0,NA,NA,NA,"duplicate-individual-union"
"Real 375","c","c-curved-chord","__dup_5A6DFT_1","5A6DFT","__union_33",0,NA,NA,NA,"duplicate-individual-union"
"Real 375","c","c-curved-chord","__dup_5A6DFT_1","5A6DFT","__union_34",0,NA,NA,NA,"duplicate-individual-union"
"Real 375","c","c-curved-chord","__dup_5A6DFT_1","5A6DFT","__union_35",0,NA,NA,NA,"duplicate-individual-union"
"Real 375","c","c-curved-chord","__dup_5A6DFT_1","5A6DFT","__union_37",0,NA,NA,NA,"duplicate-individual-union"
"Real 375","c","c-curved-chord","__dup_5A6DFT_1","5A6DFT","__union_38",0,NA,NA,NA,"duplicate-individual-union"
"Real 375","c","c-curved-chord","__dup_5A6DFT_1","5A6DFT","__union_40",0,NA,NA,NA,"duplicate-individual-union"
"Real 375","c","c-curved-chord","__dup_5A6DFT_1","5A6DFT","__union_41",0,NA,NA,NA,"duplicate-individual-union"
"Real 375","c","c-curved-chord","__dup_5A6DFT_1","5A6DFT","__union_42",0,NA,NA,NA,"duplicate-individual-union"
"Real 375","c","c-curved-chord","__dup_5A6DFT_1","5A6DFT","__union_44",0,NA,NA,NA,"duplicate-individual-union"
"Real 375","c","c-curved-chord","__dup_5A6DFT_1","5A6DFT","__union_45",0,NA,NA,NA,"duplicate-individual-union"
"Real 375","c","c-curved-chord","__dup_5A6DFT_1","5A6DFT","__union_46",0,NA,NA,NA,"duplicate-individual-union"
"Real 375","c","c-curved-chord","__dup_5A6DFT_1","5A6DFT","__union_48",0,NA,NA,NA,"duplicate-individual-union"
"Real 375","c","c-curved-chord","__dup_5A6DFT_1","5A6DFT","__union_49",0,NA,NA,NA,"duplicate-individual-union"
"Real 375","c","c-curved-chord","__dup_5A6DFT_1","5A6DFT","__union_50",0,NA,NA,NA,"duplicate-individual-union"
"Real 375","c","c-curved-chord","__dup_5A6DFT_1","5A6DFT","__union_51",0,NA,NA,NA,"duplicate-individual-union"
"Real 375","c","c-curved-chord","__dup_5A6DFT_1","5A6DFT","__union_52",0,NA,NA,NA,"duplicate-individual-union"
"Real 375","c","c-curved-chord","__dup_5A6DFT_1","5A6DFT","__union_53",0,NA,NA,NA,"duplicate-individual-union"
"Real 375","c","c-curved-chord","__dup_5A6DFT_1","5A6DFT","__union_54",0,NA,NA,NA,"duplicate-individual-union"
"Real 375","c","c-curved-chord","__dup_5A6DFT_1","5A6DFT","__union_55",0,NA,NA,NA,"duplicate-individual-union"
"Real 375","c","c-curved-chord","__dup_5A6DFT_1","5A6DFT","__union_57",0,NA,NA,NA,"duplicate-individual-union"
"Real 375","c","c-curved-chord","__dup_5A6DFT_1","5A6DFT","__union_58",0,NA,NA,NA,"duplicate-individual-union"
"Real 375","c","c-curved-chord","__dup_PQX22G_1","PQX22G","CMJQGU",0,NA,NA,NA,"duplicate-individual-individual"
"Real 375","c","c-curved-chord","__dup_PQX22G_1","PQX22G","Y7IUMX",0,NA,NA,NA,"duplicate-individual-individual"
"Real 375","c","c-curved-chord","__dup_PQX22G_1","PQX22G","NPYENA",0,NA,NA,NA,"duplicate-individual-individual"
"Real 375","c","c-curved-chord","__dup_PQX22G_1","PQX22G","KXU1ZH",0,NA,NA,NA,"duplicate-individual-individual"
"Real 375","c","c-curved-chord","__dup_PQX22G_1","PQX22G","0FKJ81",0,NA,NA,NA,"duplicate-individual-individual"
"Real 375","c","c-curved-chord","__dup_PQX22G_1","PQX22G","I8ABQE",0,NA,NA,NA,"duplicate-individual-individual"
"Real 375","c","c-curved-chord","__dup_PQX22G_1","PQX22G","6S4HCB",0,NA,NA,NA,"duplicate-individual-individual"
"Real 375","c","c-curved-chord","__dup_PQX22G_1","PQX22G","5GQC24",0,NA,NA,NA,"duplicate-individual-individual"
"Real 375","c","c-curved-chord","__dup_PQX22G_1","PQX22G","TTE0Z7",0,NA,NA,NA,"duplicate-individual-individual"
"Real 375","c","c-curved-chord","__dup_PQX22G_1","PQX22G","BD7MNF",0,NA,NA,NA,"duplicate-individual-individual"
"Real 375","c","c-curved-chord","__dup_PQX22G_1","PQX22G","FG9RYY",0,NA,NA,NA,"duplicate-individual-individual"
"Real 375","c","c-curved-chord","__dup_PQX22G_1","PQX22G","D8FYZV",0,NA,NA,NA,"duplicate-individual-individual"
"Real 375","c","c-curved-chord","__dup_PQX22G_1","PQX22G","BJ4J7G",0,NA,NA,NA,"duplicate-individual-individual"
"Real 375","c","c-curved-chord","__dup_PQX22G_1","PQX22G","C2YD43",0,NA,NA,NA,"duplicate-individual-individual"
"Real 375","c","c-curved-chord","__dup_PQX22G_1","PQX22G","AE08C8",0,NA,NA,NA,"duplicate-individual-individual"
"Real 375","c","c-curved-chord","__dup_PQX22G_1","PQX22G","IX0KKP",0,NA,NA,NA,"duplicate-individual-individual"
"Real 375","c","c-curved-chord","__dup_PQX22G_1","PQX22G","YCVRXE",0,NA,NA,NA,"duplicate-individual-individual"
"Real 375","c","c-curved-chord","__dup_PQX22G_1","PQX22G","ZK6NM2",0,NA,NA,NA,"duplicate-individual-individual"
"Real 375","c","c-curved-chord","__dup_PQX22G_1","PQX22G","IP1TGT",0,NA,NA,NA,"duplicate-individual-individual"
"Real 375","c","c-curved-chord","__dup_PQX22G_1","PQX22G","97Y192",0,NA,NA,NA,"duplicate-individual-individual"
"Real 375","c","c-curved-chord","__dup_PQX22G_1","PQX22G","TUILLQ",0,NA,NA,NA,"duplicate-individual-individual"
"Real 375","c","c-curved-chord","__dup_PQX22G_1","PQX22G","CBLNYE",0,NA,NA,NA,"duplicate-individual-individual"
"Real 375","c","c-curved-chord","__dup_PQX22G_1","PQX22G","B948B1",0,NA,NA,NA,"duplicate-individual-individual"
"Real 375","c","c-curved-chord","__dup_PQX22G_1","PQX22G","QWUKUY",0,NA,NA,NA,"duplicate-individual-individual"
"Real 375","c","c-curved-chord","__dup_PQX22G_1","PQX22G","1X40V5",0,NA,NA,NA,"duplicate-individual-individual"
"Real 375","c","c-curved-chord","__dup_PQX22G_1","PQX22G","WDBGPF",0,NA,NA,NA,"duplicate-individual-individual"
"Real 375","c","c-curved-chord","__dup_PQX22G_1","PQX22G","C3V2V6",0,NA,NA,NA,"duplicate-individual-individual"
"Real 375","c","c-curved-chord","__dup_PQX22G_1","PQX22G","ESZ6I3",0,NA,NA,NA,"duplicate-individual-individual"
"Real 375","c","c-curved-chord","__dup_PQX22G_1","PQX22G","RJHF0G",0,NA,NA,NA,"duplicate-individual-individual"
"Real 375","c","c-curved-chord","__dup_PQX22G_1","PQX22G","8ZK9LV",0,NA,NA,NA,"duplicate-individual-individual"
"Real 375","c","c-curved-chord","__dup_PQX22G_1","PQX22G","3XP1ZD",0,NA,NA,NA,"duplicate-individual-individual"
"Real 375","c","c-curved-chord","__dup_PQX22G_1","PQX22G","7U5H8G",0,NA,NA,NA,"duplicate-individual-individual"
"Real 375","c","c-curved-chord","__dup_PQX22G_1","PQX22G","ULQFEZ",0,NA,NA,NA,"duplicate-individual-individual"
"Real 375","c","c-curved-chord","__dup_PQX22G_1","PQX22G","UZCIN5",0,NA,NA,NA,"duplicate-individual-individual"
"Real 375","c","c-curved-chord","__dup_PQX22G_1","PQX22G","__dup_WDBGPF_1",0,NA,NA,NA,"duplicate-individual-duplicate"
"Real 375","c","c-curved-chord","__dup_PQX22G_1","PQX22G","__dup_5A6DFT_2",0,NA,NA,NA,"duplicate-individual-duplicate"
"Real 375","c","c-curved-chord","__dup_PQX22G_1","PQX22G","__dup_1X40V5_1",0,NA,NA,NA,"duplicate-individual-duplicate"
"Real 375","c","c-curved-chord","__dup_PQX22G_1","PQX22G","__dup_I8ABQE_1",0,NA,NA,NA,"duplicate-individual-duplicate"
"Real 375","c","c-curved-chord","__dup_PQX22G_1","PQX22G","__dup_MY1AEU_2",0,NA,NA,NA,"duplicate-individual-duplicate"
"Real 375","c","c-curved-chord","__dup_PQX22G_1","PQX22G","__dup_MY1AEU_3",0,NA,NA,NA,"duplicate-individual-duplicate"
"Real 375","c","c-curved-chord","__dup_PQX22G_1","PQX22G","__dup_5A6DFT_3",0,NA,NA,NA,"duplicate-individual-duplicate"
"Real 375","c","c-curved-chord","__dup_PQX22G_1","PQX22G","__union_9",0,NA,NA,NA,"duplicate-individual-union"
"Real 375","c","c-curved-chord","__dup_PQX22G_1","PQX22G","__union_11",0,NA,NA,NA,"duplicate-individual-union"
"Real 375","c","c-curved-chord","__dup_PQX22G_1","PQX22G","__union_13",0,NA,NA,NA,"duplicate-individual-union"
"Real 375","c","c-curved-chord","__dup_PQX22G_1","PQX22G","__union_15",0,NA,NA,NA,"duplicate-individual-union"
"Real 375","c","c-curved-chord","__dup_PQX22G_1","PQX22G","__union_16",0,NA,NA,NA,"duplicate-individual-union"
"Real 375","c","c-curved-chord","__dup_PQX22G_1","PQX22G","__union_19",0,NA,NA,NA,"duplicate-individual-union"
"Real 375","c","c-curved-chord","__dup_PQX22G_1","PQX22G","__union_22",0,NA,NA,NA,"duplicate-individual-union"
"Real 375","c","c-curved-chord","__dup_PQX22G_1","PQX22G","__union_23",0,NA,NA,NA,"duplicate-individual-union"
"Real 375","c","c-curved-chord","__dup_PQX22G_1","PQX22G","__union_31",0,NA,NA,NA,"duplicate-individual-union"
"Real 375","c","c-curved-chord","__dup_PQX22G_1","PQX22G","__union_32",0,NA,NA,NA,"duplicate-individual-union"
"Real 375","c","c-curved-chord","__dup_PQX22G_1","PQX22G","__union_33",0,NA,NA,NA,"duplicate-individual-union"
"Real 375","c","c-curved-chord","__dup_PQX22G_1","PQX22G","__union_35",0,NA,NA,NA,"duplicate-individual-union"
"Real 375","c","c-curved-chord","__dup_PQX22G_1","PQX22G","__union_38",0,NA,NA,NA,"duplicate-individual-union"
"Real 375","c","c-curved-chord","__dup_PQX22G_1","PQX22G","__union_41",0,NA,NA,NA,"duplicate-individual-union"
"Real 375","c","c-curved-chord","__dup_PQX22G_1","PQX22G","__union_44",0,NA,NA,NA,"duplicate-individual-union"
"Real 375","c","c-curved-chord","__dup_PQX22G_1","PQX22G","__union_45",0,NA,NA,NA,"duplicate-individual-union"
"Real 375","c","c-curved-chord","__dup_PQX22G_1","PQX22G","__union_46",0,NA,NA,NA,"duplicate-individual-union"
"Real 375","c","c-curved-chord","__dup_PQX22G_1","PQX22G","__union_48",0,NA,NA,NA,"duplicate-individual-union"
"Real 375","c","c-curved-chord","__dup_PQX22G_1","PQX22G","__union_49",0,NA,NA,NA,"duplicate-individual-union"
"Real 375","c","c-curved-chord","__dup_PQX22G_1","PQX22G","__union_50",0,NA,NA,NA,"duplicate-individual-union"
"Real 375","c","c-curved-chord","__dup_PQX22G_1","PQX22G","__union_51",0,NA,NA,NA,"duplicate-individual-union"
"Real 375","c","c-curved-chord","__dup_PQX22G_1","PQX22G","__union_53",0,NA,NA,NA,"duplicate-individual-union"
"Real 375","c","c-curved-chord","__dup_PQX22G_1","PQX22G","__union_57",0,NA,NA,NA,"duplicate-individual-union"
"Real 375","c","c-curved-chord","__dup_PQX22G_1","PQX22G","__union_58",0,NA,NA,NA,"duplicate-individual-union"
"Real 375","c","c-curved-chord","__dup_PQX22G_2","PQX22G","Y7IUMX",0,NA,NA,NA,"duplicate-individual-individual"
"Real 375","c","c-curved-chord","__dup_PQX22G_2","PQX22G","ESZ6I3",0,NA,NA,NA,"duplicate-individual-individual"
"Real 375","c","c-curved-chord","__dup_PQX22G_2","PQX22G","RJHF0G",0,NA,NA,NA,"duplicate-individual-individual"
"Real 375","c","c-curved-chord","__dup_PQX22G_2","PQX22G","8ZK9LV",0,NA,NA,NA,"duplicate-individual-individual"
"Real 375","c","c-curved-chord","__dup_PQX22G_2","PQX22G","3XP1ZD",0,NA,NA,NA,"duplicate-individual-individual"
"Real 375","c","c-curved-chord","__dup_PQX22G_2","PQX22G","7U5H8G",0,NA,NA,NA,"duplicate-individual-individual"
"Real 375","c","c-curved-chord","__dup_PQX22G_2","PQX22G","__dup_1X40V5_1",0,NA,NA,NA,"duplicate-individual-duplicate"
"Real 375","c","c-curved-chord","__dup_PQX22G_2","PQX22G","__dup_MY1AEU_3",0,NA,NA,NA,"duplicate-individual-duplicate"
"Real 375","c","c-curved-chord","__dup_PQX22G_2","PQX22G","__union_11",0,NA,NA,NA,"duplicate-individual-union"
"Real 375","c","c-curved-chord","__dup_PQX22G_2","PQX22G","__union_19",0,NA,NA,NA,"duplicate-individual-union"
"Real 375","c","c-curved-chord","__dup_PQX22G_2","PQX22G","__union_22",0,NA,NA,NA,"duplicate-individual-union"
"Real 375","c","c-curved-chord","__dup_PQX22G_2","PQX22G","__union_41",0,NA,NA,NA,"duplicate-individual-union"
"Real 375","c","c-curved-chord","__dup_PQX22G_2","PQX22G","__union_44",0,NA,NA,NA,"duplicate-individual-union"
"Real 375","c","c-curved-chord","__dup_PQX22G_2","PQX22G","__union_51",0,NA,NA,NA,"duplicate-individual-union"
"Real 375","c","c-curved-chord","__dup_WDBGPF_2","WDBGPF","CMJQGU",0,NA,NA,NA,"duplicate-individual-individual"
"Real 375","c","c-curved-chord","__dup_WDBGPF_2","WDBGPF","BZ8K78",0,NA,NA,NA,"duplicate-individual-individual"
"Real 375","c","c-curved-chord","__dup_WDBGPF_2","WDBGPF","Q8MRCZ",0,NA,NA,NA,"duplicate-individual-individual"
"Real 375","c","c-curved-chord","__dup_WDBGPF_2","WDBGPF","8DKELJ",0,NA,NA,NA,"duplicate-individual-individual"
"Real 375","c","c-curved-chord","__dup_WDBGPF_2","WDBGPF","LVS6QV",0,NA,NA,NA,"duplicate-individual-individual"
"Real 375","c","c-curved-chord","__dup_WDBGPF_2","WDBGPF","IYYFP6",0,NA,NA,NA,"duplicate-individual-individual"
"Real 375","c","c-curved-chord","__dup_WDBGPF_2","WDBGPF","G8EBU9",0,NA,NA,NA,"duplicate-individual-individual"
"Real 375","c","c-curved-chord","__dup_WDBGPF_2","WDBGPF","C1BAND",0,NA,NA,NA,"duplicate-individual-individual"
"Real 375","c","c-curved-chord","__dup_WDBGPF_2","WDBGPF","E2D59U",0,NA,NA,NA,"duplicate-individual-individual"
"Real 375","c","c-curved-chord","__dup_WDBGPF_2","WDBGPF","LVP52A",0,NA,NA,NA,"duplicate-individual-individual"
"Real 375","c","c-curved-chord","__dup_WDBGPF_2","WDBGPF","KWKJXQ",0,NA,NA,NA,"duplicate-individual-individual"
"Real 375","c","c-curved-chord","__dup_WDBGPF_2","WDBGPF","1ZERVB",0,NA,NA,NA,"duplicate-individual-individual"
"Real 375","c","c-curved-chord","__dup_WDBGPF_2","WDBGPF","MTSHHY",0,NA,NA,NA,"duplicate-individual-individual"
"Real 375","c","c-curved-chord","__dup_WDBGPF_2","WDBGPF","4EEKV7",0,NA,NA,NA,"duplicate-individual-individual"
"Real 375","c","c-curved-chord","__dup_WDBGPF_2","WDBGPF","WUPTU8",0,NA,NA,NA,"duplicate-individual-individual"
"Real 375","c","c-curved-chord","__dup_WDBGPF_2","WDBGPF","BM40IX",0,NA,NA,NA,"duplicate-individual-individual"
"Real 375","c","c-curved-chord","__dup_WDBGPF_2","WDBGPF","A3A34I",0,NA,NA,NA,"duplicate-individual-individual"
"Real 375","c","c-curved-chord","__dup_WDBGPF_2","WDBGPF","DPUHBA",0,NA,NA,NA,"duplicate-individual-individual"
"Real 375","c","c-curved-chord","__dup_WDBGPF_2","WDBGPF","L2I39Y",0,NA,NA,NA,"duplicate-individual-individual"
"Real 375","c","c-curved-chord","__dup_WDBGPF_2","WDBGPF","NPYENA",0,NA,NA,NA,"duplicate-individual-individual"
"Real 375","c","c-curved-chord","__dup_WDBGPF_2","WDBGPF","KXU1ZH",0,NA,NA,NA,"duplicate-individual-individual"
"Real 375","c","c-curved-chord","__dup_WDBGPF_2","WDBGPF","0FKJ81",0,NA,NA,NA,"duplicate-individual-individual"
"Real 375","c","c-curved-chord","__dup_WDBGPF_2","WDBGPF","I8ABQE",0,NA,NA,NA,"duplicate-individual-individual"
"Real 375","c","c-curved-chord","__dup_WDBGPF_2","WDBGPF","6S4HCB",0,NA,NA,NA,"duplicate-individual-individual"
"Real 375","c","c-curved-chord","__dup_WDBGPF_2","WDBGPF","5GQC24",0,NA,NA,NA,"duplicate-individual-individual"
"Real 375","c","c-curved-chord","__dup_WDBGPF_2","WDBGPF","YAV1NW",0,NA,NA,NA,"duplicate-individual-individual"
"Real 375","c","c-curved-chord","__dup_WDBGPF_2","WDBGPF","TTE0Z7",0,NA,NA,NA,"duplicate-individual-individual"
"Real 375","c","c-curved-chord","__dup_WDBGPF_2","WDBGPF","BD7MNF",0,NA,NA,NA,"duplicate-individual-individual"
"Real 375","c","c-curved-chord","__dup_WDBGPF_2","WDBGPF","FG9RYY",0,NA,NA,NA,"duplicate-individual-individual"
"Real 375","c","c-curved-chord","__dup_WDBGPF_2","WDBGPF","D8FYZV",0,NA,NA,NA,"duplicate-individual-individual"
"Real 375","c","c-curved-chord","__dup_WDBGPF_2","WDBGPF","BJ4J7G",0,NA,NA,NA,"duplicate-individual-individual"
"Real 375","c","c-curved-chord","__dup_WDBGPF_2","WDBGPF","C2YD43",0,NA,NA,NA,"duplicate-individual-individual"
"Real 375","c","c-curved-chord","__dup_WDBGPF_2","WDBGPF","AE08C8",0,NA,NA,NA,"duplicate-individual-individual"
"Real 375","c","c-curved-chord","__dup_WDBGPF_2","WDBGPF","IX0KKP",0,NA,NA,NA,"duplicate-individual-individual"
"Real 375","c","c-curved-chord","__dup_WDBGPF_2","WDBGPF","YCVRXE",0,NA,NA,NA,"duplicate-individual-individual"
"Real 375","c","c-curved-chord","__dup_WDBGPF_2","WDBGPF","ZK6NM2",0,NA,NA,NA,"duplicate-individual-individual"
"Real 375","c","c-curved-chord","__dup_WDBGPF_2","WDBGPF","IP1TGT",0,NA,NA,NA,"duplicate-individual-individual"
"Real 375","c","c-curved-chord","__dup_WDBGPF_2","WDBGPF","QWUKUY",0,NA,NA,NA,"duplicate-individual-individual"
"Real 375","c","c-curved-chord","__dup_WDBGPF_2","WDBGPF","C6E1D9",0,NA,NA,NA,"duplicate-individual-individual"
"Real 375","c","c-curved-chord","__dup_WDBGPF_2","WDBGPF","RD3WB2",0,NA,NA,NA,"duplicate-individual-individual"
"Real 375","c","c-curved-chord","__dup_WDBGPF_2","WDBGPF","L31S6S",0,NA,NA,NA,"duplicate-individual-individual"
"Real 375","c","c-curved-chord","__dup_WDBGPF_2","WDBGPF","ULQFEZ",0,NA,NA,NA,"duplicate-individual-individual"
"Real 375","c","c-curved-chord","__dup_WDBGPF_2","WDBGPF","UZCIN5",0,NA,NA,NA,"duplicate-individual-individual"
"Real 375","c","c-curved-chord","__dup_WDBGPF_2","WDBGPF","__dup_QWUKUY_1",0,NA,NA,NA,"duplicate-individual-duplicate"
"Real 375","c","c-curved-chord","__dup_WDBGPF_2","WDBGPF","__dup_7NBKWE_1",0,NA,NA,NA,"duplicate-individual-duplicate"
"Real 375","c","c-curved-chord","__dup_WDBGPF_2","WDBGPF","__dup_L31S6S_2",0,NA,NA,NA,"duplicate-individual-duplicate"
"Real 375","c","c-curved-chord","__dup_WDBGPF_2","WDBGPF","__dup_5A6DFT_1",0,NA,NA,NA,"duplicate-individual-duplicate"
"Real 375","c","c-curved-chord","__dup_WDBGPF_2","WDBGPF","__dup_PQX22G_1",0,NA,NA,NA,"duplicate-individual-duplicate"
"Real 375","c","c-curved-chord","__dup_WDBGPF_2","WDBGPF","__dup_BZ8K78_1",0,NA,NA,NA,"duplicate-individual-duplicate"
"Real 375","c","c-curved-chord","__dup_WDBGPF_2","WDBGPF","__dup_5A6DFT_2",0,NA,NA,NA,"duplicate-individual-duplicate"
"Real 375","c","c-curved-chord","__dup_WDBGPF_2","WDBGPF","__dup_QWUKUY_2",0,NA,NA,NA,"duplicate-individual-duplicate"
"Real 375","c","c-curved-chord","__dup_WDBGPF_2","WDBGPF","__dup_MY1AEU_1",0,NA,NA,NA,"duplicate-individual-duplicate"
"Real 375","c","c-curved-chord","__dup_WDBGPF_2","WDBGPF","__dup_I8ABQE_1",0,NA,NA,NA,"duplicate-individual-duplicate"
"Real 375","c","c-curved-chord","__dup_WDBGPF_2","WDBGPF","__dup_MY1AEU_2",0,NA,NA,NA,"duplicate-individual-duplicate"
"Real 375","c","c-curved-chord","__dup_WDBGPF_2","WDBGPF","__dup_28XSME_1",0,NA,NA,NA,"duplicate-individual-duplicate"
"Real 375","c","c-curved-chord","__dup_WDBGPF_2","WDBGPF","__dup_RD3WB2_1",0,NA,NA,NA,"duplicate-individual-duplicate"
"Real 375","c","c-curved-chord","__dup_WDBGPF_2","WDBGPF","__dup_5A6DFT_3",0,NA,NA,NA,"duplicate-individual-duplicate"
"Real 375","c","c-curved-chord","__dup_WDBGPF_2","WDBGPF","__union_8",0,NA,NA,NA,"duplicate-individual-union"
"Real 375","c","c-curved-chord","__dup_WDBGPF_2","WDBGPF","__union_9",0,NA,NA,NA,"duplicate-individual-union"
"Real 375","c","c-curved-chord","__dup_WDBGPF_2","WDBGPF","__union_10",0,NA,NA,NA,"duplicate-individual-union"
"Real 375","c","c-curved-chord","__dup_WDBGPF_2","WDBGPF","__union_13",0,NA,NA,NA,"duplicate-individual-union"
"Real 375","c","c-curved-chord","__dup_WDBGPF_2","WDBGPF","__union_16",0,NA,NA,NA,"duplicate-individual-union"
"Real 375","c","c-curved-chord","__dup_WDBGPF_2","WDBGPF","__union_20",0,NA,NA,NA,"duplicate-individual-union"
"Real 375","c","c-curved-chord","__dup_WDBGPF_2","WDBGPF","__union_23",0,NA,NA,NA,"duplicate-individual-union"
"Real 375","c","c-curved-chord","__dup_WDBGPF_2","WDBGPF","__union_24",0,NA,NA,NA,"duplicate-individual-union"
"Real 375","c","c-curved-chord","__dup_WDBGPF_2","WDBGPF","__union_27",0,NA,NA,NA,"duplicate-individual-union"
"Real 375","c","c-curved-chord","__dup_WDBGPF_2","WDBGPF","__union_28",0,NA,NA,NA,"duplicate-individual-union"
"Real 375","c","c-curved-chord","__dup_WDBGPF_2","WDBGPF","__union_29",0,NA,NA,NA,"duplicate-individual-union"
"Real 375","c","c-curved-chord","__dup_WDBGPF_2","WDBGPF","__union_30",0,NA,NA,NA,"duplicate-individual-union"
"Real 375","c","c-curved-chord","__dup_WDBGPF_2","WDBGPF","__union_31",0,NA,NA,NA,"duplicate-individual-union"
"Real 375","c","c-curved-chord","__dup_WDBGPF_2","WDBGPF","__union_32",0,NA,NA,NA,"duplicate-individual-union"
"Real 375","c","c-curved-chord","__dup_WDBGPF_2","WDBGPF","__union_33",0,NA,NA,NA,"duplicate-individual-union"
"Real 375","c","c-curved-chord","__dup_WDBGPF_2","WDBGPF","__union_34",0,NA,NA,NA,"duplicate-individual-union"
"Real 375","c","c-curved-chord","__dup_WDBGPF_2","WDBGPF","__union_37",0,NA,NA,NA,"duplicate-individual-union"
"Real 375","c","c-curved-chord","__dup_WDBGPF_2","WDBGPF","__union_38",0,NA,NA,NA,"duplicate-individual-union"
"Real 375","c","c-curved-chord","__dup_WDBGPF_2","WDBGPF","__union_40",0,NA,NA,NA,"duplicate-individual-union"
"Real 375","c","c-curved-chord","__dup_WDBGPF_2","WDBGPF","__union_42",0,NA,NA,NA,"duplicate-individual-union"
"Real 375","c","c-curved-chord","__dup_WDBGPF_2","WDBGPF","__union_45",0,NA,NA,NA,"duplicate-individual-union"
"Real 375","c","c-curved-chord","__dup_WDBGPF_2","WDBGPF","__union_46",0,NA,NA,NA,"duplicate-individual-union"
"Real 375","c","c-curved-chord","__dup_WDBGPF_2","WDBGPF","__union_48",0,NA,NA,NA,"duplicate-individual-union"
"Real 375","c","c-curved-chord","__dup_WDBGPF_2","WDBGPF","__union_49",0,NA,NA,NA,"duplicate-individual-union"
"Real 375","c","c-curved-chord","__dup_WDBGPF_2","WDBGPF","__union_50",0,NA,NA,NA,"duplicate-individual-union"
"Real 375","c","c-curved-chord","__dup_WDBGPF_2","WDBGPF","__union_52",0,NA,NA,NA,"duplicate-individual-union"
"Real 375","c","c-curved-chord","__dup_WDBGPF_2","WDBGPF","__union_53",0,NA,NA,NA,"duplicate-individual-union"
"Real 375","c","c-curved-chord","__dup_WDBGPF_2","WDBGPF","__union_54",0,NA,NA,NA,"duplicate-individual-union"
"Real 375","c","c-curved-chord","__dup_WDBGPF_2","WDBGPF","__union_55",0,NA,NA,NA,"duplicate-individual-union"
"Real 375","c","c-curved-chord","__dup_WDBGPF_2","WDBGPF","__union_56",0,NA,NA,NA,"duplicate-individual-union"
"Real 375","c","c-curved-chord","__dup_WDBGPF_2","WDBGPF","__union_57",0,NA,NA,NA,"duplicate-individual-union"
"Real 375","c","c-curved-chord","__dup_WDBGPF_2","WDBGPF","__union_58",0,NA,NA,NA,"duplicate-individual-union"
"Real 375","c","c-curved-chord","__dup_BZ8K78_1","BZ8K78","C1BAND",0,NA,NA,NA,"duplicate-individual-individual"
"Real 375","c","c-curved-chord","__dup_BZ8K78_1","BZ8K78","E2D59U",0,NA,NA,NA,"duplicate-individual-individual"
"Real 375","c","c-curved-chord","__dup_BZ8K78_1","BZ8K78","__dup_QWUKUY_2",0,NA,NA,NA,"duplicate-individual-duplicate"
"Real 375","c","c-curved-chord","__dup_BZ8K78_1","BZ8K78","__union_8",0,NA,NA,NA,"duplicate-individual-union"
"Real 375","c","c-curved-chord","__dup_BZ8K78_1","BZ8K78","__union_40",0,NA,NA,NA,"duplicate-individual-union"
"Real 375","c","c-curved-chord","__dup_5A6DFT_2","5A6DFT","CMJQGU",0,NA,NA,NA,"duplicate-individual-individual"
"Real 375","c","c-curved-chord","__dup_5A6DFT_2","5A6DFT","9A1LWF",0,NA,NA,NA,"duplicate-individual-individual"
"Real 375","c","c-curved-chord","__dup_5A6DFT_2","5A6DFT","Y7IUMX",0,NA,NA,NA,"duplicate-individual-individual"
"Real 375","c","c-curved-chord","__dup_5A6DFT_2","5A6DFT","PQX22G",0,NA,NA,NA,"duplicate-individual-individual"
"Real 375","c","c-curved-chord","__dup_5A6DFT_2","5A6DFT","KXU1ZH",0,NA,NA,NA,"duplicate-individual-individual"
"Real 375","c","c-curved-chord","__dup_5A6DFT_2","5A6DFT","6S4HCB",0,NA,NA,NA,"duplicate-individual-individual"
"Real 375","c","c-curved-chord","__dup_5A6DFT_2","5A6DFT","5GQC24",0,NA,NA,NA,"duplicate-individual-individual"
"Real 375","c","c-curved-chord","__dup_5A6DFT_2","5A6DFT","TTE0Z7",0,NA,NA,NA,"duplicate-individual-individual"
"Real 375","c","c-curved-chord","__dup_5A6DFT_2","5A6DFT","BD7MNF",0,NA,NA,NA,"duplicate-individual-individual"
"Real 375","c","c-curved-chord","__dup_5A6DFT_2","5A6DFT","FG9RYY",0,NA,NA,NA,"duplicate-individual-individual"
"Real 375","c","c-curved-chord","__dup_5A6DFT_2","5A6DFT","D8FYZV",0,NA,NA,NA,"duplicate-individual-individual"
"Real 375","c","c-curved-chord","__dup_5A6DFT_2","5A6DFT","BJ4J7G",0,NA,NA,NA,"duplicate-individual-individual"
"Real 375","c","c-curved-chord","__dup_5A6DFT_2","5A6DFT","C2YD43",0,NA,NA,NA,"duplicate-individual-individual"
"Real 375","c","c-curved-chord","__dup_5A6DFT_2","5A6DFT","AE08C8",0,NA,NA,NA,"duplicate-individual-individual"
"Real 375","c","c-curved-chord","__dup_5A6DFT_2","5A6DFT","IX0KKP",0,NA,NA,NA,"duplicate-individual-individual"
"Real 375","c","c-curved-chord","__dup_5A6DFT_2","5A6DFT","YCVRXE",0,NA,NA,NA,"duplicate-individual-individual"
"Real 375","c","c-curved-chord","__dup_5A6DFT_2","5A6DFT","ZK6NM2",0,NA,NA,NA,"duplicate-individual-individual"
"Real 375","c","c-curved-chord","__dup_5A6DFT_2","5A6DFT","IP1TGT",0,NA,NA,NA,"duplicate-individual-individual"
"Real 375","c","c-curved-chord","__dup_5A6DFT_2","5A6DFT","97Y192",0,NA,NA,NA,"duplicate-individual-individual"
"Real 375","c","c-curved-chord","__dup_5A6DFT_2","5A6DFT","TUILLQ",0,NA,NA,NA,"duplicate-individual-individual"
"Real 375","c","c-curved-chord","__dup_5A6DFT_2","5A6DFT","CBLNYE",0,NA,NA,NA,"duplicate-individual-individual"
"Real 375","c","c-curved-chord","__dup_5A6DFT_2","5A6DFT","B948B1",0,NA,NA,NA,"duplicate-individual-individual"
"Real 375","c","c-curved-chord","__dup_5A6DFT_2","5A6DFT","QWUKUY",0,NA,NA,NA,"duplicate-individual-individual"
"Real 375","c","c-curved-chord","__dup_5A6DFT_2","5A6DFT","1X40V5",0,NA,NA,NA,"duplicate-individual-individual"
"Real 375","c","c-curved-chord","__dup_5A6DFT_2","5A6DFT","WDBGPF",0,NA,NA,NA,"duplicate-individual-individual"
"Real 375","c","c-curved-chord","__dup_5A6DFT_2","5A6DFT","C3V2V6",0,NA,NA,NA,"duplicate-individual-individual"
"Real 375","c","c-curved-chord","__dup_5A6DFT_2","5A6DFT","ESZ6I3",0,NA,NA,NA,"duplicate-individual-individual"
"Real 375","c","c-curved-chord","__dup_5A6DFT_2","5A6DFT","RJHF0G",0,NA,NA,NA,"duplicate-individual-individual"
"Real 375","c","c-curved-chord","__dup_5A6DFT_2","5A6DFT","8ZK9LV",0,NA,NA,NA,"duplicate-individual-individual"
"Real 375","c","c-curved-chord","__dup_5A6DFT_2","5A6DFT","3XP1ZD",0,NA,NA,NA,"duplicate-individual-individual"
"Real 375","c","c-curved-chord","__dup_5A6DFT_2","5A6DFT","7U5H8G",0,NA,NA,NA,"duplicate-individual-individual"
"Real 375","c","c-curved-chord","__dup_5A6DFT_2","5A6DFT","HCY8QM",0,NA,NA,NA,"duplicate-individual-individual"
"Real 375","c","c-curved-chord","__dup_5A6DFT_2","5A6DFT","ULQFEZ",0,NA,NA,NA,"duplicate-individual-individual"
"Real 375","c","c-curved-chord","__dup_5A6DFT_2","5A6DFT","UZCIN5",0,NA,NA,NA,"duplicate-individual-individual"
"Real 375","c","c-curved-chord","__dup_5A6DFT_2","5A6DFT","__dup_WDBGPF_1",0,NA,NA,NA,"duplicate-individual-duplicate"
"Real 375","c","c-curved-chord","__dup_5A6DFT_2","5A6DFT","__dup_PQX22G_2",0,NA,NA,NA,"duplicate-individual-duplicate"
"Real 375","c","c-curved-chord","__dup_5A6DFT_2","5A6DFT","__dup_1X40V5_1",0,NA,NA,NA,"duplicate-individual-duplicate"
"Real 375","c","c-curved-chord","__dup_5A6DFT_2","5A6DFT","__dup_6S4HCB_1",0,NA,NA,NA,"duplicate-individual-duplicate"
"Real 375","c","c-curved-chord","__dup_5A6DFT_2","5A6DFT","__dup_I8ABQE_1",0,NA,NA,NA,"duplicate-individual-duplicate"
"Real 375","c","c-curved-chord","__dup_5A6DFT_2","5A6DFT","__dup_MY1AEU_2",0,NA,NA,NA,"duplicate-individual-duplicate"
"Real 375","c","c-curved-chord","__dup_5A6DFT_2","5A6DFT","__dup_MY1AEU_3",0,NA,NA,NA,"duplicate-individual-duplicate"
"Real 375","c","c-curved-chord","__dup_5A6DFT_2","5A6DFT","__union_9",0,NA,NA,NA,"duplicate-individual-union"
"Real 375","c","c-curved-chord","__dup_5A6DFT_2","5A6DFT","__union_11",0,NA,NA,NA,"duplicate-individual-union"
"Real 375","c","c-curved-chord","__dup_5A6DFT_2","5A6DFT","__union_13",0,NA,NA,NA,"duplicate-individual-union"
"Real 375","c","c-curved-chord","__dup_5A6DFT_2","5A6DFT","__union_15",0,NA,NA,NA,"duplicate-individual-union"
"Real 375","c","c-curved-chord","__dup_5A6DFT_2","5A6DFT","__union_16",0,NA,NA,NA,"duplicate-individual-union"
"Real 375","c","c-curved-chord","__dup_5A6DFT_2","5A6DFT","__union_19",0,NA,NA,NA,"duplicate-individual-union"
"Real 375","c","c-curved-chord","__dup_5A6DFT_2","5A6DFT","__union_22",0,NA,NA,NA,"duplicate-individual-union"
"Real 375","c","c-curved-chord","__dup_5A6DFT_2","5A6DFT","__union_23",0,NA,NA,NA,"duplicate-individual-union"
"Real 375","c","c-curved-chord","__dup_5A6DFT_2","5A6DFT","__union_31",0,NA,NA,NA,"duplicate-individual-union"
"Real 375","c","c-curved-chord","__dup_5A6DFT_2","5A6DFT","__union_33",0,NA,NA,NA,"duplicate-individual-union"
"Real 375","c","c-curved-chord","__dup_5A6DFT_2","5A6DFT","__union_35",0,NA,NA,NA,"duplicate-individual-union"
"Real 375","c","c-curved-chord","__dup_5A6DFT_2","5A6DFT","__union_41",0,NA,NA,NA,"duplicate-individual-union"
"Real 375","c","c-curved-chord","__dup_5A6DFT_2","5A6DFT","__union_44",0,NA,NA,NA,"duplicate-individual-union"
"Real 375","c","c-curved-chord","__dup_5A6DFT_2","5A6DFT","__union_45",0,NA,NA,NA,"duplicate-individual-union"
"Real 375","c","c-curved-chord","__dup_5A6DFT_2","5A6DFT","__union_46",0,NA,NA,NA,"duplicate-individual-union"
"Real 375","c","c-curved-chord","__dup_5A6DFT_2","5A6DFT","__union_48",0,NA,NA,NA,"duplicate-individual-union"
"Real 375","c","c-curved-chord","__dup_5A6DFT_2","5A6DFT","__union_50",0,NA,NA,NA,"duplicate-individual-union"
"Real 375","c","c-curved-chord","__dup_5A6DFT_2","5A6DFT","__union_51",0,NA,NA,NA,"duplicate-individual-union"
"Real 375","c","c-curved-chord","__dup_5A6DFT_2","5A6DFT","__union_53",0,NA,NA,NA,"duplicate-individual-union"
"Real 375","c","c-curved-chord","__dup_5A6DFT_2","5A6DFT","__union_58",0,NA,NA,NA,"duplicate-individual-union"
"Real 375","c","c-curved-chord","__dup_QWUKUY_2","QWUKUY","BZ8K78",0,NA,NA,NA,"duplicate-individual-individual"
"Real 375","c","c-curved-chord","__dup_QWUKUY_2","QWUKUY","E2D59U",0,NA,NA,NA,"duplicate-individual-individual"
"Real 375","c","c-curved-chord","__dup_QWUKUY_2","QWUKUY","LVP52A",0,NA,NA,NA,"duplicate-individual-individual"
"Real 375","c","c-curved-chord","__dup_QWUKUY_2","QWUKUY","KWKJXQ",0,NA,NA,NA,"duplicate-individual-individual"
"Real 375","c","c-curved-chord","__dup_QWUKUY_2","QWUKUY","1ZERVB",0,NA,NA,NA,"duplicate-individual-individual"
"Real 375","c","c-curved-chord","__dup_QWUKUY_2","QWUKUY","MTSHHY",0,NA,NA,NA,"duplicate-individual-individual"
"Real 375","c","c-curved-chord","__dup_QWUKUY_2","QWUKUY","4EEKV7",0,NA,NA,NA,"duplicate-individual-individual"
"Real 375","c","c-curved-chord","__dup_QWUKUY_2","QWUKUY","WUPTU8",0,NA,NA,NA,"duplicate-individual-individual"
"Real 375","c","c-curved-chord","__dup_QWUKUY_2","QWUKUY","BM40IX",0,NA,NA,NA,"duplicate-individual-individual"
"Real 375","c","c-curved-chord","__dup_QWUKUY_2","QWUKUY","A3A34I",0,NA,NA,NA,"duplicate-individual-individual"
"Real 375","c","c-curved-chord","__dup_QWUKUY_2","QWUKUY","DPUHBA",0,NA,NA,NA,"duplicate-individual-individual"
"Real 375","c","c-curved-chord","__dup_QWUKUY_2","QWUKUY","L2I39Y",0,NA,NA,NA,"duplicate-individual-individual"
"Real 375","c","c-curved-chord","__dup_QWUKUY_2","QWUKUY","NPYENA",0,NA,NA,NA,"duplicate-individual-individual"
"Real 375","c","c-curved-chord","__dup_QWUKUY_2","QWUKUY","KXU1ZH",0,NA,NA,NA,"duplicate-individual-individual"
"Real 375","c","c-curved-chord","__dup_QWUKUY_2","QWUKUY","0FKJ81",0,NA,NA,NA,"duplicate-individual-individual"
"Real 375","c","c-curved-chord","__dup_QWUKUY_2","QWUKUY","I8ABQE",0,NA,NA,NA,"duplicate-individual-individual"
"Real 375","c","c-curved-chord","__dup_QWUKUY_2","QWUKUY","6S4HCB",0,NA,NA,NA,"duplicate-individual-individual"
"Real 375","c","c-curved-chord","__dup_QWUKUY_2","QWUKUY","5GQC24",0,NA,NA,NA,"duplicate-individual-individual"
"Real 375","c","c-curved-chord","__dup_QWUKUY_2","QWUKUY","BD7MNF",0,NA,NA,NA,"duplicate-individual-individual"
"Real 375","c","c-curved-chord","__dup_QWUKUY_2","QWUKUY","FG9RYY",0,NA,NA,NA,"duplicate-individual-individual"
"Real 375","c","c-curved-chord","__dup_QWUKUY_2","QWUKUY","BJ4J7G",0,NA,NA,NA,"duplicate-individual-individual"
"Real 375","c","c-curved-chord","__dup_QWUKUY_2","QWUKUY","C2YD43",0,NA,NA,NA,"duplicate-individual-individual"
"Real 375","c","c-curved-chord","__dup_QWUKUY_2","QWUKUY","AE08C8",0,NA,NA,NA,"duplicate-individual-individual"
"Real 375","c","c-curved-chord","__dup_QWUKUY_2","QWUKUY","IX0KKP",0,NA,NA,NA,"duplicate-individual-individual"
"Real 375","c","c-curved-chord","__dup_QWUKUY_2","QWUKUY","RD3WB2",0,NA,NA,NA,"duplicate-individual-individual"
"Real 375","c","c-curved-chord","__dup_QWUKUY_2","QWUKUY","L31S6S",0,NA,NA,NA,"duplicate-individual-individual"
"Real 375","c","c-curved-chord","__dup_QWUKUY_2","QWUKUY","UZCIN5",0,NA,NA,NA,"duplicate-individual-individual"
"Real 375","c","c-curved-chord","__dup_QWUKUY_2","QWUKUY","__dup_7NBKWE_1",0,NA,NA,NA,"duplicate-individual-duplicate"
"Real 375","c","c-curved-chord","__dup_QWUKUY_2","QWUKUY","__dup_L31S6S_2",0,NA,NA,NA,"duplicate-individual-duplicate"
"Real 375","c","c-curved-chord","__dup_QWUKUY_2","QWUKUY","__dup_PQX22G_1",0,NA,NA,NA,"duplicate-individual-duplicate"
"Real 375","c","c-curved-chord","__dup_QWUKUY_2","QWUKUY","__dup_5A6DFT_2",0,NA,NA,NA,"duplicate-individual-duplicate"
"Real 375","c","c-curved-chord","__dup_QWUKUY_2","QWUKUY","__dup_I8ABQE_1",0,NA,NA,NA,"duplicate-individual-duplicate"
"Real 375","c","c-curved-chord","__dup_QWUKUY_2","QWUKUY","__dup_28XSME_1",0,NA,NA,NA,"duplicate-individual-duplicate"
"Real 375","c","c-curved-chord","__dup_QWUKUY_2","QWUKUY","__dup_RD3WB2_1",0,NA,NA,NA,"duplicate-individual-duplicate"
"Real 375","c","c-curved-chord","__dup_QWUKUY_2","QWUKUY","__dup_5A6DFT_3",0,NA,NA,NA,"duplicate-individual-duplicate"
"Real 375","c","c-curved-chord","__dup_QWUKUY_2","QWUKUY","__union_8",0,NA,NA,NA,"duplicate-individual-union"
"Real 375","c","c-curved-chord","__dup_QWUKUY_2","QWUKUY","__union_10",0,NA,NA,NA,"duplicate-individual-union"
"Real 375","c","c-curved-chord","__dup_QWUKUY_2","QWUKUY","__union_13",0,NA,NA,NA,"duplicate-individual-union"
"Real 375","c","c-curved-chord","__dup_QWUKUY_2","QWUKUY","__union_16",0,NA,NA,NA,"duplicate-individual-union"
"Real 375","c","c-curved-chord","__dup_QWUKUY_2","QWUKUY","__union_20",0,NA,NA,NA,"duplicate-individual-union"
"Real 375","c","c-curved-chord","__dup_QWUKUY_2","QWUKUY","__union_24",0,NA,NA,NA,"duplicate-individual-union"
"Real 375","c","c-curved-chord","__dup_QWUKUY_2","QWUKUY","__union_27",0,NA,NA,NA,"duplicate-individual-union"
"Real 375","c","c-curved-chord","__dup_QWUKUY_2","QWUKUY","__union_28",0,NA,NA,NA,"duplicate-individual-union"
"Real 375","c","c-curved-chord","__dup_QWUKUY_2","QWUKUY","__union_31",0,NA,NA,NA,"duplicate-individual-union"
"Real 375","c","c-curved-chord","__dup_QWUKUY_2","QWUKUY","__union_32",0,NA,NA,NA,"duplicate-individual-union"
"Real 375","c","c-curved-chord","__dup_QWUKUY_2","QWUKUY","__union_33",0,NA,NA,NA,"duplicate-individual-union"
"Real 375","c","c-curved-chord","__dup_QWUKUY_2","QWUKUY","__union_34",0,NA,NA,NA,"duplicate-individual-union"
"Real 375","c","c-curved-chord","__dup_QWUKUY_2","QWUKUY","__union_38",0,NA,NA,NA,"duplicate-individual-union"
"Real 375","c","c-curved-chord","__dup_QWUKUY_2","QWUKUY","__union_49",0,NA,NA,NA,"duplicate-individual-union"
"Real 375","c","c-curved-chord","__dup_QWUKUY_2","QWUKUY","__union_52",0,NA,NA,NA,"duplicate-individual-union"
"Real 375","c","c-curved-chord","__dup_QWUKUY_2","QWUKUY","__union_53",0,NA,NA,NA,"duplicate-individual-union"
"Real 375","c","c-curved-chord","__dup_QWUKUY_2","QWUKUY","__union_54",0,NA,NA,NA,"duplicate-individual-union"
"Real 375","c","c-curved-chord","__dup_QWUKUY_2","QWUKUY","__union_55",0,NA,NA,NA,"duplicate-individual-union"
"Real 375","c","c-curved-chord","__dup_QWUKUY_2","QWUKUY","__union_57",0,NA,NA,NA,"duplicate-individual-union"
"Real 375","c","c-curved-chord","__dup_QWUKUY_2","QWUKUY","__union_58",0,NA,NA,NA,"duplicate-individual-union"
"Real 375","c","c-curved-chord","1X40V5","__dup_1X40V5_1","B948B1",0,NA,NA,NA,"individual-duplicate-individual"
"Real 375","c","c-curved-chord","1X40V5","__dup_1X40V5_1","C3V2V6",0,NA,NA,NA,"individual-duplicate-individual"
"Real 375","c","c-curved-chord","1X40V5","__dup_1X40V5_1","ESZ6I3",0,NA,NA,NA,"individual-duplicate-individual"
"Real 375","c","c-curved-chord","1X40V5","__dup_1X40V5_1","__dup_PQX22G_2",0,NA,NA,NA,"individual-duplicate-duplicate"
"Real 375","c","c-curved-chord","1X40V5","__dup_1X40V5_1","__union_35",0,NA,NA,NA,"individual-duplicate-union"
"Real 375","c","c-curved-chord","1X40V5","__dup_1X40V5_1","__union_41",0,NA,NA,NA,"individual-duplicate-union"
"Real 375","c","c-curved-chord","1X40V5","__dup_1X40V5_1","__union_51",0,NA,NA,NA,"individual-duplicate-union"
"Real 375","c","c-curved-chord","MY1AEU","__dup_MY1AEU_1","RKBTHH",0,NA,NA,NA,"individual-duplicate-individual"
"Real 375","c","c-curved-chord","MY1AEU","__dup_MY1AEU_1","EZ97J5",0,NA,NA,NA,"individual-duplicate-individual"
"Real 375","c","c-curved-chord","MY1AEU","__dup_MY1AEU_1","Q8MRCZ",0,NA,NA,NA,"individual-duplicate-individual"
"Real 375","c","c-curved-chord","MY1AEU","__dup_MY1AEU_1","8DKELJ",0,NA,NA,NA,"individual-duplicate-individual"
"Real 375","c","c-curved-chord","MY1AEU","__dup_MY1AEU_1","LVS6QV",0,NA,NA,NA,"individual-duplicate-individual"
"Real 375","c","c-curved-chord","MY1AEU","__dup_MY1AEU_1","IYYFP6",0,NA,NA,NA,"individual-duplicate-individual"
"Real 375","c","c-curved-chord","MY1AEU","__dup_MY1AEU_1","YAV1NW",0,NA,NA,NA,"individual-duplicate-individual"
"Real 375","c","c-curved-chord","MY1AEU","__dup_MY1AEU_1","C6E1D9",0,NA,NA,NA,"individual-duplicate-individual"
"Real 375","c","c-curved-chord","MY1AEU","__dup_MY1AEU_1","UTU9S7",0,NA,NA,NA,"individual-duplicate-individual"
"Real 375","c","c-curved-chord","MY1AEU","__dup_MY1AEU_1","__dup_5A6DFT_1",0,NA,NA,NA,"individual-duplicate-duplicate"
"Real 375","c","c-curved-chord","MY1AEU","__dup_MY1AEU_1","__dup_WDBGPF_2",0,NA,NA,NA,"individual-duplicate-duplicate"
"Real 375","c","c-curved-chord","MY1AEU","__dup_MY1AEU_1","__union_29",0,NA,NA,NA,"individual-duplicate-union"
"Real 375","c","c-curved-chord","MY1AEU","__dup_MY1AEU_1","__union_30",0,NA,NA,NA,"individual-duplicate-union"
"Real 375","c","c-curved-chord","MY1AEU","__dup_MY1AEU_1","__union_36",0,NA,NA,NA,"individual-duplicate-union"
"Real 375","c","c-curved-chord","MY1AEU","__dup_MY1AEU_1","__union_42",0,NA,NA,NA,"individual-duplicate-union"
"Real 375","c","c-curved-chord","MY1AEU","__dup_MY1AEU_1","__union_43",0,NA,NA,NA,"individual-duplicate-union"
"Real 375","c","c-curved-chord","MY1AEU","__dup_MY1AEU_1","__union_56",0,NA,NA,NA,"individual-duplicate-union"
"Real 375","c","c-curved-chord","__dup_L31S6S_3","L31S6S","C3IFT0",0,NA,NA,NA,"duplicate-individual-individual"
"Real 375","c","c-curved-chord","__dup_L31S6S_3","L31S6S","RKBTHH",0,NA,NA,NA,"duplicate-individual-individual"
"Real 375","c","c-curved-chord","__dup_L31S6S_3","L31S6S","EZ97J5",0,NA,NA,NA,"duplicate-individual-individual"
"Real 375","c","c-curved-chord","__dup_L31S6S_3","L31S6S","BZ8K78",0,NA,NA,NA,"duplicate-individual-individual"
"Real 375","c","c-curved-chord","__dup_L31S6S_3","L31S6S","Q8MRCZ",0,NA,NA,NA,"duplicate-individual-individual"
"Real 375","c","c-curved-chord","__dup_L31S6S_3","L31S6S","8DKELJ",0,NA,NA,NA,"duplicate-individual-individual"
"Real 375","c","c-curved-chord","__dup_L31S6S_3","L31S6S","LVS6QV",0,NA,NA,NA,"duplicate-individual-individual"
"Real 375","c","c-curved-chord","__dup_L31S6S_3","L31S6S","IYYFP6",0,NA,NA,NA,"duplicate-individual-individual"
"Real 375","c","c-curved-chord","__dup_L31S6S_3","L31S6S","G8EBU9",0,NA,NA,NA,"duplicate-individual-individual"
"Real 375","c","c-curved-chord","__dup_L31S6S_3","L31S6S","C1BAND",0,NA,NA,NA,"duplicate-individual-individual"
"Real 375","c","c-curved-chord","__dup_L31S6S_3","L31S6S","E2D59U",0,NA,NA,NA,"duplicate-individual-individual"
"Real 375","c","c-curved-chord","__dup_L31S6S_3","L31S6S","LVP52A",0,NA,NA,NA,"duplicate-individual-individual"
"Real 375","c","c-curved-chord","__dup_L31S6S_3","L31S6S","KWKJXQ",0,NA,NA,NA,"duplicate-individual-individual"
"Real 375","c","c-curved-chord","__dup_L31S6S_3","L31S6S","1ZERVB",0,NA,NA,NA,"duplicate-individual-individual"
"Real 375","c","c-curved-chord","__dup_L31S6S_3","L31S6S","YAV1NW",0,NA,NA,NA,"duplicate-individual-individual"
"Real 375","c","c-curved-chord","__dup_L31S6S_3","L31S6S","MY1AEU",0,NA,NA,NA,"duplicate-individual-individual"
"Real 375","c","c-curved-chord","__dup_L31S6S_3","L31S6S","C6E1D9",0,NA,NA,NA,"duplicate-individual-individual"
"Real 375","c","c-curved-chord","__dup_L31S6S_3","L31S6S","7NBKWE",0,NA,NA,NA,"duplicate-individual-individual"
"Real 375","c","c-curved-chord","__dup_L31S6S_3","L31S6S","UCXEK5",0,NA,NA,NA,"duplicate-individual-individual"
"Real 375","c","c-curved-chord","__dup_L31S6S_3","L31S6S","UTU9S7",0,NA,NA,NA,"duplicate-individual-individual"
"Real 375","c","c-curved-chord","__dup_L31S6S_3","L31S6S","__dup_QWUKUY_1",0,NA,NA,NA,"duplicate-individual-duplicate"
"Real 375","c","c-curved-chord","__dup_L31S6S_3","L31S6S","__dup_7NBKWE_1",0,NA,NA,NA,"duplicate-individual-duplicate"
"Real 375","c","c-curved-chord","__dup_L31S6S_3","L31S6S","__dup_5A6DFT_1",0,NA,NA,NA,"duplicate-individual-duplicate"
"Real 375","c","c-curved-chord","__dup_L31S6S_3","L31S6S","__dup_WDBGPF_2",0,NA,NA,NA,"duplicate-individual-duplicate"
"Real 375","c","c-curved-chord","__dup_L31S6S_3","L31S6S","__dup_BZ8K78_1",0,NA,NA,NA,"duplicate-individual-duplicate"
"Real 375","c","c-curved-chord","__dup_L31S6S_3","L31S6S","__dup_QWUKUY_2",0,NA,NA,NA,"duplicate-individual-duplicate"
"Real 375","c","c-curved-chord","__dup_L31S6S_3","L31S6S","__dup_MY1AEU_1",0,NA,NA,NA,"duplicate-individual-duplicate"
"Real 375","c","c-curved-chord","__dup_L31S6S_3","L31S6S","__union_8",0,NA,NA,NA,"duplicate-individual-union"
"Real 375","c","c-curved-chord","__dup_L31S6S_3","L31S6S","__union_10",0,NA,NA,NA,"duplicate-individual-union"
"Real 375","c","c-curved-chord","__dup_L31S6S_3","L31S6S","__union_14",0,NA,NA,NA,"duplicate-individual-union"
"Real 375","c","c-curved-chord","__dup_L31S6S_3","L31S6S","__union_20",0,NA,NA,NA,"duplicate-individual-union"
"Real 375","c","c-curved-chord","__dup_L31S6S_3","L31S6S","__union_24",0,NA,NA,NA,"duplicate-individual-union"
"Real 375","c","c-curved-chord","__dup_L31S6S_3","L31S6S","__union_29",0,NA,NA,NA,"duplicate-individual-union"
"Real 375","c","c-curved-chord","__dup_L31S6S_3","L31S6S","__union_30",0,NA,NA,NA,"duplicate-individual-union"
"Real 375","c","c-curved-chord","__dup_L31S6S_3","L31S6S","__union_36",0,NA,NA,NA,"duplicate-individual-union"
"Real 375","c","c-curved-chord","__dup_L31S6S_3","L31S6S","__union_37",0,NA,NA,NA,"duplicate-individual-union"
"Real 375","c","c-curved-chord","__dup_L31S6S_3","L31S6S","__union_39",0,NA,NA,NA,"duplicate-individual-union"
"Real 375","c","c-curved-chord","__dup_L31S6S_3","L31S6S","__union_40",0,NA,NA,NA,"duplicate-individual-union"
"Real 375","c","c-curved-chord","__dup_L31S6S_3","L31S6S","__union_42",0,NA,NA,NA,"duplicate-individual-union"
"Real 375","c","c-curved-chord","__dup_L31S6S_3","L31S6S","__union_43",0,NA,NA,NA,"duplicate-individual-union"
"Real 375","c","c-curved-chord","__dup_L31S6S_3","L31S6S","__union_55",0,NA,NA,NA,"duplicate-individual-union"
"Real 375","c","c-curved-chord","__dup_L31S6S_3","L31S6S","__union_56",0,NA,NA,NA,"duplicate-individual-union"
"Real 375","c","c-curved-chord","6S4HCB","__dup_6S4HCB_1","CMJQGU",0,NA,NA,NA,"individual-duplicate-individual"
"Real 375","c","c-curved-chord","6S4HCB","__dup_6S4HCB_1","Y7IUMX",0,NA,NA,NA,"individual-duplicate-individual"
"Real 375","c","c-curved-chord","6S4HCB","__dup_6S4HCB_1","PQX22G",0,NA,NA,NA,"individual-duplicate-individual"
"Real 375","c","c-curved-chord","6S4HCB","__dup_6S4HCB_1","KXU1ZH",0,NA,NA,NA,"individual-duplicate-individual"
"Real 375","c","c-curved-chord","6S4HCB","__dup_6S4HCB_1","5GQC24",0,NA,NA,NA,"individual-duplicate-individual"
"Real 375","c","c-curved-chord","6S4HCB","__dup_6S4HCB_1","TTE0Z7",0,NA,NA,NA,"individual-duplicate-individual"
"Real 375","c","c-curved-chord","6S4HCB","__dup_6S4HCB_1","BD7MNF",0,NA,NA,NA,"individual-duplicate-individual"
"Real 375","c","c-curved-chord","6S4HCB","__dup_6S4HCB_1","FG9RYY",0,NA,NA,NA,"individual-duplicate-individual"
"Real 375","c","c-curved-chord","6S4HCB","__dup_6S4HCB_1","D8FYZV",0,NA,NA,NA,"individual-duplicate-individual"
"Real 375","c","c-curved-chord","6S4HCB","__dup_6S4HCB_1","BJ4J7G",0,NA,NA,NA,"individual-duplicate-individual"
"Real 375","c","c-curved-chord","6S4HCB","__dup_6S4HCB_1","C2YD43",0,NA,NA,NA,"individual-duplicate-individual"
"Real 375","c","c-curved-chord","6S4HCB","__dup_6S4HCB_1","AE08C8",0,NA,NA,NA,"individual-duplicate-individual"
"Real 375","c","c-curved-chord","6S4HCB","__dup_6S4HCB_1","IX0KKP",0,NA,NA,NA,"individual-duplicate-individual"
"Real 375","c","c-curved-chord","6S4HCB","__dup_6S4HCB_1","YCVRXE",0,NA,NA,NA,"individual-duplicate-individual"
"Real 375","c","c-curved-chord","6S4HCB","__dup_6S4HCB_1","ZK6NM2",0,NA,NA,NA,"individual-duplicate-individual"
"Real 375","c","c-curved-chord","6S4HCB","__dup_6S4HCB_1","IP1TGT",0,NA,NA,NA,"individual-duplicate-individual"
"Real 375","c","c-curved-chord","6S4HCB","__dup_6S4HCB_1","97Y192",0,NA,NA,NA,"individual-duplicate-individual"
"Real 375","c","c-curved-chord","6S4HCB","__dup_6S4HCB_1","TUILLQ",0,NA,NA,NA,"individual-duplicate-individual"
"Real 375","c","c-curved-chord","6S4HCB","__dup_6S4HCB_1","CBLNYE",0,NA,NA,NA,"individual-duplicate-individual"
"Real 375","c","c-curved-chord","6S4HCB","__dup_6S4HCB_1","B948B1",0,NA,NA,NA,"individual-duplicate-individual"
"Real 375","c","c-curved-chord","6S4HCB","__dup_6S4HCB_1","QWUKUY",0,NA,NA,NA,"individual-duplicate-individual"
"Real 375","c","c-curved-chord","6S4HCB","__dup_6S4HCB_1","1X40V5",0,NA,NA,NA,"individual-duplicate-individual"
"Real 375","c","c-curved-chord","6S4HCB","__dup_6S4HCB_1","WDBGPF",0,NA,NA,NA,"individual-duplicate-individual"
"Real 375","c","c-curved-chord","6S4HCB","__dup_6S4HCB_1","C3V2V6",0,NA,NA,NA,"individual-duplicate-individual"
"Real 375","c","c-curved-chord","6S4HCB","__dup_6S4HCB_1","ESZ6I3",0,NA,NA,NA,"individual-duplicate-individual"
"Real 375","c","c-curved-chord","6S4HCB","__dup_6S4HCB_1","RJHF0G",0,NA,NA,NA,"individual-duplicate-individual"
"Real 375","c","c-curved-chord","6S4HCB","__dup_6S4HCB_1","8ZK9LV",0,NA,NA,NA,"individual-duplicate-individual"
"Real 375","c","c-curved-chord","6S4HCB","__dup_6S4HCB_1","3XP1ZD",0,NA,NA,NA,"individual-duplicate-individual"
"Real 375","c","c-curved-chord","6S4HCB","__dup_6S4HCB_1","7U5H8G",0,NA,NA,NA,"individual-duplicate-individual"
"Real 375","c","c-curved-chord","6S4HCB","__dup_6S4HCB_1","ULQFEZ",0,NA,NA,NA,"individual-duplicate-individual"
"Real 375","c","c-curved-chord","6S4HCB","__dup_6S4HCB_1","UZCIN5",0,NA,NA,NA,"individual-duplicate-individual"
"Real 375","c","c-curved-chord","6S4HCB","__dup_6S4HCB_1","__dup_WDBGPF_1",0,NA,NA,NA,"individual-duplicate-duplicate"
"Real 375","c","c-curved-chord","6S4HCB","__dup_6S4HCB_1","__dup_PQX22G_2",0,NA,NA,NA,"individual-duplicate-duplicate"
"Real 375","c","c-curved-chord","6S4HCB","__dup_6S4HCB_1","__dup_1X40V5_1",0,NA,NA,NA,"individual-duplicate-duplicate"
"Real 375","c","c-curved-chord","6S4HCB","__dup_6S4HCB_1","__dup_I8ABQE_1",0,NA,NA,NA,"individual-duplicate-duplicate"
"Real 375","c","c-curved-chord","6S4HCB","__dup_6S4HCB_1","__dup_MY1AEU_2",0,NA,NA,NA,"individual-duplicate-duplicate"
"Real 375","c","c-curved-chord","6S4HCB","__dup_6S4HCB_1","__dup_MY1AEU_3",0,NA,NA,NA,"individual-duplicate-duplicate"
"Real 375","c","c-curved-chord","6S4HCB","__dup_6S4HCB_1","__union_9",0,NA,NA,NA,"individual-duplicate-union"
"Real 375","c","c-curved-chord","6S4HCB","__dup_6S4HCB_1","__union_11",0,NA,NA,NA,"individual-duplicate-union"
"Real 375","c","c-curved-chord","6S4HCB","__dup_6S4HCB_1","__union_13",0,NA,NA,NA,"individual-duplicate-union"
"Real 375","c","c-curved-chord","6S4HCB","__dup_6S4HCB_1","__union_15",0,NA,NA,NA,"individual-duplicate-union"
"Real 375","c","c-curved-chord","6S4HCB","__dup_6S4HCB_1","__union_16",0,NA,NA,NA,"individual-duplicate-union"
"Real 375","c","c-curved-chord","6S4HCB","__dup_6S4HCB_1","__union_19",0,NA,NA,NA,"individual-duplicate-union"
"Real 375","c","c-curved-chord","6S4HCB","__dup_6S4HCB_1","__union_22",0,NA,NA,NA,"individual-duplicate-union"
"Real 375","c","c-curved-chord","6S4HCB","__dup_6S4HCB_1","__union_23",0,NA,NA,NA,"individual-duplicate-union"
"Real 375","c","c-curved-chord","6S4HCB","__dup_6S4HCB_1","__union_31",0,NA,NA,NA,"individual-duplicate-union"
"Real 375","c","c-curved-chord","6S4HCB","__dup_6S4HCB_1","__union_33",0,NA,NA,NA,"individual-duplicate-union"
"Real 375","c","c-curved-chord","6S4HCB","__dup_6S4HCB_1","__union_35",0,NA,NA,NA,"individual-duplicate-union"
"Real 375","c","c-curved-chord","6S4HCB","__dup_6S4HCB_1","__union_41",0,NA,NA,NA,"individual-duplicate-union"
"Real 375","c","c-curved-chord","6S4HCB","__dup_6S4HCB_1","__union_44",0,NA,NA,NA,"individual-duplicate-union"
"Real 375","c","c-curved-chord","6S4HCB","__dup_6S4HCB_1","__union_45",0,NA,NA,NA,"individual-duplicate-union"
"Real 375","c","c-curved-chord","6S4HCB","__dup_6S4HCB_1","__union_46",0,NA,NA,NA,"individual-duplicate-union"
"Real 375","c","c-curved-chord","6S4HCB","__dup_6S4HCB_1","__union_48",0,NA,NA,NA,"individual-duplicate-union"
"Real 375","c","c-curved-chord","6S4HCB","__dup_6S4HCB_1","__union_50",0,NA,NA,NA,"individual-duplicate-union"
"Real 375","c","c-curved-chord","6S4HCB","__dup_6S4HCB_1","__union_51",0,NA,NA,NA,"individual-duplicate-union"
"Real 375","c","c-curved-chord","6S4HCB","__dup_6S4HCB_1","__union_53",0,NA,NA,NA,"individual-duplicate-union"
"Real 375","c","c-curved-chord","6S4HCB","__dup_6S4HCB_1","__union_58",0,NA,NA,NA,"individual-duplicate-union"
"Real 375","c","c-curved-chord","I8ABQE","__dup_I8ABQE_1","6S4HCB",0,NA,NA,NA,"individual-duplicate-individual"
"Real 375","c","c-curved-chord","I8ABQE","__dup_I8ABQE_1","5GQC24",0,NA,NA,NA,"individual-duplicate-individual"
"Real 375","c","c-curved-chord","I8ABQE","__dup_I8ABQE_1","__dup_5A6DFT_2",0,NA,NA,NA,"individual-duplicate-duplicate"
"Real 375","c","c-curved-chord","I8ABQE","__dup_I8ABQE_1","__union_49",0,NA,NA,NA,"individual-duplicate-union"
"Real 375","c","c-curved-chord","MY1AEU","__dup_MY1AEU_2","CMJQGU",0,NA,NA,NA,"individual-duplicate-individual"
"Real 375","c","c-curved-chord","MY1AEU","__dup_MY1AEU_2","RKBTHH",0,NA,NA,NA,"individual-duplicate-individual"
"Real 375","c","c-curved-chord","MY1AEU","__dup_MY1AEU_2","EZ97J5",0,NA,NA,NA,"individual-duplicate-individual"
"Real 375","c","c-curved-chord","MY1AEU","__dup_MY1AEU_2","BZ8K78",0,NA,NA,NA,"individual-duplicate-individual"
"Real 375","c","c-curved-chord","MY1AEU","__dup_MY1AEU_2","Q8MRCZ",0,NA,NA,NA,"individual-duplicate-individual"
"Real 375","c","c-curved-chord","MY1AEU","__dup_MY1AEU_2","8DKELJ",0,NA,NA,NA,"individual-duplicate-individual"
"Real 375","c","c-curved-chord","MY1AEU","__dup_MY1AEU_2","LVS6QV",0,NA,NA,NA,"individual-duplicate-individual"
"Real 375","c","c-curved-chord","MY1AEU","__dup_MY1AEU_2","IYYFP6",0,NA,NA,NA,"individual-duplicate-individual"
"Real 375","c","c-curved-chord","MY1AEU","__dup_MY1AEU_2","G8EBU9",0,NA,NA,NA,"individual-duplicate-individual"
"Real 375","c","c-curved-chord","MY1AEU","__dup_MY1AEU_2","C1BAND",0,NA,NA,NA,"individual-duplicate-individual"
"Real 375","c","c-curved-chord","MY1AEU","__dup_MY1AEU_2","E2D59U",0,NA,NA,NA,"individual-duplicate-individual"
"Real 375","c","c-curved-chord","MY1AEU","__dup_MY1AEU_2","LVP52A",0,NA,NA,NA,"individual-duplicate-individual"
"Real 375","c","c-curved-chord","MY1AEU","__dup_MY1AEU_2","KWKJXQ",0,NA,NA,NA,"individual-duplicate-individual"
"Real 375","c","c-curved-chord","MY1AEU","__dup_MY1AEU_2","1ZERVB",0,NA,NA,NA,"individual-duplicate-individual"
"Real 375","c","c-curved-chord","MY1AEU","__dup_MY1AEU_2","MTSHHY",0,NA,NA,NA,"individual-duplicate-individual"
"Real 375","c","c-curved-chord","MY1AEU","__dup_MY1AEU_2","4EEKV7",0,NA,NA,NA,"individual-duplicate-individual"
"Real 375","c","c-curved-chord","MY1AEU","__dup_MY1AEU_2","WUPTU8",0,NA,NA,NA,"individual-duplicate-individual"
"Real 375","c","c-curved-chord","MY1AEU","__dup_MY1AEU_2","BM40IX",0,NA,NA,NA,"individual-duplicate-individual"
"Real 375","c","c-curved-chord","MY1AEU","__dup_MY1AEU_2","A3A34I",0,NA,NA,NA,"individual-duplicate-individual"
"Real 375","c","c-curved-chord","MY1AEU","__dup_MY1AEU_2","DPUHBA",0,NA,NA,NA,"individual-duplicate-individual"
"Real 375","c","c-curved-chord","MY1AEU","__dup_MY1AEU_2","L2I39Y",0,NA,NA,NA,"individual-duplicate-individual"
"Real 375","c","c-curved-chord","MY1AEU","__dup_MY1AEU_2","NPYENA",0,NA,NA,NA,"individual-duplicate-individual"
"Real 375","c","c-curved-chord","MY1AEU","__dup_MY1AEU_2","KXU1ZH",0,NA,NA,NA,"individual-duplicate-individual"
"Real 375","c","c-curved-chord","MY1AEU","__dup_MY1AEU_2","0FKJ81",0,NA,NA,NA,"individual-duplicate-individual"
"Real 375","c","c-curved-chord","MY1AEU","__dup_MY1AEU_2","I8ABQE",0,NA,NA,NA,"individual-duplicate-individual"
"Real 375","c","c-curved-chord","MY1AEU","__dup_MY1AEU_2","6S4HCB",0,NA,NA,NA,"individual-duplicate-individual"
"Real 375","c","c-curved-chord","MY1AEU","__dup_MY1AEU_2","5GQC24",0,NA,NA,NA,"individual-duplicate-individual"
"Real 375","c","c-curved-chord","MY1AEU","__dup_MY1AEU_2","YAV1NW",0,NA,NA,NA,"individual-duplicate-individual"
"Real 375","c","c-curved-chord","MY1AEU","__dup_MY1AEU_2","BD7MNF",0,NA,NA,NA,"individual-duplicate-individual"
"Real 375","c","c-curved-chord","MY1AEU","__dup_MY1AEU_2","FG9RYY",0,NA,NA,NA,"individual-duplicate-individual"
"Real 375","c","c-curved-chord","MY1AEU","__dup_MY1AEU_2","D8FYZV",0,NA,NA,NA,"individual-duplicate-individual"
"Real 375","c","c-curved-chord","MY1AEU","__dup_MY1AEU_2","BJ4J7G",0,NA,NA,NA,"individual-duplicate-individual"
"Real 375","c","c-curved-chord","MY1AEU","__dup_MY1AEU_2","C2YD43",0,NA,NA,NA,"individual-duplicate-individual"
"Real 375","c","c-curved-chord","MY1AEU","__dup_MY1AEU_2","AE08C8",0,NA,NA,NA,"individual-duplicate-individual"
"Real 375","c","c-curved-chord","MY1AEU","__dup_MY1AEU_2","IX0KKP",0,NA,NA,NA,"individual-duplicate-individual"
"Real 375","c","c-curved-chord","MY1AEU","__dup_MY1AEU_2","YCVRXE",0,NA,NA,NA,"individual-duplicate-individual"
"Real 375","c","c-curved-chord","MY1AEU","__dup_MY1AEU_2","ZK6NM2",0,NA,NA,NA,"individual-duplicate-individual"
"Real 375","c","c-curved-chord","MY1AEU","__dup_MY1AEU_2","QWUKUY",0,NA,NA,NA,"individual-duplicate-individual"
"Real 375","c","c-curved-chord","MY1AEU","__dup_MY1AEU_2","C6E1D9",0,NA,NA,NA,"individual-duplicate-individual"
"Real 375","c","c-curved-chord","MY1AEU","__dup_MY1AEU_2","RD3WB2",0,NA,NA,NA,"individual-duplicate-individual"
"Real 375","c","c-curved-chord","MY1AEU","__dup_MY1AEU_2","L31S6S",0,NA,NA,NA,"individual-duplicate-individual"
"Real 375","c","c-curved-chord","MY1AEU","__dup_MY1AEU_2","ULQFEZ",0,NA,NA,NA,"individual-duplicate-individual"
"Real 375","c","c-curved-chord","MY1AEU","__dup_MY1AEU_2","UTU9S7",0,NA,NA,NA,"individual-duplicate-individual"
"Real 375","c","c-curved-chord","MY1AEU","__dup_MY1AEU_2","UZCIN5",0,NA,NA,NA,"individual-duplicate-individual"
"Real 375","c","c-curved-chord","MY1AEU","__dup_MY1AEU_2","__dup_WDBGPF_1",0,NA,NA,NA,"individual-duplicate-duplicate"
"Real 375","c","c-curved-chord","MY1AEU","__dup_MY1AEU_2","__dup_QWUKUY_1",0,NA,NA,NA,"individual-duplicate-duplicate"
"Real 375","c","c-curved-chord","MY1AEU","__dup_MY1AEU_2","__dup_7NBKWE_1",0,NA,NA,NA,"individual-duplicate-duplicate"
"Real 375","c","c-curved-chord","MY1AEU","__dup_MY1AEU_2","__dup_L31S6S_2",0,NA,NA,NA,"individual-duplicate-duplicate"
"Real 375","c","c-curved-chord","MY1AEU","__dup_MY1AEU_2","__dup_5A6DFT_1",0,NA,NA,NA,"individual-duplicate-duplicate"
"Real 375","c","c-curved-chord","MY1AEU","__dup_MY1AEU_2","__dup_PQX22G_1",0,NA,NA,NA,"individual-duplicate-duplicate"
"Real 375","c","c-curved-chord","MY1AEU","__dup_MY1AEU_2","__dup_WDBGPF_2",0,NA,NA,NA,"individual-duplicate-duplicate"
"Real 375","c","c-curved-chord","MY1AEU","__dup_MY1AEU_2","__dup_BZ8K78_1",0,NA,NA,NA,"individual-duplicate-duplicate"
"Real 375","c","c-curved-chord","MY1AEU","__dup_MY1AEU_2","__dup_5A6DFT_2",0,NA,NA,NA,"individual-duplicate-duplicate"
"Real 375","c","c-curved-chord","MY1AEU","__dup_MY1AEU_2","__dup_QWUKUY_2",0,NA,NA,NA,"individual-duplicate-duplicate"
"Real 375","c","c-curved-chord","MY1AEU","__dup_MY1AEU_2","__dup_I8ABQE_1",0,NA,NA,NA,"individual-duplicate-duplicate"
"Real 375","c","c-curved-chord","MY1AEU","__dup_MY1AEU_2","__dup_28XSME_1",0,NA,NA,NA,"individual-duplicate-duplicate"
"Real 375","c","c-curved-chord","MY1AEU","__dup_MY1AEU_2","__dup_RD3WB2_1",0,NA,NA,NA,"individual-duplicate-duplicate"
"Real 375","c","c-curved-chord","MY1AEU","__dup_MY1AEU_2","__dup_5A6DFT_3",0,NA,NA,NA,"individual-duplicate-duplicate"
"Real 375","c","c-curved-chord","MY1AEU","__dup_MY1AEU_2","__union_8",0,NA,NA,NA,"individual-duplicate-union"
"Real 375","c","c-curved-chord","MY1AEU","__dup_MY1AEU_2","__union_10",0,NA,NA,NA,"individual-duplicate-union"
"Real 375","c","c-curved-chord","MY1AEU","__dup_MY1AEU_2","__union_13",0,NA,NA,NA,"individual-duplicate-union"
"Real 375","c","c-curved-chord","MY1AEU","__dup_MY1AEU_2","__union_16",0,NA,NA,NA,"individual-duplicate-union"
"Real 375","c","c-curved-chord","MY1AEU","__dup_MY1AEU_2","__union_20",0,NA,NA,NA,"individual-duplicate-union"
"Real 375","c","c-curved-chord","MY1AEU","__dup_MY1AEU_2","__union_24",0,NA,NA,NA,"individual-duplicate-union"
"Real 375","c","c-curved-chord","MY1AEU","__dup_MY1AEU_2","__union_27",0,NA,NA,NA,"individual-duplicate-union"
"Real 375","c","c-curved-chord","MY1AEU","__dup_MY1AEU_2","__union_28",0,NA,NA,NA,"individual-duplicate-union"
"Real 375","c","c-curved-chord","MY1AEU","__dup_MY1AEU_2","__union_29",0,NA,NA,NA,"individual-duplicate-union"
"Real 375","c","c-curved-chord","MY1AEU","__dup_MY1AEU_2","__union_30",0,NA,NA,NA,"individual-duplicate-union"
"Real 375","c","c-curved-chord","MY1AEU","__dup_MY1AEU_2","__union_31",0,NA,NA,NA,"individual-duplicate-union"
"Real 375","c","c-curved-chord","MY1AEU","__dup_MY1AEU_2","__union_32",0,NA,NA,NA,"individual-duplicate-union"
"Real 375","c","c-curved-chord","MY1AEU","__dup_MY1AEU_2","__union_33",0,NA,NA,NA,"individual-duplicate-union"
"Real 375","c","c-curved-chord","MY1AEU","__dup_MY1AEU_2","__union_34",0,NA,NA,NA,"individual-duplicate-union"
"Real 375","c","c-curved-chord","MY1AEU","__dup_MY1AEU_2","__union_36",0,NA,NA,NA,"individual-duplicate-union"
"Real 375","c","c-curved-chord","MY1AEU","__dup_MY1AEU_2","__union_37",0,NA,NA,NA,"individual-duplicate-union"
"Real 375","c","c-curved-chord","MY1AEU","__dup_MY1AEU_2","__union_38",0,NA,NA,NA,"individual-duplicate-union"
"Real 375","c","c-curved-chord","MY1AEU","__dup_MY1AEU_2","__union_40",0,NA,NA,NA,"individual-duplicate-union"
"Real 375","c","c-curved-chord","MY1AEU","__dup_MY1AEU_2","__union_42",0,NA,NA,NA,"individual-duplicate-union"
"Real 375","c","c-curved-chord","MY1AEU","__dup_MY1AEU_2","__union_43",0,NA,NA,NA,"individual-duplicate-union"
"Real 375","c","c-curved-chord","MY1AEU","__dup_MY1AEU_2","__union_45",0,NA,NA,NA,"individual-duplicate-union"
"Real 375","c","c-curved-chord","MY1AEU","__dup_MY1AEU_2","__union_48",0,NA,NA,NA,"individual-duplicate-union"
"Real 375","c","c-curved-chord","MY1AEU","__dup_MY1AEU_2","__union_49",0,NA,NA,NA,"individual-duplicate-union"
"Real 375","c","c-curved-chord","MY1AEU","__dup_MY1AEU_2","__union_50",0,NA,NA,NA,"individual-duplicate-union"
"Real 375","c","c-curved-chord","MY1AEU","__dup_MY1AEU_2","__union_52",0,NA,NA,NA,"individual-duplicate-union"
"Real 375","c","c-curved-chord","MY1AEU","__dup_MY1AEU_2","__union_53",0,NA,NA,NA,"individual-duplicate-union"
"Real 375","c","c-curved-chord","MY1AEU","__dup_MY1AEU_2","__union_54",0,NA,NA,NA,"individual-duplicate-union"
"Real 375","c","c-curved-chord","MY1AEU","__dup_MY1AEU_2","__union_55",0,NA,NA,NA,"individual-duplicate-union"
"Real 375","c","c-curved-chord","MY1AEU","__dup_MY1AEU_2","__union_56",0,NA,NA,NA,"individual-duplicate-union"
"Real 375","c","c-curved-chord","MY1AEU","__dup_MY1AEU_2","__union_57",0,NA,NA,NA,"individual-duplicate-union"
"Real 375","c","c-curved-chord","MY1AEU","__dup_MY1AEU_2","__union_58",0,NA,NA,NA,"individual-duplicate-union"
"Real 375","c","c-curved-chord","MY1AEU","__dup_MY1AEU_3","CMJQGU",0,NA,NA,NA,"individual-duplicate-individual"
"Real 375","c","c-curved-chord","MY1AEU","__dup_MY1AEU_3","RKBTHH",0,NA,NA,NA,"individual-duplicate-individual"
"Real 375","c","c-curved-chord","MY1AEU","__dup_MY1AEU_3","EZ97J5",0,NA,NA,NA,"individual-duplicate-individual"
"Real 375","c","c-curved-chord","MY1AEU","__dup_MY1AEU_3","BZ8K78",0,NA,NA,NA,"individual-duplicate-individual"
"Real 375","c","c-curved-chord","MY1AEU","__dup_MY1AEU_3","Q8MRCZ",0,NA,NA,NA,"individual-duplicate-individual"
"Real 375","c","c-curved-chord","MY1AEU","__dup_MY1AEU_3","8DKELJ",0,NA,NA,NA,"individual-duplicate-individual"
"Real 375","c","c-curved-chord","MY1AEU","__dup_MY1AEU_3","LVS6QV",0,NA,NA,NA,"individual-duplicate-individual"
"Real 375","c","c-curved-chord","MY1AEU","__dup_MY1AEU_3","IYYFP6",0,NA,NA,NA,"individual-duplicate-individual"
"Real 375","c","c-curved-chord","MY1AEU","__dup_MY1AEU_3","G8EBU9",0,NA,NA,NA,"individual-duplicate-individual"
"Real 375","c","c-curved-chord","MY1AEU","__dup_MY1AEU_3","C1BAND",0,NA,NA,NA,"individual-duplicate-individual"
"Real 375","c","c-curved-chord","MY1AEU","__dup_MY1AEU_3","E2D59U",0,NA,NA,NA,"individual-duplicate-individual"
"Real 375","c","c-curved-chord","MY1AEU","__dup_MY1AEU_3","LVP52A",0,NA,NA,NA,"individual-duplicate-individual"
"Real 375","c","c-curved-chord","MY1AEU","__dup_MY1AEU_3","KWKJXQ",0,NA,NA,NA,"individual-duplicate-individual"
"Real 375","c","c-curved-chord","MY1AEU","__dup_MY1AEU_3","1ZERVB",0,NA,NA,NA,"individual-duplicate-individual"
"Real 375","c","c-curved-chord","MY1AEU","__dup_MY1AEU_3","MTSHHY",0,NA,NA,NA,"individual-duplicate-individual"
"Real 375","c","c-curved-chord","MY1AEU","__dup_MY1AEU_3","4EEKV7",0,NA,NA,NA,"individual-duplicate-individual"
"Real 375","c","c-curved-chord","MY1AEU","__dup_MY1AEU_3","WUPTU8",0,NA,NA,NA,"individual-duplicate-individual"
"Real 375","c","c-curved-chord","MY1AEU","__dup_MY1AEU_3","BM40IX",0,NA,NA,NA,"individual-duplicate-individual"
"Real 375","c","c-curved-chord","MY1AEU","__dup_MY1AEU_3","A3A34I",0,NA,NA,NA,"individual-duplicate-individual"
"Real 375","c","c-curved-chord","MY1AEU","__dup_MY1AEU_3","DPUHBA",0,NA,NA,NA,"individual-duplicate-individual"
"Real 375","c","c-curved-chord","MY1AEU","__dup_MY1AEU_3","L2I39Y",0,NA,NA,NA,"individual-duplicate-individual"
"Real 375","c","c-curved-chord","MY1AEU","__dup_MY1AEU_3","NPYENA",0,NA,NA,NA,"individual-duplicate-individual"
"Real 375","c","c-curved-chord","MY1AEU","__dup_MY1AEU_3","KXU1ZH",0,NA,NA,NA,"individual-duplicate-individual"
"Real 375","c","c-curved-chord","MY1AEU","__dup_MY1AEU_3","0FKJ81",0,NA,NA,NA,"individual-duplicate-individual"
"Real 375","c","c-curved-chord","MY1AEU","__dup_MY1AEU_3","I8ABQE",0,NA,NA,NA,"individual-duplicate-individual"
"Real 375","c","c-curved-chord","MY1AEU","__dup_MY1AEU_3","6S4HCB",0,NA,NA,NA,"individual-duplicate-individual"
"Real 375","c","c-curved-chord","MY1AEU","__dup_MY1AEU_3","5GQC24",0,NA,NA,NA,"individual-duplicate-individual"
"Real 375","c","c-curved-chord","MY1AEU","__dup_MY1AEU_3","YAV1NW",0,NA,NA,NA,"individual-duplicate-individual"
"Real 375","c","c-curved-chord","MY1AEU","__dup_MY1AEU_3","TTE0Z7",0,NA,NA,NA,"individual-duplicate-individual"
"Real 375","c","c-curved-chord","MY1AEU","__dup_MY1AEU_3","BD7MNF",0,NA,NA,NA,"individual-duplicate-individual"
"Real 375","c","c-curved-chord","MY1AEU","__dup_MY1AEU_3","FG9RYY",0,NA,NA,NA,"individual-duplicate-individual"
"Real 375","c","c-curved-chord","MY1AEU","__dup_MY1AEU_3","D8FYZV",0,NA,NA,NA,"individual-duplicate-individual"
"Real 375","c","c-curved-chord","MY1AEU","__dup_MY1AEU_3","BJ4J7G",0,NA,NA,NA,"individual-duplicate-individual"
"Real 375","c","c-curved-chord","MY1AEU","__dup_MY1AEU_3","C2YD43",0,NA,NA,NA,"individual-duplicate-individual"
"Real 375","c","c-curved-chord","MY1AEU","__dup_MY1AEU_3","AE08C8",0,NA,NA,NA,"individual-duplicate-individual"
"Real 375","c","c-curved-chord","MY1AEU","__dup_MY1AEU_3","IX0KKP",0,NA,NA,NA,"individual-duplicate-individual"
"Real 375","c","c-curved-chord","MY1AEU","__dup_MY1AEU_3","YCVRXE",0,NA,NA,NA,"individual-duplicate-individual"
"Real 375","c","c-curved-chord","MY1AEU","__dup_MY1AEU_3","ZK6NM2",0,NA,NA,NA,"individual-duplicate-individual"
"Real 375","c","c-curved-chord","MY1AEU","__dup_MY1AEU_3","IP1TGT",0,NA,NA,NA,"individual-duplicate-individual"
"Real 375","c","c-curved-chord","MY1AEU","__dup_MY1AEU_3","97Y192",0,NA,NA,NA,"individual-duplicate-individual"
"Real 375","c","c-curved-chord","MY1AEU","__dup_MY1AEU_3","TUILLQ",0,NA,NA,NA,"individual-duplicate-individual"
"Real 375","c","c-curved-chord","MY1AEU","__dup_MY1AEU_3","CBLNYE",0,NA,NA,NA,"individual-duplicate-individual"
"Real 375","c","c-curved-chord","MY1AEU","__dup_MY1AEU_3","B948B1",0,NA,NA,NA,"individual-duplicate-individual"
"Real 375","c","c-curved-chord","MY1AEU","__dup_MY1AEU_3","QWUKUY",0,NA,NA,NA,"individual-duplicate-individual"
"Real 375","c","c-curved-chord","MY1AEU","__dup_MY1AEU_3","1X40V5",0,NA,NA,NA,"individual-duplicate-individual"
"Real 375","c","c-curved-chord","MY1AEU","__dup_MY1AEU_3","WDBGPF",0,NA,NA,NA,"individual-duplicate-individual"
"Real 375","c","c-curved-chord","MY1AEU","__dup_MY1AEU_3","C3V2V6",0,NA,NA,NA,"individual-duplicate-individual"
"Real 375","c","c-curved-chord","MY1AEU","__dup_MY1AEU_3","C6E1D9",0,NA,NA,NA,"individual-duplicate-individual"
"Real 375","c","c-curved-chord","MY1AEU","__dup_MY1AEU_3","ESZ6I3",0,NA,NA,NA,"individual-duplicate-individual"
"Real 375","c","c-curved-chord","MY1AEU","__dup_MY1AEU_3","RJHF0G",0,NA,NA,NA,"individual-duplicate-individual"
"Real 375","c","c-curved-chord","MY1AEU","__dup_MY1AEU_3","RD3WB2",0,NA,NA,NA,"individual-duplicate-individual"
"Real 375","c","c-curved-chord","MY1AEU","__dup_MY1AEU_3","L31S6S",0,NA,NA,NA,"individual-duplicate-individual"
"Real 375","c","c-curved-chord","MY1AEU","__dup_MY1AEU_3","ULQFEZ",0,NA,NA,NA,"individual-duplicate-individual"
"Real 375","c","c-curved-chord","MY1AEU","__dup_MY1AEU_3","UTU9S7",0,NA,NA,NA,"individual-duplicate-individual"
"Real 375","c","c-curved-chord","MY1AEU","__dup_MY1AEU_3","UZCIN5",0,NA,NA,NA,"individual-duplicate-individual"
"Real 375","c","c-curved-chord","MY1AEU","__dup_MY1AEU_3","__dup_WDBGPF_1",0,NA,NA,NA,"individual-duplicate-duplicate"
"Real 375","c","c-curved-chord","MY1AEU","__dup_MY1AEU_3","__dup_QWUKUY_1",0,NA,NA,NA,"individual-duplicate-duplicate"
"Real 375","c","c-curved-chord","MY1AEU","__dup_MY1AEU_3","__dup_7NBKWE_1",0,NA,NA,NA,"individual-duplicate-duplicate"
"Real 375","c","c-curved-chord","MY1AEU","__dup_MY1AEU_3","__dup_L31S6S_2",0,NA,NA,NA,"individual-duplicate-duplicate"
"Real 375","c","c-curved-chord","MY1AEU","__dup_MY1AEU_3","__dup_5A6DFT_1",0,NA,NA,NA,"individual-duplicate-duplicate"
"Real 375","c","c-curved-chord","MY1AEU","__dup_MY1AEU_3","__dup_PQX22G_1",0,NA,NA,NA,"individual-duplicate-duplicate"
"Real 375","c","c-curved-chord","MY1AEU","__dup_MY1AEU_3","__dup_PQX22G_2",0,NA,NA,NA,"individual-duplicate-duplicate"
"Real 375","c","c-curved-chord","MY1AEU","__dup_MY1AEU_3","__dup_WDBGPF_2",0,NA,NA,NA,"individual-duplicate-duplicate"
"Real 375","c","c-curved-chord","MY1AEU","__dup_MY1AEU_3","__dup_BZ8K78_1",0,NA,NA,NA,"individual-duplicate-duplicate"
"Real 375","c","c-curved-chord","MY1AEU","__dup_MY1AEU_3","__dup_5A6DFT_2",0,NA,NA,NA,"individual-duplicate-duplicate"
"Real 375","c","c-curved-chord","MY1AEU","__dup_MY1AEU_3","__dup_QWUKUY_2",0,NA,NA,NA,"individual-duplicate-duplicate"
"Real 375","c","c-curved-chord","MY1AEU","__dup_MY1AEU_3","__dup_1X40V5_1",0,NA,NA,NA,"individual-duplicate-duplicate"
"Real 375","c","c-curved-chord","MY1AEU","__dup_MY1AEU_3","__dup_I8ABQE_1",0,NA,NA,NA,"individual-duplicate-duplicate"
"Real 375","c","c-curved-chord","MY1AEU","__dup_MY1AEU_3","__dup_28XSME_1",0,NA,NA,NA,"individual-duplicate-duplicate"
"Real 375","c","c-curved-chord","MY1AEU","__dup_MY1AEU_3","__dup_RD3WB2_1",0,NA,NA,NA,"individual-duplicate-duplicate"
"Real 375","c","c-curved-chord","MY1AEU","__dup_MY1AEU_3","__dup_5A6DFT_3",0,NA,NA,NA,"individual-duplicate-duplicate"
"Real 375","c","c-curved-chord","MY1AEU","__dup_MY1AEU_3","__union_8",0,NA,NA,NA,"individual-duplicate-union"
"Real 375","c","c-curved-chord","MY1AEU","__dup_MY1AEU_3","__union_9",0,NA,NA,NA,"individual-duplicate-union"
"Real 375","c","c-curved-chord","MY1AEU","__dup_MY1AEU_3","__union_10",0,NA,NA,NA,"individual-duplicate-union"
"Real 375","c","c-curved-chord","MY1AEU","__dup_MY1AEU_3","__union_13",0,NA,NA,NA,"individual-duplicate-union"
"Real 375","c","c-curved-chord","MY1AEU","__dup_MY1AEU_3","__union_15",0,NA,NA,NA,"individual-duplicate-union"
"Real 375","c","c-curved-chord","MY1AEU","__dup_MY1AEU_3","__union_16",0,NA,NA,NA,"individual-duplicate-union"
"Real 375","c","c-curved-chord","MY1AEU","__dup_MY1AEU_3","__union_20",0,NA,NA,NA,"individual-duplicate-union"
"Real 375","c","c-curved-chord","MY1AEU","__dup_MY1AEU_3","__union_23",0,NA,NA,NA,"individual-duplicate-union"
"Real 375","c","c-curved-chord","MY1AEU","__dup_MY1AEU_3","__union_24",0,NA,NA,NA,"individual-duplicate-union"
"Real 375","c","c-curved-chord","MY1AEU","__dup_MY1AEU_3","__union_27",0,NA,NA,NA,"individual-duplicate-union"
"Real 375","c","c-curved-chord","MY1AEU","__dup_MY1AEU_3","__union_28",0,NA,NA,NA,"individual-duplicate-union"
"Real 375","c","c-curved-chord","MY1AEU","__dup_MY1AEU_3","__union_29",0,NA,NA,NA,"individual-duplicate-union"
"Real 375","c","c-curved-chord","MY1AEU","__dup_MY1AEU_3","__union_30",0,NA,NA,NA,"individual-duplicate-union"
"Real 375","c","c-curved-chord","MY1AEU","__dup_MY1AEU_3","__union_31",0,NA,NA,NA,"individual-duplicate-union"
"Real 375","c","c-curved-chord","MY1AEU","__dup_MY1AEU_3","__union_32",0,NA,NA,NA,"individual-duplicate-union"
"Real 375","c","c-curved-chord","MY1AEU","__dup_MY1AEU_3","__union_33",0,NA,NA,NA,"individual-duplicate-union"
"Real 375","c","c-curved-chord","MY1AEU","__dup_MY1AEU_3","__union_34",0,NA,NA,NA,"individual-duplicate-union"
"Real 375","c","c-curved-chord","MY1AEU","__dup_MY1AEU_3","__union_35",0,NA,NA,NA,"individual-duplicate-union"
"Real 375","c","c-curved-chord","MY1AEU","__dup_MY1AEU_3","__union_36",0,NA,NA,NA,"individual-duplicate-union"
"Real 375","c","c-curved-chord","MY1AEU","__dup_MY1AEU_3","__union_37",0,NA,NA,NA,"individual-duplicate-union"
"Real 375","c","c-curved-chord","MY1AEU","__dup_MY1AEU_3","__union_38",0,NA,NA,NA,"individual-duplicate-union"
"Real 375","c","c-curved-chord","MY1AEU","__dup_MY1AEU_3","__union_40",0,NA,NA,NA,"individual-duplicate-union"
"Real 375","c","c-curved-chord","MY1AEU","__dup_MY1AEU_3","__union_41",0,NA,NA,NA,"individual-duplicate-union"
"Real 375","c","c-curved-chord","MY1AEU","__dup_MY1AEU_3","__union_42",0,NA,NA,NA,"individual-duplicate-union"
"Real 375","c","c-curved-chord","MY1AEU","__dup_MY1AEU_3","__union_43",0,NA,NA,NA,"individual-duplicate-union"
"Real 375","c","c-curved-chord","MY1AEU","__dup_MY1AEU_3","__union_45",0,NA,NA,NA,"individual-duplicate-union"
"Real 375","c","c-curved-chord","MY1AEU","__dup_MY1AEU_3","__union_46",0,NA,NA,NA,"individual-duplicate-union"
"Real 375","c","c-curved-chord","MY1AEU","__dup_MY1AEU_3","__union_48",0,NA,NA,NA,"individual-duplicate-union"
"Real 375","c","c-curved-chord","MY1AEU","__dup_MY1AEU_3","__union_49",0,NA,NA,NA,"individual-duplicate-union"
"Real 375","c","c-curved-chord","MY1AEU","__dup_MY1AEU_3","__union_50",0,NA,NA,NA,"individual-duplicate-union"
"Real 375","c","c-curved-chord","MY1AEU","__dup_MY1AEU_3","__union_51",0,NA,NA,NA,"individual-duplicate-union"
"Real 375","c","c-curved-chord","MY1AEU","__dup_MY1AEU_3","__union_52",0,NA,NA,NA,"individual-duplicate-union"
"Real 375","c","c-curved-chord","MY1AEU","__dup_MY1AEU_3","__union_53",0,NA,NA,NA,"individual-duplicate-union"
"Real 375","c","c-curved-chord","MY1AEU","__dup_MY1AEU_3","__union_54",0,NA,NA,NA,"individual-duplicate-union"
"Real 375","c","c-curved-chord","MY1AEU","__dup_MY1AEU_3","__union_55",0,NA,NA,NA,"individual-duplicate-union"
"Real 375","c","c-curved-chord","MY1AEU","__dup_MY1AEU_3","__union_56",0,NA,NA,NA,"individual-duplicate-union"
"Real 375","c","c-curved-chord","MY1AEU","__dup_MY1AEU_3","__union_57",0,NA,NA,NA,"individual-duplicate-union"
"Real 375","c","c-curved-chord","MY1AEU","__dup_MY1AEU_3","__union_58",0,NA,NA,NA,"individual-duplicate-union"
"Real 375","c","c-curved-chord","__dup_28XSME_1","28XSME","CMJQGU",0,NA,NA,NA,"duplicate-individual-individual"
"Real 375","c","c-curved-chord","__dup_28XSME_1","28XSME","9A1LWF",0,NA,NA,NA,"duplicate-individual-individual"
"Real 375","c","c-curved-chord","__dup_28XSME_1","28XSME","Y7IUMX",0,NA,NA,NA,"duplicate-individual-individual"
"Real 375","c","c-curved-chord","__dup_28XSME_1","28XSME","MTSHHY",0,NA,NA,NA,"duplicate-individual-individual"
"Real 375","c","c-curved-chord","__dup_28XSME_1","28XSME","PQX22G",0,NA,NA,NA,"duplicate-individual-individual"
"Real 375","c","c-curved-chord","__dup_28XSME_1","28XSME","A3A34I",0,NA,NA,NA,"duplicate-individual-individual"
"Real 375","c","c-curved-chord","__dup_28XSME_1","28XSME","DPUHBA",0,NA,NA,NA,"duplicate-individual-individual"
"Real 375","c","c-curved-chord","__dup_28XSME_1","28XSME","L2I39Y",0,NA,NA,NA,"duplicate-individual-individual"
"Real 375","c","c-curved-chord","__dup_28XSME_1","28XSME","NPYENA",0,NA,NA,NA,"duplicate-individual-individual"
"Real 375","c","c-curved-chord","__dup_28XSME_1","28XSME","KXU1ZH",0,NA,NA,NA,"duplicate-individual-individual"
"Real 375","c","c-curved-chord","__dup_28XSME_1","28XSME","0FKJ81",0,NA,NA,NA,"duplicate-individual-individual"
"Real 375","c","c-curved-chord","__dup_28XSME_1","28XSME","5A6DFT",0,NA,NA,NA,"duplicate-individual-individual"
"Real 375","c","c-curved-chord","__dup_28XSME_1","28XSME","I8ABQE",0,NA,NA,NA,"duplicate-individual-individual"
"Real 375","c","c-curved-chord","__dup_28XSME_1","28XSME","6S4HCB",0,NA,NA,NA,"duplicate-individual-individual"
"Real 375","c","c-curved-chord","__dup_28XSME_1","28XSME","5GQC24",0,NA,NA,NA,"duplicate-individual-individual"
"Real 375","c","c-curved-chord","__dup_28XSME_1","28XSME","TTE0Z7",0,NA,NA,NA,"duplicate-individual-individual"
"Real 375","c","c-curved-chord","__dup_28XSME_1","28XSME","BD7MNF",0,NA,NA,NA,"duplicate-individual-individual"
"Real 375","c","c-curved-chord","__dup_28XSME_1","28XSME","FG9RYY",0,NA,NA,NA,"duplicate-individual-individual"
"Real 375","c","c-curved-chord","__dup_28XSME_1","28XSME","D8FYZV",0,NA,NA,NA,"duplicate-individual-individual"
"Real 375","c","c-curved-chord","__dup_28XSME_1","28XSME","BJ4J7G",0,NA,NA,NA,"duplicate-individual-individual"
"Real 375","c","c-curved-chord","__dup_28XSME_1","28XSME","C2YD43",0,NA,NA,NA,"duplicate-individual-individual"
"Real 375","c","c-curved-chord","__dup_28XSME_1","28XSME","AE08C8",0,NA,NA,NA,"duplicate-individual-individual"
"Real 375","c","c-curved-chord","__dup_28XSME_1","28XSME","IX0KKP",0,NA,NA,NA,"duplicate-individual-individual"
"Real 375","c","c-curved-chord","__dup_28XSME_1","28XSME","YCVRXE",0,NA,NA,NA,"duplicate-individual-individual"
"Real 375","c","c-curved-chord","__dup_28XSME_1","28XSME","ZK6NM2",0,NA,NA,NA,"duplicate-individual-individual"
"Real 375","c","c-curved-chord","__dup_28XSME_1","28XSME","IP1TGT",0,NA,NA,NA,"duplicate-individual-individual"
"Real 375","c","c-curved-chord","__dup_28XSME_1","28XSME","97Y192",0,NA,NA,NA,"duplicate-individual-individual"
"Real 375","c","c-curved-chord","__dup_28XSME_1","28XSME","TUILLQ",0,NA,NA,NA,"duplicate-individual-individual"
"Real 375","c","c-curved-chord","__dup_28XSME_1","28XSME","CBLNYE",0,NA,NA,NA,"duplicate-individual-individual"
"Real 375","c","c-curved-chord","__dup_28XSME_1","28XSME","B948B1",0,NA,NA,NA,"duplicate-individual-individual"
"Real 375","c","c-curved-chord","__dup_28XSME_1","28XSME","QWUKUY",0,NA,NA,NA,"duplicate-individual-individual"
"Real 375","c","c-curved-chord","__dup_28XSME_1","28XSME","1X40V5",0,NA,NA,NA,"duplicate-individual-individual"
"Real 375","c","c-curved-chord","__dup_28XSME_1","28XSME","WDBGPF",0,NA,NA,NA,"duplicate-individual-individual"
"Real 375","c","c-curved-chord","__dup_28XSME_1","28XSME","C3V2V6",0,NA,NA,NA,"duplicate-individual-individual"
"Real 375","c","c-curved-chord","__dup_28XSME_1","28XSME","ESZ6I3",0,NA,NA,NA,"duplicate-individual-individual"
"Real 375","c","c-curved-chord","__dup_28XSME_1","28XSME","RJHF0G",0,NA,NA,NA,"duplicate-individual-individual"
"Real 375","c","c-curved-chord","__dup_28XSME_1","28XSME","8ZK9LV",0,NA,NA,NA,"duplicate-individual-individual"
"Real 375","c","c-curved-chord","__dup_28XSME_1","28XSME","3XP1ZD",0,NA,NA,NA,"duplicate-individual-individual"
"Real 375","c","c-curved-chord","__dup_28XSME_1","28XSME","RD3WB2",0,NA,NA,NA,"duplicate-individual-individual"
"Real 375","c","c-curved-chord","__dup_28XSME_1","28XSME","7U5H8G",0,NA,NA,NA,"duplicate-individual-individual"
"Real 375","c","c-curved-chord","__dup_28XSME_1","28XSME","HCY8QM",0,NA,NA,NA,"duplicate-individual-individual"
"Real 375","c","c-curved-chord","__dup_28XSME_1","28XSME","ULQFEZ",0,NA,NA,NA,"duplicate-individual-individual"
"Real 375","c","c-curved-chord","__dup_28XSME_1","28XSME","UZCIN5",0,NA,NA,NA,"duplicate-individual-individual"
"Real 375","c","c-curved-chord","__dup_28XSME_1","28XSME","__dup_WDBGPF_1",0,NA,NA,NA,"duplicate-individual-duplicate"
"Real 375","c","c-curved-chord","__dup_28XSME_1","28XSME","__dup_L31S6S_2",0,NA,NA,NA,"duplicate-individual-duplicate"
"Real 375","c","c-curved-chord","__dup_28XSME_1","28XSME","__dup_PQX22G_1",0,NA,NA,NA,"duplicate-individual-duplicate"
"Real 375","c","c-curved-chord","__dup_28XSME_1","28XSME","__dup_PQX22G_2",0,NA,NA,NA,"duplicate-individual-duplicate"
"Real 375","c","c-curved-chord","__dup_28XSME_1","28XSME","__dup_5A6DFT_2",0,NA,NA,NA,"duplicate-individual-duplicate"
"Real 375","c","c-curved-chord","__dup_28XSME_1","28XSME","__dup_1X40V5_1",0,NA,NA,NA,"duplicate-individual-duplicate"
"Real 375","c","c-curved-chord","__dup_28XSME_1","28XSME","__dup_6S4HCB_1",0,NA,NA,NA,"duplicate-individual-duplicate"
"Real 375","c","c-curved-chord","__dup_28XSME_1","28XSME","__dup_I8ABQE_1",0,NA,NA,NA,"duplicate-individual-duplicate"
"Real 375","c","c-curved-chord","__dup_28XSME_1","28XSME","__dup_MY1AEU_2",0,NA,NA,NA,"duplicate-individual-duplicate"
"Real 375","c","c-curved-chord","__dup_28XSME_1","28XSME","__dup_MY1AEU_3",0,NA,NA,NA,"duplicate-individual-duplicate"
"Real 375","c","c-curved-chord","__dup_28XSME_1","28XSME","__dup_5A6DFT_3",0,NA,NA,NA,"duplicate-individual-duplicate"
"Real 375","c","c-curved-chord","__dup_28XSME_1","28XSME","__union_9",0,NA,NA,NA,"duplicate-individual-union"
"Real 375","c","c-curved-chord","__dup_28XSME_1","28XSME","__union_11",0,NA,NA,NA,"duplicate-individual-union"
"Real 375","c","c-curved-chord","__dup_28XSME_1","28XSME","__union_12",0,NA,NA,NA,"duplicate-individual-union"
"Real 375","c","c-curved-chord","__dup_28XSME_1","28XSME","__union_13",0,NA,NA,NA,"duplicate-individual-union"
"Real 375","c","c-curved-chord","__dup_28XSME_1","28XSME","__union_15",0,NA,NA,NA,"duplicate-individual-union"
"Real 375","c","c-curved-chord","__dup_28XSME_1","28XSME","__union_16",0,NA,NA,NA,"duplicate-individual-union"
"Real 375","c","c-curved-chord","__dup_28XSME_1","28XSME","__union_19",0,NA,NA,NA,"duplicate-individual-union"
"Real 375","c","c-curved-chord","__dup_28XSME_1","28XSME","__union_22",0,NA,NA,NA,"duplicate-individual-union"
"Real 375","c","c-curved-chord","__dup_28XSME_1","28XSME","__union_23",0,NA,NA,NA,"duplicate-individual-union"
"Real 375","c","c-curved-chord","__dup_28XSME_1","28XSME","__union_27",0,NA,NA,NA,"duplicate-individual-union"
"Real 375","c","c-curved-chord","__dup_28XSME_1","28XSME","__union_28",0,NA,NA,NA,"duplicate-individual-union"
"Real 375","c","c-curved-chord","__dup_28XSME_1","28XSME","__union_31",0,NA,NA,NA,"duplicate-individual-union"
"Real 375","c","c-curved-chord","__dup_28XSME_1","28XSME","__union_32",0,NA,NA,NA,"duplicate-individual-union"
"Real 375","c","c-curved-chord","__dup_28XSME_1","28XSME","__union_33",0,NA,NA,NA,"duplicate-individual-union"
"Real 375","c","c-curved-chord","__dup_28XSME_1","28XSME","__union_34",0,NA,NA,NA,"duplicate-individual-union"
"Real 375","c","c-curved-chord","__dup_28XSME_1","28XSME","__union_35",0,NA,NA,NA,"duplicate-individual-union"
"Real 375","c","c-curved-chord","__dup_28XSME_1","28XSME","__union_38",0,NA,NA,NA,"duplicate-individual-union"
"Real 375","c","c-curved-chord","__dup_28XSME_1","28XSME","__union_41",0,NA,NA,NA,"duplicate-individual-union"
"Real 375","c","c-curved-chord","__dup_28XSME_1","28XSME","__union_44",0,NA,NA,NA,"duplicate-individual-union"
"Real 375","c","c-curved-chord","__dup_28XSME_1","28XSME","__union_45",0,NA,NA,NA,"duplicate-individual-union"
"Real 375","c","c-curved-chord","__dup_28XSME_1","28XSME","__union_46",0,NA,NA,NA,"duplicate-individual-union"
"Real 375","c","c-curved-chord","__dup_28XSME_1","28XSME","__union_48",0,NA,NA,NA,"duplicate-individual-union"
"Real 375","c","c-curved-chord","__dup_28XSME_1","28XSME","__union_49",0,NA,NA,NA,"duplicate-individual-union"
"Real 375","c","c-curved-chord","__dup_28XSME_1","28XSME","__union_50",0,NA,NA,NA,"duplicate-individual-union"
"Real 375","c","c-curved-chord","__dup_28XSME_1","28XSME","__union_51",0,NA,NA,NA,"duplicate-individual-union"
"Real 375","c","c-curved-chord","__dup_28XSME_1","28XSME","__union_53",0,NA,NA,NA,"duplicate-individual-union"
"Real 375","c","c-curved-chord","__dup_28XSME_1","28XSME","__union_57",0,NA,NA,NA,"duplicate-individual-union"
"Real 375","c","c-curved-chord","__dup_28XSME_1","28XSME","__union_58",0,NA,NA,NA,"duplicate-individual-union"
"Real 375","c","c-curved-chord","__dup_RD3WB2_1","RD3WB2","4EEKV7",0,NA,NA,NA,"duplicate-individual-individual"
"Real 375","c","c-curved-chord","__dup_RD3WB2_1","RD3WB2","WUPTU8",0,NA,NA,NA,"duplicate-individual-individual"
"Real 375","c","c-curved-chord","__dup_RD3WB2_1","RD3WB2","BM40IX",0,NA,NA,NA,"duplicate-individual-individual"
"Real 375","c","c-curved-chord","__dup_RD3WB2_1","RD3WB2","__dup_28XSME_1",0,NA,NA,NA,"duplicate-individual-duplicate"
"Real 375","c","c-curved-chord","__dup_RD3WB2_1","RD3WB2","__union_52",0,NA,NA,NA,"duplicate-individual-union"
"Real 375","c","c-curved-chord","__dup_RD3WB2_1","RD3WB2","__union_54",0,NA,NA,NA,"duplicate-individual-union"
"Real 375","c","c-curved-chord","__dup_5A6DFT_3","5A6DFT","CMJQGU",0,NA,NA,NA,"duplicate-individual-individual"
"Real 375","c","c-curved-chord","__dup_5A6DFT_3","5A6DFT","9A1LWF",0,NA,NA,NA,"duplicate-individual-individual"
"Real 375","c","c-curved-chord","__dup_5A6DFT_3","5A6DFT","Y7IUMX",0,NA,NA,NA,"duplicate-individual-individual"
"Real 375","c","c-curved-chord","__dup_5A6DFT_3","5A6DFT","PQX22G",0,NA,NA,NA,"duplicate-individual-individual"
"Real 375","c","c-curved-chord","__dup_5A6DFT_3","5A6DFT","KXU1ZH",0,NA,NA,NA,"duplicate-individual-individual"
"Real 375","c","c-curved-chord","__dup_5A6DFT_3","5A6DFT","I8ABQE",0,NA,NA,NA,"duplicate-individual-individual"
"Real 375","c","c-curved-chord","__dup_5A6DFT_3","5A6DFT","6S4HCB",0,NA,NA,NA,"duplicate-individual-individual"
"Real 375","c","c-curved-chord","__dup_5A6DFT_3","5A6DFT","5GQC24",0,NA,NA,NA,"duplicate-individual-individual"
"Real 375","c","c-curved-chord","__dup_5A6DFT_3","5A6DFT","TTE0Z7",0,NA,NA,NA,"duplicate-individual-individual"
"Real 375","c","c-curved-chord","__dup_5A6DFT_3","5A6DFT","BD7MNF",0,NA,NA,NA,"duplicate-individual-individual"
"Real 375","c","c-curved-chord","__dup_5A6DFT_3","5A6DFT","FG9RYY",0,NA,NA,NA,"duplicate-individual-individual"
"Real 375","c","c-curved-chord","__dup_5A6DFT_3","5A6DFT","D8FYZV",0,NA,NA,NA,"duplicate-individual-individual"
"Real 375","c","c-curved-chord","__dup_5A6DFT_3","5A6DFT","BJ4J7G",0,NA,NA,NA,"duplicate-individual-individual"
"Real 375","c","c-curved-chord","__dup_5A6DFT_3","5A6DFT","C2YD43",0,NA,NA,NA,"duplicate-individual-individual"
"Real 375","c","c-curved-chord","__dup_5A6DFT_3","5A6DFT","AE08C8",0,NA,NA,NA,"duplicate-individual-individual"
"Real 375","c","c-curved-chord","__dup_5A6DFT_3","5A6DFT","IX0KKP",0,NA,NA,NA,"duplicate-individual-individual"
"Real 375","c","c-curved-chord","__dup_5A6DFT_3","5A6DFT","YCVRXE",0,NA,NA,NA,"duplicate-individual-individual"
"Real 375","c","c-curved-chord","__dup_5A6DFT_3","5A6DFT","ZK6NM2",0,NA,NA,NA,"duplicate-individual-individual"
"Real 375","c","c-curved-chord","__dup_5A6DFT_3","5A6DFT","IP1TGT",0,NA,NA,NA,"duplicate-individual-individual"
"Real 375","c","c-curved-chord","__dup_5A6DFT_3","5A6DFT","97Y192",0,NA,NA,NA,"duplicate-individual-individual"
"Real 375","c","c-curved-chord","__dup_5A6DFT_3","5A6DFT","TUILLQ",0,NA,NA,NA,"duplicate-individual-individual"
"Real 375","c","c-curved-chord","__dup_5A6DFT_3","5A6DFT","CBLNYE",0,NA,NA,NA,"duplicate-individual-individual"
"Real 375","c","c-curved-chord","__dup_5A6DFT_3","5A6DFT","B948B1",0,NA,NA,NA,"duplicate-individual-individual"
"Real 375","c","c-curved-chord","__dup_5A6DFT_3","5A6DFT","QWUKUY",0,NA,NA,NA,"duplicate-individual-individual"
"Real 375","c","c-curved-chord","__dup_5A6DFT_3","5A6DFT","1X40V5",0,NA,NA,NA,"duplicate-individual-individual"
"Real 375","c","c-curved-chord","__dup_5A6DFT_3","5A6DFT","WDBGPF",0,NA,NA,NA,"duplicate-individual-individual"
"Real 375","c","c-curved-chord","__dup_5A6DFT_3","5A6DFT","C3V2V6",0,NA,NA,NA,"duplicate-individual-individual"
"Real 375","c","c-curved-chord","__dup_5A6DFT_3","5A6DFT","ESZ6I3",0,NA,NA,NA,"duplicate-individual-individual"
"Real 375","c","c-curved-chord","__dup_5A6DFT_3","5A6DFT","RJHF0G",0,NA,NA,NA,"duplicate-individual-individual"
"Real 375","c","c-curved-chord","__dup_5A6DFT_3","5A6DFT","8ZK9LV",0,NA,NA,NA,"duplicate-individual-individual"
"Real 375","c","c-curved-chord","__dup_5A6DFT_3","5A6DFT","3XP1ZD",0,NA,NA,NA,"duplicate-individual-individual"
"Real 375","c","c-curved-chord","__dup_5A6DFT_3","5A6DFT","7U5H8G",0,NA,NA,NA,"duplicate-individual-individual"
"Real 375","c","c-curved-chord","__dup_5A6DFT_3","5A6DFT","HCY8QM",0,NA,NA,NA,"duplicate-individual-individual"
"Real 375","c","c-curved-chord","__dup_5A6DFT_3","5A6DFT","ULQFEZ",0,NA,NA,NA,"duplicate-individual-individual"
"Real 375","c","c-curved-chord","__dup_5A6DFT_3","5A6DFT","UZCIN5",0,NA,NA,NA,"duplicate-individual-individual"
"Real 375","c","c-curved-chord","__dup_5A6DFT_3","5A6DFT","__dup_WDBGPF_1",0,NA,NA,NA,"duplicate-individual-duplicate"
"Real 375","c","c-curved-chord","__dup_5A6DFT_3","5A6DFT","__dup_PQX22G_2",0,NA,NA,NA,"duplicate-individual-duplicate"
"Real 375","c","c-curved-chord","__dup_5A6DFT_3","5A6DFT","__dup_1X40V5_1",0,NA,NA,NA,"duplicate-individual-duplicate"
"Real 375","c","c-curved-chord","__dup_5A6DFT_3","5A6DFT","__dup_6S4HCB_1",0,NA,NA,NA,"duplicate-individual-duplicate"
"Real 375","c","c-curved-chord","__dup_5A6DFT_3","5A6DFT","__dup_I8ABQE_1",0,NA,NA,NA,"duplicate-individual-duplicate"
"Real 375","c","c-curved-chord","__dup_5A6DFT_3","5A6DFT","__dup_MY1AEU_2",0,NA,NA,NA,"duplicate-individual-duplicate"
"Real 375","c","c-curved-chord","__dup_5A6DFT_3","5A6DFT","__dup_MY1AEU_3",0,NA,NA,NA,"duplicate-individual-duplicate"
"Real 375","c","c-curved-chord","__dup_5A6DFT_3","5A6DFT","__union_9",0,NA,NA,NA,"duplicate-individual-union"
"Real 375","c","c-curved-chord","__dup_5A6DFT_3","5A6DFT","__union_11",0,NA,NA,NA,"duplicate-individual-union"
"Real 375","c","c-curved-chord","__dup_5A6DFT_3","5A6DFT","__union_13",0,NA,NA,NA,"duplicate-individual-union"
"Real 375","c","c-curved-chord","__dup_5A6DFT_3","5A6DFT","__union_15",0,NA,NA,NA,"duplicate-individual-union"
"Real 375","c","c-curved-chord","__dup_5A6DFT_3","5A6DFT","__union_16",0,NA,NA,NA,"duplicate-individual-union"
"Real 375","c","c-curved-chord","__dup_5A6DFT_3","5A6DFT","__union_19",0,NA,NA,NA,"duplicate-individual-union"
"Real 375","c","c-curved-chord","__dup_5A6DFT_3","5A6DFT","__union_22",0,NA,NA,NA,"duplicate-individual-union"
"Real 375","c","c-curved-chord","__dup_5A6DFT_3","5A6DFT","__union_23",0,NA,NA,NA,"duplicate-individual-union"
"Real 375","c","c-curved-chord","__dup_5A6DFT_3","5A6DFT","__union_31",0,NA,NA,NA,"duplicate-individual-union"
"Real 375","c","c-curved-chord","__dup_5A6DFT_3","5A6DFT","__union_33",0,NA,NA,NA,"duplicate-individual-union"
"Real 375","c","c-curved-chord","__dup_5A6DFT_3","5A6DFT","__union_35",0,NA,NA,NA,"duplicate-individual-union"
"Real 375","c","c-curved-chord","__dup_5A6DFT_3","5A6DFT","__union_38",0,NA,NA,NA,"duplicate-individual-union"
"Real 375","c","c-curved-chord","__dup_5A6DFT_3","5A6DFT","__union_41",0,NA,NA,NA,"duplicate-individual-union"
"Real 375","c","c-curved-chord","__dup_5A6DFT_3","5A6DFT","__union_44",0,NA,NA,NA,"duplicate-individual-union"
"Real 375","c","c-curved-chord","__dup_5A6DFT_3","5A6DFT","__union_45",0,NA,NA,NA,"duplicate-individual-union"
"Real 375","c","c-curved-chord","__dup_5A6DFT_3","5A6DFT","__union_46",0,NA,NA,NA,"duplicate-individual-union"
"Real 375","c","c-curved-chord","__dup_5A6DFT_3","5A6DFT","__union_48",0,NA,NA,NA,"duplicate-individual-union"
"Real 375","c","c-curved-chord","__dup_5A6DFT_3","5A6DFT","__union_49",0,NA,NA,NA,"duplicate-individual-union"
"Real 375","c","c-curved-chord","__dup_5A6DFT_3","5A6DFT","__union_50",0,NA,NA,NA,"duplicate-individual-union"
"Real 375","c","c-curved-chord","__dup_5A6DFT_3","5A6DFT","__union_51",0,NA,NA,NA,"duplicate-individual-union"
"Real 375","c","c-curved-chord","__dup_5A6DFT_3","5A6DFT","__union_53",0,NA,NA,NA,"duplicate-individual-union"
"Real 375","c","c-curved-chord","__dup_5A6DFT_3","5A6DFT","__union_58",0,NA,NA,NA,"duplicate-individual-union"
"Real 375","c","c-curved-chord","RYP77M","__dup_RYP77M_1","WDUGSA",1,NA,NA,NA,"individual-duplicate-individual"
"Real 375","c","c-curved-chord","RYP77M","__dup_RYP77M_1","S0022Z",1,NA,NA,NA,"individual-duplicate-individual"
"Real 375","c","c-curved-chord","RYP77M","__dup_RYP77M_1","SNHNX6",1,NA,NA,NA,"individual-duplicate-individual"
"Real 375","c","c-curved-chord","RYP77M","__dup_RYP77M_1","D0Z114",1,NA,NA,NA,"individual-duplicate-individual"
"Real 375","c","c-curved-chord","RYP77M","__dup_RYP77M_1","L8CMNE",1,NA,NA,NA,"individual-duplicate-individual"
"Real 375","c","c-curved-chord","RYP77M","__dup_RYP77M_1","__union_67",1,NA,NA,NA,"individual-duplicate-union"
"Real 375","c","c-curved-chord","RYP77M","__dup_RYP77M_1","__union_76",1,NA,NA,NA,"individual-duplicate-union"
"Real 375","c","c-curved-chord","RYP77M","__dup_RYP77M_1","__union_79",1,NA,NA,NA,"individual-duplicate-union"
"Real 375","c","c-curved-chord","D1WP48","__dup_D1WP48_1","HJ555Y",1,NA,NA,NA,"individual-duplicate-individual"
"Real 375","c","c-curved-chord","D1WP48","__dup_D1WP48_1","4WWCPB",1,NA,NA,NA,"individual-duplicate-individual"
"Real 375","c","c-curved-chord","D1WP48","__dup_D1WP48_1","CEA455",1,NA,NA,NA,"individual-duplicate-individual"
"Real 375","c","c-curved-chord","D1WP48","__dup_D1WP48_1","JB7EW2",1,NA,NA,NA,"individual-duplicate-individual"
"Real 375","c","c-curved-chord","D1WP48","__dup_D1WP48_1","DLZL49",1,NA,NA,NA,"individual-duplicate-individual"
"Real 375","c","c-curved-chord","D1WP48","__dup_D1WP48_1","XEE9GT",1,NA,NA,NA,"individual-duplicate-individual"
"Real 375","c","c-curved-chord","D1WP48","__dup_D1WP48_1","7JQ09V",1,NA,NA,NA,"individual-duplicate-individual"
"Real 375","c","c-curved-chord","D1WP48","__dup_D1WP48_1","8PHUQL",1,NA,NA,NA,"individual-duplicate-individual"
"Real 375","c","c-curved-chord","D1WP48","__dup_D1WP48_1","8LWCAD",1,NA,NA,NA,"individual-duplicate-individual"
"Real 375","c","c-curved-chord","D1WP48","__dup_D1WP48_1","XH80WV",1,NA,NA,NA,"individual-duplicate-individual"
"Real 375","c","c-curved-chord","D1WP48","__dup_D1WP48_1","Q7F87W",1,NA,NA,NA,"individual-duplicate-individual"
"Real 375","c","c-curved-chord","D1WP48","__dup_D1WP48_1","BYWXJB",1,NA,NA,NA,"individual-duplicate-individual"
"Real 375","c","c-curved-chord","D1WP48","__dup_D1WP48_1","EQNDAY",1,NA,NA,NA,"individual-duplicate-individual"
"Real 375","c","c-curved-chord","D1WP48","__dup_D1WP48_1","JR9GXD",1,NA,NA,NA,"individual-duplicate-individual"
"Real 375","c","c-curved-chord","D1WP48","__dup_D1WP48_1","0GDSV0",1,NA,NA,NA,"individual-duplicate-individual"
"Real 375","c","c-curved-chord","D1WP48","__dup_D1WP48_1","M0YNUR",1,NA,NA,NA,"individual-duplicate-individual"
"Real 375","c","c-curved-chord","D1WP48","__dup_D1WP48_1","37FSQA",1,NA,NA,NA,"individual-duplicate-individual"
"Real 375","c","c-curved-chord","D1WP48","__dup_D1WP48_1","N2JRUE",1,NA,NA,NA,"individual-duplicate-individual"
"Real 375","c","c-curved-chord","D1WP48","__dup_D1WP48_1","5JGJDV",1,NA,NA,NA,"individual-duplicate-individual"
"Real 375","c","c-curved-chord","D1WP48","__dup_D1WP48_1","GTKL5Z",1,NA,NA,NA,"individual-duplicate-individual"
"Real 375","c","c-curved-chord","D1WP48","__dup_D1WP48_1","IM1B5T",1,NA,NA,NA,"individual-duplicate-individual"
"Real 375","c","c-curved-chord","D1WP48","__dup_D1WP48_1","1W4GNT",1,NA,NA,NA,"individual-duplicate-individual"
"Real 375","c","c-curved-chord","D1WP48","__dup_D1WP48_1","D472PY",1,NA,NA,NA,"individual-duplicate-individual"
"Real 375","c","c-curved-chord","D1WP48","__dup_D1WP48_1","DU300Q",1,NA,NA,NA,"individual-duplicate-individual"
"Real 375","c","c-curved-chord","D1WP48","__dup_D1WP48_1","0Q077X",1,NA,NA,NA,"individual-duplicate-individual"
"Real 375","c","c-curved-chord","D1WP48","__dup_D1WP48_1","0ZISJ0",1,NA,NA,NA,"individual-duplicate-individual"
"Real 375","c","c-curved-chord","D1WP48","__dup_D1WP48_1","KNIBZ7",1,NA,NA,NA,"individual-duplicate-individual"
"Real 375","c","c-curved-chord","D1WP48","__dup_D1WP48_1","CAN12C",1,NA,NA,NA,"individual-duplicate-individual"
"Real 375","c","c-curved-chord","D1WP48","__dup_D1WP48_1","79QBRD",1,NA,NA,NA,"individual-duplicate-individual"
"Real 375","c","c-curved-chord","D1WP48","__dup_D1WP48_1","X6TGUV",1,NA,NA,NA,"individual-duplicate-individual"
"Real 375","c","c-curved-chord","D1WP48","__dup_D1WP48_1","0L5AWR",1,NA,NA,NA,"individual-duplicate-individual"
"Real 375","c","c-curved-chord","D1WP48","__dup_D1WP48_1","3GW5WC",1,NA,NA,NA,"individual-duplicate-individual"
"Real 375","c","c-curved-chord","D1WP48","__dup_D1WP48_1","KUENM8",1,NA,NA,NA,"individual-duplicate-individual"
"Real 375","c","c-curved-chord","D1WP48","__dup_D1WP48_1","__dup_E2D59U_1",1,NA,NA,NA,"individual-duplicate-duplicate"
"Real 375","c","c-curved-chord","D1WP48","__dup_D1WP48_1","__dup_1X40V5_2",1,NA,NA,NA,"individual-duplicate-duplicate"
"Real 375","c","c-curved-chord","D1WP48","__dup_D1WP48_1","__dup_RYP77M_2",1,NA,NA,NA,"individual-duplicate-duplicate"
"Real 375","c","c-curved-chord","D1WP48","__dup_D1WP48_1","__dup_CMJQGU_1",1,NA,NA,NA,"individual-duplicate-duplicate"
"Real 375","c","c-curved-chord","D1WP48","__dup_D1WP48_1","__dup_D8FYZV_4",1,NA,NA,NA,"individual-duplicate-duplicate"
"Real 375","c","c-curved-chord","D1WP48","__dup_D1WP48_1","__dup_RYP77M_3",1,NA,NA,NA,"individual-duplicate-duplicate"
"Real 375","c","c-curved-chord","D1WP48","__dup_D1WP48_1","__dup_7NBKWE_3",1,NA,NA,NA,"individual-duplicate-duplicate"
"Real 375","c","c-curved-chord","D1WP48","__dup_D1WP48_1","__dup_KUENM8_1",1,NA,NA,NA,"individual-duplicate-duplicate"
"Real 375","c","c-curved-chord","D1WP48","__dup_D1WP48_1","__dup_L31S6S_4",1,NA,NA,NA,"individual-duplicate-duplicate"
"Real 375","c","c-curved-chord","D1WP48","__dup_D1WP48_1","__dup_RYP77M_4",1,NA,NA,NA,"individual-duplicate-duplicate"
"Real 375","c","c-curved-chord","D1WP48","__dup_D1WP48_1","__dup_QWUKUY_3",1,NA,NA,NA,"individual-duplicate-duplicate"
"Real 375","c","c-curved-chord","D1WP48","__dup_D1WP48_1","__dup_P87V3K_1",1,NA,NA,NA,"individual-duplicate-duplicate"
"Real 375","c","c-curved-chord","D1WP48","__dup_D1WP48_1","__dup_L31S6S_5",1,NA,NA,NA,"individual-duplicate-duplicate"
"Real 375","c","c-curved-chord","D1WP48","__dup_D1WP48_1","__dup_KUENM8_2",1,NA,NA,NA,"individual-duplicate-duplicate"
"Real 375","c","c-curved-chord","D1WP48","__dup_D1WP48_1","__union_66",1,NA,NA,NA,"individual-duplicate-union"
"Real 375","c","c-curved-chord","D1WP48","__dup_D1WP48_1","__union_70",1,NA,NA,NA,"individual-duplicate-union"
"Real 375","c","c-curved-chord","D1WP48","__dup_D1WP48_1","__union_73",1,NA,NA,NA,"individual-duplicate-union"
"Real 375","c","c-curved-chord","D1WP48","__dup_D1WP48_1","__union_74",1,NA,NA,NA,"individual-duplicate-union"
"Real 375","c","c-curved-chord","D1WP48","__dup_D1WP48_1","__union_77",1,NA,NA,NA,"individual-duplicate-union"
"Real 375","c","c-curved-chord","D1WP48","__dup_D1WP48_1","__union_78",1,NA,NA,NA,"individual-duplicate-union"
"Real 375","c","c-curved-chord","D1WP48","__dup_D1WP48_1","__union_81",1,NA,NA,NA,"individual-duplicate-union"
"Real 375","c","c-curved-chord","D1WP48","__dup_D1WP48_1","__union_82",1,NA,NA,NA,"individual-duplicate-union"
"Real 375","c","c-curved-chord","D1WP48","__dup_D1WP48_1","__union_83",1,NA,NA,NA,"individual-duplicate-union"
"Real 375","c","c-curved-chord","D1WP48","__dup_D1WP48_1","__union_85",1,NA,NA,NA,"individual-duplicate-union"
"Real 375","c","c-curved-chord","D1WP48","__dup_D1WP48_1","__union_86",1,NA,NA,NA,"individual-duplicate-union"
"Real 375","c","c-curved-chord","D1WP48","__dup_D1WP48_1","__union_87",1,NA,NA,NA,"individual-duplicate-union"
"Real 375","c","c-curved-chord","D1WP48","__dup_D1WP48_1","__union_88",1,NA,NA,NA,"individual-duplicate-union"
"Real 375","c","c-curved-chord","D1WP48","__dup_D1WP48_1","__union_91",1,NA,NA,NA,"individual-duplicate-union"
"Real 375","c","c-curved-chord","D1WP48","__dup_D1WP48_1","__union_92",1,NA,NA,NA,"individual-duplicate-union"
"Real 375","c","c-curved-chord","D1WP48","__dup_D1WP48_1","__union_93",1,NA,NA,NA,"individual-duplicate-union"
"Real 375","c","c-curved-chord","D1WP48","__dup_D1WP48_1","__union_95",1,NA,NA,NA,"individual-duplicate-union"
"Real 375","c","c-curved-chord","D1WP48","__dup_D1WP48_1","__union_96",1,NA,NA,NA,"individual-duplicate-union"
"Real 375","c","c-curved-chord","D1WP48","__dup_D1WP48_1","__union_99",1,NA,NA,NA,"individual-duplicate-union"
"Real 375","c","c-curved-chord","D1WP48","__dup_D1WP48_1","__union_100",1,NA,NA,NA,"individual-duplicate-union"
"Real 375","c","c-curved-chord","D1WP48","__dup_D1WP48_1","__union_101",1,NA,NA,NA,"individual-duplicate-union"
"Real 375","c","c-curved-chord","RYP77M","__dup_RYP77M_2","BCH8AH",1,NA,NA,NA,"individual-duplicate-individual"
"Real 375","c","c-curved-chord","RYP77M","__dup_RYP77M_2","4WWCPB",1,NA,NA,NA,"individual-duplicate-individual"
"Real 375","c","c-curved-chord","RYP77M","__dup_RYP77M_2","CEA455",1,NA,NA,NA,"individual-duplicate-individual"
"Real 375","c","c-curved-chord","RYP77M","__dup_RYP77M_2","WDUGSA",1,NA,NA,NA,"individual-duplicate-individual"
"Real 375","c","c-curved-chord","RYP77M","__dup_RYP77M_2","S0022Z",1,NA,NA,NA,"individual-duplicate-individual"
"Real 375","c","c-curved-chord","RYP77M","__dup_RYP77M_2","JB7EW2",1,NA,NA,NA,"individual-duplicate-individual"
"Real 375","c","c-curved-chord","RYP77M","__dup_RYP77M_2","XEE9GT",1,NA,NA,NA,"individual-duplicate-individual"
"Real 375","c","c-curved-chord","RYP77M","__dup_RYP77M_2","7JQ09V",1,NA,NA,NA,"individual-duplicate-individual"
"Real 375","c","c-curved-chord","RYP77M","__dup_RYP77M_2","XH80WV",1,NA,NA,NA,"individual-duplicate-individual"
"Real 375","c","c-curved-chord","RYP77M","__dup_RYP77M_2","Q7F87W",1,NA,NA,NA,"individual-duplicate-individual"
"Real 375","c","c-curved-chord","RYP77M","__dup_RYP77M_2","BYWXJB",1,NA,NA,NA,"individual-duplicate-individual"
"Real 375","c","c-curved-chord","RYP77M","__dup_RYP77M_2","JR9GXD",1,NA,NA,NA,"individual-duplicate-individual"
"Real 375","c","c-curved-chord","RYP77M","__dup_RYP77M_2","37FSQA",1,NA,NA,NA,"individual-duplicate-individual"
"Real 375","c","c-curved-chord","RYP77M","__dup_RYP77M_2","GTKL5Z",1,NA,NA,NA,"individual-duplicate-individual"
"Real 375","c","c-curved-chord","RYP77M","__dup_RYP77M_2","SNHNX6",1,NA,NA,NA,"individual-duplicate-individual"
"Real 375","c","c-curved-chord","RYP77M","__dup_RYP77M_2","IM1B5T",1,NA,NA,NA,"individual-duplicate-individual"
"Real 375","c","c-curved-chord","RYP77M","__dup_RYP77M_2","D0Z114",1,NA,NA,NA,"individual-duplicate-individual"
"Real 375","c","c-curved-chord","RYP77M","__dup_RYP77M_2","D1WP48",1,NA,NA,NA,"individual-duplicate-individual"
"Real 375","c","c-curved-chord","RYP77M","__dup_RYP77M_2","D472PY",1,NA,NA,NA,"individual-duplicate-individual"
"Real 375","c","c-curved-chord","RYP77M","__dup_RYP77M_2","0ZISJ0",1,NA,NA,NA,"individual-duplicate-individual"
"Real 375","c","c-curved-chord","RYP77M","__dup_RYP77M_2","KNIBZ7",1,NA,NA,NA,"individual-duplicate-individual"
"Real 375","c","c-curved-chord","RYP77M","__dup_RYP77M_2","79QBRD",1,NA,NA,NA,"individual-duplicate-individual"
"Real 375","c","c-curved-chord","RYP77M","__dup_RYP77M_2","X6TGUV",1,NA,NA,NA,"individual-duplicate-individual"
"Real 375","c","c-curved-chord","RYP77M","__dup_RYP77M_2","3GW5WC",1,NA,NA,NA,"individual-duplicate-individual"
"Real 375","c","c-curved-chord","RYP77M","__dup_RYP77M_2","L8CMNE",1,NA,NA,NA,"individual-duplicate-individual"
"Real 375","c","c-curved-chord","RYP77M","__dup_RYP77M_2","KUENM8",1,NA,NA,NA,"individual-duplicate-individual"
"Real 375","c","c-curved-chord","RYP77M","__dup_RYP77M_2","__dup_E2D59U_1",1,NA,NA,NA,"individual-duplicate-duplicate"
"Real 375","c","c-curved-chord","RYP77M","__dup_RYP77M_2","__dup_CMJQGU_1",1,NA,NA,NA,"individual-duplicate-duplicate"
"Real 375","c","c-curved-chord","RYP77M","__dup_RYP77M_2","__dup_D8FYZV_4",1,NA,NA,NA,"individual-duplicate-duplicate"
"Real 375","c","c-curved-chord","RYP77M","__dup_RYP77M_2","__dup_7NBKWE_3",1,NA,NA,NA,"individual-duplicate-duplicate"
"Real 375","c","c-curved-chord","RYP77M","__dup_RYP77M_2","__dup_KUENM8_1",1,NA,NA,NA,"individual-duplicate-duplicate"
"Real 375","c","c-curved-chord","RYP77M","__dup_RYP77M_2","__dup_L31S6S_4",1,NA,NA,NA,"individual-duplicate-duplicate"
"Real 375","c","c-curved-chord","RYP77M","__dup_RYP77M_2","__dup_QWUKUY_3",1,NA,NA,NA,"individual-duplicate-duplicate"
"Real 375","c","c-curved-chord","RYP77M","__dup_RYP77M_2","__dup_P87V3K_1",1,NA,NA,NA,"individual-duplicate-duplicate"
"Real 375","c","c-curved-chord","RYP77M","__dup_RYP77M_2","__dup_D1WP48_2",1,NA,NA,NA,"individual-duplicate-duplicate"
"Real 375","c","c-curved-chord","RYP77M","__dup_RYP77M_2","__dup_KUENM8_2",1,NA,NA,NA,"individual-duplicate-duplicate"
"Real 375","c","c-curved-chord","RYP77M","__dup_RYP77M_2","__union_67",1,NA,NA,NA,"individual-duplicate-union"
"Real 375","c","c-curved-chord","RYP77M","__dup_RYP77M_2","__union_70",1,NA,NA,NA,"individual-duplicate-union"
"Real 375","c","c-curved-chord","RYP77M","__dup_RYP77M_2","__union_76",1,NA,NA,NA,"individual-duplicate-union"
"Real 375","c","c-curved-chord","RYP77M","__dup_RYP77M_2","__union_77",1,NA,NA,NA,"individual-duplicate-union"
"Real 375","c","c-curved-chord","RYP77M","__dup_RYP77M_2","__union_78",1,NA,NA,NA,"individual-duplicate-union"
"Real 375","c","c-curved-chord","RYP77M","__dup_RYP77M_2","__union_79",1,NA,NA,NA,"individual-duplicate-union"
"Real 375","c","c-curved-chord","RYP77M","__dup_RYP77M_2","__union_81",1,NA,NA,NA,"individual-duplicate-union"
"Real 375","c","c-curved-chord","RYP77M","__dup_RYP77M_2","__union_83",1,NA,NA,NA,"individual-duplicate-union"
"Real 375","c","c-curved-chord","RYP77M","__dup_RYP77M_2","__union_85",1,NA,NA,NA,"individual-duplicate-union"
"Real 375","c","c-curved-chord","RYP77M","__dup_RYP77M_2","__union_86",1,NA,NA,NA,"individual-duplicate-union"
"Real 375","c","c-curved-chord","RYP77M","__dup_RYP77M_2","__union_87",1,NA,NA,NA,"individual-duplicate-union"
"Real 375","c","c-curved-chord","RYP77M","__dup_RYP77M_2","__union_88",1,NA,NA,NA,"individual-duplicate-union"
"Real 375","c","c-curved-chord","RYP77M","__dup_RYP77M_2","__union_91",1,NA,NA,NA,"individual-duplicate-union"
"Real 375","c","c-curved-chord","RYP77M","__dup_RYP77M_2","__union_92",1,NA,NA,NA,"individual-duplicate-union"
"Real 375","c","c-curved-chord","RYP77M","__dup_RYP77M_2","__union_93",1,NA,NA,NA,"individual-duplicate-union"
"Real 375","c","c-curved-chord","RYP77M","__dup_RYP77M_2","__union_95",1,NA,NA,NA,"individual-duplicate-union"
"Real 375","c","c-curved-chord","RYP77M","__dup_RYP77M_2","__union_96",1,NA,NA,NA,"individual-duplicate-union"
"Real 375","c","c-curved-chord","RYP77M","__dup_RYP77M_2","__union_99",1,NA,NA,NA,"individual-duplicate-union"
"Real 375","c","c-curved-chord","RYP77M","__dup_RYP77M_2","__union_101",1,NA,NA,NA,"individual-duplicate-union"
"Real 375","c","c-curved-chord","RYP77M","__dup_RYP77M_3","BCH8AH",1,NA,NA,NA,"individual-duplicate-individual"
"Real 375","c","c-curved-chord","RYP77M","__dup_RYP77M_3","HJ555Y",1,NA,NA,NA,"individual-duplicate-individual"
"Real 375","c","c-curved-chord","RYP77M","__dup_RYP77M_3","4WWCPB",1,NA,NA,NA,"individual-duplicate-individual"
"Real 375","c","c-curved-chord","RYP77M","__dup_RYP77M_3","CEA455",1,NA,NA,NA,"individual-duplicate-individual"
"Real 375","c","c-curved-chord","RYP77M","__dup_RYP77M_3","WDUGSA",1,NA,NA,NA,"individual-duplicate-individual"
"Real 375","c","c-curved-chord","RYP77M","__dup_RYP77M_3","S0022Z",1,NA,NA,NA,"individual-duplicate-individual"
"Real 375","c","c-curved-chord","RYP77M","__dup_RYP77M_3","JB7EW2",1,NA,NA,NA,"individual-duplicate-individual"
"Real 375","c","c-curved-chord","RYP77M","__dup_RYP77M_3","DLZL49",1,NA,NA,NA,"individual-duplicate-individual"
"Real 375","c","c-curved-chord","RYP77M","__dup_RYP77M_3","XEE9GT",1,NA,NA,NA,"individual-duplicate-individual"
"Real 375","c","c-curved-chord","RYP77M","__dup_RYP77M_3","7JQ09V",1,NA,NA,NA,"individual-duplicate-individual"
"Real 375","c","c-curved-chord","RYP77M","__dup_RYP77M_3","8PHUQL",1,NA,NA,NA,"individual-duplicate-individual"
"Real 375","c","c-curved-chord","RYP77M","__dup_RYP77M_3","8LWCAD",1,NA,NA,NA,"individual-duplicate-individual"
"Real 375","c","c-curved-chord","RYP77M","__dup_RYP77M_3","XH80WV",1,NA,NA,NA,"individual-duplicate-individual"
"Real 375","c","c-curved-chord","RYP77M","__dup_RYP77M_3","Q7F87W",1,NA,NA,NA,"individual-duplicate-individual"
"Real 375","c","c-curved-chord","RYP77M","__dup_RYP77M_3","BYWXJB",1,NA,NA,NA,"individual-duplicate-individual"
"Real 375","c","c-curved-chord","RYP77M","__dup_RYP77M_3","EQNDAY",1,NA,NA,NA,"individual-duplicate-individual"
"Real 375","c","c-curved-chord","RYP77M","__dup_RYP77M_3","JR9GXD",1,NA,NA,NA,"individual-duplicate-individual"
"Real 375","c","c-curved-chord","RYP77M","__dup_RYP77M_3","M0YNUR",1,NA,NA,NA,"individual-duplicate-individual"
"Real 375","c","c-curved-chord","RYP77M","__dup_RYP77M_3","37FSQA",1,NA,NA,NA,"individual-duplicate-individual"
"Real 375","c","c-curved-chord","RYP77M","__dup_RYP77M_3","N2JRUE",1,NA,NA,NA,"individual-duplicate-individual"
"Real 375","c","c-curved-chord","RYP77M","__dup_RYP77M_3","5JGJDV",1,NA,NA,NA,"individual-duplicate-individual"
"Real 375","c","c-curved-chord","RYP77M","__dup_RYP77M_3","GTKL5Z",1,NA,NA,NA,"individual-duplicate-individual"
"Real 375","c","c-curved-chord","RYP77M","__dup_RYP77M_3","SNHNX6",1,NA,NA,NA,"individual-duplicate-individual"
"Real 375","c","c-curved-chord","RYP77M","__dup_RYP77M_3","IM1B5T",1,NA,NA,NA,"individual-duplicate-individual"
"Real 375","c","c-curved-chord","RYP77M","__dup_RYP77M_3","D0Z114",1,NA,NA,NA,"individual-duplicate-individual"
"Real 375","c","c-curved-chord","RYP77M","__dup_RYP77M_3","1W4GNT",1,NA,NA,NA,"individual-duplicate-individual"
"Real 375","c","c-curved-chord","RYP77M","__dup_RYP77M_3","D1WP48",1,NA,NA,NA,"individual-duplicate-individual"
"Real 375","c","c-curved-chord","RYP77M","__dup_RYP77M_3","D472PY",1,NA,NA,NA,"individual-duplicate-individual"
"Real 375","c","c-curved-chord","RYP77M","__dup_RYP77M_3","DU300Q",1,NA,NA,NA,"individual-duplicate-individual"
"Real 375","c","c-curved-chord","RYP77M","__dup_RYP77M_3","0Q077X",1,NA,NA,NA,"individual-duplicate-individual"
"Real 375","c","c-curved-chord","RYP77M","__dup_RYP77M_3","0ZISJ0",1,NA,NA,NA,"individual-duplicate-individual"
"Real 375","c","c-curved-chord","RYP77M","__dup_RYP77M_3","KNIBZ7",1,NA,NA,NA,"individual-duplicate-individual"
"Real 375","c","c-curved-chord","RYP77M","__dup_RYP77M_3","CAN12C",1,NA,NA,NA,"individual-duplicate-individual"
"Real 375","c","c-curved-chord","RYP77M","__dup_RYP77M_3","79QBRD",1,NA,NA,NA,"individual-duplicate-individual"
"Real 375","c","c-curved-chord","RYP77M","__dup_RYP77M_3","X6TGUV",1,NA,NA,NA,"individual-duplicate-individual"
"Real 375","c","c-curved-chord","RYP77M","__dup_RYP77M_3","0L5AWR",1,NA,NA,NA,"individual-duplicate-individual"
"Real 375","c","c-curved-chord","RYP77M","__dup_RYP77M_3","3GW5WC",1,NA,NA,NA,"individual-duplicate-individual"
"Real 375","c","c-curved-chord","RYP77M","__dup_RYP77M_3","L8CMNE",1,NA,NA,NA,"individual-duplicate-individual"
"Real 375","c","c-curved-chord","RYP77M","__dup_RYP77M_3","KUENM8",1,NA,NA,NA,"individual-duplicate-individual"
"Real 375","c","c-curved-chord","RYP77M","__dup_RYP77M_3","__dup_E2D59U_1",1,NA,NA,NA,"individual-duplicate-duplicate"
"Real 375","c","c-curved-chord","RYP77M","__dup_RYP77M_3","__dup_1X40V5_2",1,NA,NA,NA,"individual-duplicate-duplicate"
"Real 375","c","c-curved-chord","RYP77M","__dup_RYP77M_3","__dup_CMJQGU_1",1,NA,NA,NA,"individual-duplicate-duplicate"
"Real 375","c","c-curved-chord","RYP77M","__dup_RYP77M_3","__dup_D8FYZV_4",1,NA,NA,NA,"individual-duplicate-duplicate"
"Real 375","c","c-curved-chord","RYP77M","__dup_RYP77M_3","__dup_7NBKWE_3",1,NA,NA,NA,"individual-duplicate-duplicate"
"Real 375","c","c-curved-chord","RYP77M","__dup_RYP77M_3","__dup_KUENM8_1",1,NA,NA,NA,"individual-duplicate-duplicate"
"Real 375","c","c-curved-chord","RYP77M","__dup_RYP77M_3","__dup_L31S6S_4",1,NA,NA,NA,"individual-duplicate-duplicate"
"Real 375","c","c-curved-chord","RYP77M","__dup_RYP77M_3","__dup_QWUKUY_3",1,NA,NA,NA,"individual-duplicate-duplicate"
"Real 375","c","c-curved-chord","RYP77M","__dup_RYP77M_3","__dup_P87V3K_1",1,NA,NA,NA,"individual-duplicate-duplicate"
"Real 375","c","c-curved-chord","RYP77M","__dup_RYP77M_3","__dup_D1WP48_2",1,NA,NA,NA,"individual-duplicate-duplicate"
"Real 375","c","c-curved-chord","RYP77M","__dup_RYP77M_3","__dup_L31S6S_5",1,NA,NA,NA,"individual-duplicate-duplicate"
"Real 375","c","c-curved-chord","RYP77M","__dup_RYP77M_3","__dup_KUENM8_2",1,NA,NA,NA,"individual-duplicate-duplicate"
"Real 375","c","c-curved-chord","RYP77M","__dup_RYP77M_3","__union_66",1,NA,NA,NA,"individual-duplicate-union"
"Real 375","c","c-curved-chord","RYP77M","__dup_RYP77M_3","__union_67",1,NA,NA,NA,"individual-duplicate-union"
"Real 375","c","c-curved-chord","RYP77M","__dup_RYP77M_3","__union_70",1,NA,NA,NA,"individual-duplicate-union"
"Real 375","c","c-curved-chord","RYP77M","__dup_RYP77M_3","__union_73",1,NA,NA,NA,"individual-duplicate-union"
"Real 375","c","c-curved-chord","RYP77M","__dup_RYP77M_3","__union_74",1,NA,NA,NA,"individual-duplicate-union"
"Real 375","c","c-curved-chord","RYP77M","__dup_RYP77M_3","__union_76",1,NA,NA,NA,"individual-duplicate-union"
"Real 375","c","c-curved-chord","RYP77M","__dup_RYP77M_3","__union_77",1,NA,NA,NA,"individual-duplicate-union"
"Real 375","c","c-curved-chord","RYP77M","__dup_RYP77M_3","__union_78",1,NA,NA,NA,"individual-duplicate-union"
"Real 375","c","c-curved-chord","RYP77M","__dup_RYP77M_3","__union_79",1,NA,NA,NA,"individual-duplicate-union"
"Real 375","c","c-curved-chord","RYP77M","__dup_RYP77M_3","__union_81",1,NA,NA,NA,"individual-duplicate-union"
"Real 375","c","c-curved-chord","RYP77M","__dup_RYP77M_3","__union_82",1,NA,NA,NA,"individual-duplicate-union"
"Real 375","c","c-curved-chord","RYP77M","__dup_RYP77M_3","__union_83",1,NA,NA,NA,"individual-duplicate-union"
"Real 375","c","c-curved-chord","RYP77M","__dup_RYP77M_3","__union_85",1,NA,NA,NA,"individual-duplicate-union"
"Real 375","c","c-curved-chord","RYP77M","__dup_RYP77M_3","__union_86",1,NA,NA,NA,"individual-duplicate-union"
"Real 375","c","c-curved-chord","RYP77M","__dup_RYP77M_3","__union_87",1,NA,NA,NA,"individual-duplicate-union"
"Real 375","c","c-curved-chord","RYP77M","__dup_RYP77M_3","__union_88",1,NA,NA,NA,"individual-duplicate-union"
"Real 375","c","c-curved-chord","RYP77M","__dup_RYP77M_3","__union_91",1,NA,NA,NA,"individual-duplicate-union"
"Real 375","c","c-curved-chord","RYP77M","__dup_RYP77M_3","__union_92",1,NA,NA,NA,"individual-duplicate-union"
"Real 375","c","c-curved-chord","RYP77M","__dup_RYP77M_3","__union_93",1,NA,NA,NA,"individual-duplicate-union"
"Real 375","c","c-curved-chord","RYP77M","__dup_RYP77M_3","__union_95",1,NA,NA,NA,"individual-duplicate-union"
"Real 375","c","c-curved-chord","RYP77M","__dup_RYP77M_3","__union_96",1,NA,NA,NA,"individual-duplicate-union"
"Real 375","c","c-curved-chord","RYP77M","__dup_RYP77M_3","__union_99",1,NA,NA,NA,"individual-duplicate-union"
"Real 375","c","c-curved-chord","RYP77M","__dup_RYP77M_3","__union_100",1,NA,NA,NA,"individual-duplicate-union"
"Real 375","c","c-curved-chord","RYP77M","__dup_RYP77M_3","__union_101",1,NA,NA,NA,"individual-duplicate-union"
"Real 375","c","c-curved-chord","__dup_SLN0TF_1","SLN0TF","FE03JV",1,NA,NA,NA,"duplicate-individual-individual"
"Real 375","c","c-curved-chord","__dup_SLN0TF_1","SLN0TF","__union_89",1,NA,NA,NA,"duplicate-individual-union"
"Real 375","c","c-curved-chord","__dup_SLN0TF_1","SLN0TF","__union_90",1,NA,NA,NA,"duplicate-individual-union"
"Real 375","c","c-curved-chord","KUENM8","__dup_KUENM8_1","CEA455",1,NA,NA,NA,"individual-duplicate-individual"
"Real 375","c","c-curved-chord","KUENM8","__dup_KUENM8_1","XH80WV",1,NA,NA,NA,"individual-duplicate-individual"
"Real 375","c","c-curved-chord","KUENM8","__dup_KUENM8_1","IM1B5T",1,NA,NA,NA,"individual-duplicate-individual"
"Real 375","c","c-curved-chord","KUENM8","__dup_KUENM8_1","__dup_E2D59U_1",1,NA,NA,NA,"individual-duplicate-duplicate"
"Real 375","c","c-curved-chord","KUENM8","__dup_KUENM8_1","__dup_7NBKWE_3",1,NA,NA,NA,"individual-duplicate-duplicate"
"Real 375","c","c-curved-chord","KUENM8","__dup_KUENM8_1","__dup_P87V3K_1",1,NA,NA,NA,"individual-duplicate-duplicate"
"Real 375","c","c-curved-chord","KUENM8","__dup_KUENM8_1","__union_78",1,NA,NA,NA,"individual-duplicate-union"
"Real 375","c","c-curved-chord","KUENM8","__dup_KUENM8_1","__union_85",1,NA,NA,NA,"individual-duplicate-union"
"Real 375","c","c-curved-chord","KUENM8","__dup_KUENM8_1","__union_91",1,NA,NA,NA,"individual-duplicate-union"
"Real 375","c","c-curved-chord","KUENM8","__dup_KUENM8_1","__union_92",1,NA,NA,NA,"individual-duplicate-union"
"Real 375","c","c-curved-chord","KUENM8","__dup_KUENM8_1","__union_95",1,NA,NA,NA,"individual-duplicate-union"
"Real 375","c","c-curved-chord","KUENM8","__dup_KUENM8_1","__union_101",1,NA,NA,NA,"individual-duplicate-union"
"Real 375","c","c-curved-chord","RYP77M","__dup_RYP77M_4","BCH8AH",1,NA,NA,NA,"individual-duplicate-individual"
"Real 375","c","c-curved-chord","RYP77M","__dup_RYP77M_4","CEA455",1,NA,NA,NA,"individual-duplicate-individual"
"Real 375","c","c-curved-chord","RYP77M","__dup_RYP77M_4","WDUGSA",1,NA,NA,NA,"individual-duplicate-individual"
"Real 375","c","c-curved-chord","RYP77M","__dup_RYP77M_4","S0022Z",1,NA,NA,NA,"individual-duplicate-individual"
"Real 375","c","c-curved-chord","RYP77M","__dup_RYP77M_4","JB7EW2",1,NA,NA,NA,"individual-duplicate-individual"
"Real 375","c","c-curved-chord","RYP77M","__dup_RYP77M_4","XEE9GT",1,NA,NA,NA,"individual-duplicate-individual"
"Real 375","c","c-curved-chord","RYP77M","__dup_RYP77M_4","7JQ09V",1,NA,NA,NA,"individual-duplicate-individual"
"Real 375","c","c-curved-chord","RYP77M","__dup_RYP77M_4","XH80WV",1,NA,NA,NA,"individual-duplicate-individual"
"Real 375","c","c-curved-chord","RYP77M","__dup_RYP77M_4","Q7F87W",1,NA,NA,NA,"individual-duplicate-individual"
"Real 375","c","c-curved-chord","RYP77M","__dup_RYP77M_4","BYWXJB",1,NA,NA,NA,"individual-duplicate-individual"
"Real 375","c","c-curved-chord","RYP77M","__dup_RYP77M_4","37FSQA",1,NA,NA,NA,"individual-duplicate-individual"
"Real 375","c","c-curved-chord","RYP77M","__dup_RYP77M_4","GTKL5Z",1,NA,NA,NA,"individual-duplicate-individual"
"Real 375","c","c-curved-chord","RYP77M","__dup_RYP77M_4","SNHNX6",1,NA,NA,NA,"individual-duplicate-individual"
"Real 375","c","c-curved-chord","RYP77M","__dup_RYP77M_4","IM1B5T",1,NA,NA,NA,"individual-duplicate-individual"
"Real 375","c","c-curved-chord","RYP77M","__dup_RYP77M_4","D0Z114",1,NA,NA,NA,"individual-duplicate-individual"
"Real 375","c","c-curved-chord","RYP77M","__dup_RYP77M_4","D1WP48",1,NA,NA,NA,"individual-duplicate-individual"
"Real 375","c","c-curved-chord","RYP77M","__dup_RYP77M_4","D472PY",1,NA,NA,NA,"individual-duplicate-individual"
"Real 375","c","c-curved-chord","RYP77M","__dup_RYP77M_4","0ZISJ0",1,NA,NA,NA,"individual-duplicate-individual"
"Real 375","c","c-curved-chord","RYP77M","__dup_RYP77M_4","KNIBZ7",1,NA,NA,NA,"individual-duplicate-individual"
"Real 375","c","c-curved-chord","RYP77M","__dup_RYP77M_4","79QBRD",1,NA,NA,NA,"individual-duplicate-individual"
"Real 375","c","c-curved-chord","RYP77M","__dup_RYP77M_4","X6TGUV",1,NA,NA,NA,"individual-duplicate-individual"
"Real 375","c","c-curved-chord","RYP77M","__dup_RYP77M_4","3GW5WC",1,NA,NA,NA,"individual-duplicate-individual"
"Real 375","c","c-curved-chord","RYP77M","__dup_RYP77M_4","L8CMNE",1,NA,NA,NA,"individual-duplicate-individual"
"Real 375","c","c-curved-chord","RYP77M","__dup_RYP77M_4","KUENM8",1,NA,NA,NA,"individual-duplicate-individual"
"Real 375","c","c-curved-chord","RYP77M","__dup_RYP77M_4","__dup_E2D59U_1",1,NA,NA,NA,"individual-duplicate-duplicate"
"Real 375","c","c-curved-chord","RYP77M","__dup_RYP77M_4","__dup_CMJQGU_1",1,NA,NA,NA,"individual-duplicate-duplicate"
"Real 375","c","c-curved-chord","RYP77M","__dup_RYP77M_4","__dup_D8FYZV_4",1,NA,NA,NA,"individual-duplicate-duplicate"
"Real 375","c","c-curved-chord","RYP77M","__dup_RYP77M_4","__dup_7NBKWE_3",1,NA,NA,NA,"individual-duplicate-duplicate"
"Real 375","c","c-curved-chord","RYP77M","__dup_RYP77M_4","__dup_KUENM8_1",1,NA,NA,NA,"individual-duplicate-duplicate"
"Real 375","c","c-curved-chord","RYP77M","__dup_RYP77M_4","__dup_L31S6S_4",1,NA,NA,NA,"individual-duplicate-duplicate"
"Real 375","c","c-curved-chord","RYP77M","__dup_RYP77M_4","__dup_QWUKUY_3",1,NA,NA,NA,"individual-duplicate-duplicate"
"Real 375","c","c-curved-chord","RYP77M","__dup_RYP77M_4","__dup_P87V3K_1",1,NA,NA,NA,"individual-duplicate-duplicate"
"Real 375","c","c-curved-chord","RYP77M","__dup_RYP77M_4","__dup_D1WP48_2",1,NA,NA,NA,"individual-duplicate-duplicate"
"Real 375","c","c-curved-chord","RYP77M","__dup_RYP77M_4","__dup_KUENM8_2",1,NA,NA,NA,"individual-duplicate-duplicate"
"Real 375","c","c-curved-chord","RYP77M","__dup_RYP77M_4","__union_67",1,NA,NA,NA,"individual-duplicate-union"
"Real 375","c","c-curved-chord","RYP77M","__dup_RYP77M_4","__union_70",1,NA,NA,NA,"individual-duplicate-union"
"Real 375","c","c-curved-chord","RYP77M","__dup_RYP77M_4","__union_76",1,NA,NA,NA,"individual-duplicate-union"
"Real 375","c","c-curved-chord","RYP77M","__dup_RYP77M_4","__union_77",1,NA,NA,NA,"individual-duplicate-union"
"Real 375","c","c-curved-chord","RYP77M","__dup_RYP77M_4","__union_78",1,NA,NA,NA,"individual-duplicate-union"
"Real 375","c","c-curved-chord","RYP77M","__dup_RYP77M_4","__union_79",1,NA,NA,NA,"individual-duplicate-union"
"Real 375","c","c-curved-chord","RYP77M","__dup_RYP77M_4","__union_81",1,NA,NA,NA,"individual-duplicate-union"
"Real 375","c","c-curved-chord","RYP77M","__dup_RYP77M_4","__union_83",1,NA,NA,NA,"individual-duplicate-union"
"Real 375","c","c-curved-chord","RYP77M","__dup_RYP77M_4","__union_85",1,NA,NA,NA,"individual-duplicate-union"
"Real 375","c","c-curved-chord","RYP77M","__dup_RYP77M_4","__union_86",1,NA,NA,NA,"individual-duplicate-union"
"Real 375","c","c-curved-chord","RYP77M","__dup_RYP77M_4","__union_88",1,NA,NA,NA,"individual-duplicate-union"
"Real 375","c","c-curved-chord","RYP77M","__dup_RYP77M_4","__union_91",1,NA,NA,NA,"individual-duplicate-union"
"Real 375","c","c-curved-chord","RYP77M","__dup_RYP77M_4","__union_92",1,NA,NA,NA,"individual-duplicate-union"
"Real 375","c","c-curved-chord","RYP77M","__dup_RYP77M_4","__union_93",1,NA,NA,NA,"individual-duplicate-union"
"Real 375","c","c-curved-chord","RYP77M","__dup_RYP77M_4","__union_95",1,NA,NA,NA,"individual-duplicate-union"
"Real 375","c","c-curved-chord","RYP77M","__dup_RYP77M_4","__union_96",1,NA,NA,NA,"individual-duplicate-union"
"Real 375","c","c-curved-chord","RYP77M","__dup_RYP77M_4","__union_99",1,NA,NA,NA,"individual-duplicate-union"
"Real 375","c","c-curved-chord","RYP77M","__dup_RYP77M_4","__union_101",1,NA,NA,NA,"individual-duplicate-union"
"Real 375","c","c-curved-chord","D1WP48","__dup_D1WP48_2","JB7EW2",1,NA,NA,NA,"individual-duplicate-individual"
"Real 375","c","c-curved-chord","D1WP48","__dup_D1WP48_2","XEE9GT",1,NA,NA,NA,"individual-duplicate-individual"
"Real 375","c","c-curved-chord","D1WP48","__dup_D1WP48_2","GTKL5Z",1,NA,NA,NA,"individual-duplicate-individual"
"Real 375","c","c-curved-chord","D1WP48","__dup_D1WP48_2","D472PY",1,NA,NA,NA,"individual-duplicate-individual"
"Real 375","c","c-curved-chord","D1WP48","__dup_D1WP48_2","79QBRD",1,NA,NA,NA,"individual-duplicate-individual"
"Real 375","c","c-curved-chord","D1WP48","__dup_D1WP48_2","__union_77",1,NA,NA,NA,"individual-duplicate-union"
"Real 375","c","c-curved-chord","D1WP48","__dup_D1WP48_2","__union_83",1,NA,NA,NA,"individual-duplicate-union"
"Real 375","c","c-curved-chord","D1WP48","__dup_D1WP48_2","__union_99",1,NA,NA,NA,"individual-duplicate-union"
"Real 375","c","c-curved-chord","KUENM8","__dup_KUENM8_2","CEA455",1,NA,NA,NA,"individual-duplicate-individual"
"Real 375","c","c-curved-chord","KUENM8","__dup_KUENM8_2","XH80WV",1,NA,NA,NA,"individual-duplicate-individual"
"Real 375","c","c-curved-chord","KUENM8","__dup_KUENM8_2","BYWXJB",1,NA,NA,NA,"individual-duplicate-individual"
"Real 375","c","c-curved-chord","KUENM8","__dup_KUENM8_2","IM1B5T",1,NA,NA,NA,"individual-duplicate-individual"
"Real 375","c","c-curved-chord","KUENM8","__dup_KUENM8_2","0ZISJ0",1,NA,NA,NA,"individual-duplicate-individual"
"Real 375","c","c-curved-chord","KUENM8","__dup_KUENM8_2","3GW5WC",1,NA,NA,NA,"individual-duplicate-individual"
"Real 375","c","c-curved-chord","KUENM8","__dup_KUENM8_2","__dup_E2D59U_1",1,NA,NA,NA,"individual-duplicate-duplicate"
"Real 375","c","c-curved-chord","KUENM8","__dup_KUENM8_2","__dup_7NBKWE_3",1,NA,NA,NA,"individual-duplicate-duplicate"
"Real 375","c","c-curved-chord","KUENM8","__dup_KUENM8_2","__dup_QWUKUY_3",1,NA,NA,NA,"individual-duplicate-duplicate"
"Real 375","c","c-curved-chord","KUENM8","__dup_KUENM8_2","__dup_P87V3K_1",1,NA,NA,NA,"individual-duplicate-duplicate"
"Real 375","c","c-curved-chord","KUENM8","__dup_KUENM8_2","__union_78",1,NA,NA,NA,"individual-duplicate-union"
"Real 375","c","c-curved-chord","KUENM8","__dup_KUENM8_2","__union_85",1,NA,NA,NA,"individual-duplicate-union"
"Real 375","c","c-curved-chord","KUENM8","__dup_KUENM8_2","__union_91",1,NA,NA,NA,"individual-duplicate-union"
"Real 375","c","c-curved-chord","KUENM8","__dup_KUENM8_2","__union_92",1,NA,NA,NA,"individual-duplicate-union"
"Real 375","c","c-curved-chord","KUENM8","__dup_KUENM8_2","__union_95",1,NA,NA,NA,"individual-duplicate-union"
"Real 375","c","c-curved-chord","KUENM8","__dup_KUENM8_2","__union_96",1,NA,NA,NA,"individual-duplicate-union"
"Real 375","c","c-curved-chord","KUENM8","__dup_KUENM8_2","__union_101",1,NA,NA,NA,"individual-duplicate-union"
"Real 375","c","c-curved-chord","7U5NJD","__dup_7U5NJD_1","9C6NW8",2,NA,NA,NA,"individual-duplicate-individual"
"Real 375","c","c-curved-chord","7U5NJD","__dup_7U5NJD_1","KCBMY9",2,NA,NA,NA,"individual-duplicate-individual"
"Real 375","c","c-curved-chord","7U5NJD","__dup_7U5NJD_1","DKMJ2Z",2,NA,NA,NA,"individual-duplicate-individual"
"Real 375","c","c-curved-chord","7U5NJD","__dup_7U5NJD_1","772Q3D",2,NA,NA,NA,"individual-duplicate-individual"
"Real 375","c","c-curved-chord","7U5NJD","__dup_7U5NJD_1","DKDP5B",2,NA,NA,NA,"individual-duplicate-individual"
"Real 375","c","c-curved-chord","7U5NJD","__dup_7U5NJD_1","DMI0QY",2,NA,NA,NA,"individual-duplicate-individual"
"Real 375","c","c-curved-chord","7U5NJD","__dup_7U5NJD_1","WFGRY3",2,NA,NA,NA,"individual-duplicate-individual"
"Real 375","c","c-curved-chord","7U5NJD","__dup_7U5NJD_1","CKFA4F",2,NA,NA,NA,"individual-duplicate-individual"
"Real 375","c","c-curved-chord","7U5NJD","__dup_7U5NJD_1","DGLT2F",2,NA,NA,NA,"individual-duplicate-individual"
"Real 375","c","c-curved-chord","7U5NJD","__dup_7U5NJD_1","9YJWKX",2,NA,NA,NA,"individual-duplicate-individual"
"Real 375","c","c-curved-chord","7U5NJD","__dup_7U5NJD_1","D0CW4E",2,NA,NA,NA,"individual-duplicate-individual"
"Real 375","c","c-curved-chord","7U5NJD","__dup_7U5NJD_1","L07M06",2,NA,NA,NA,"individual-duplicate-individual"
"Real 375","c","c-curved-chord","7U5NJD","__dup_7U5NJD_1","270UK6",2,NA,NA,NA,"individual-duplicate-individual"
"Real 375","c","c-curved-chord","7U5NJD","__dup_7U5NJD_1","J33BE0",2,NA,NA,NA,"individual-duplicate-individual"
"Real 375","c","c-curved-chord","7U5NJD","__dup_7U5NJD_1","LUPGF8",2,NA,NA,NA,"individual-duplicate-individual"
"Real 375","c","c-curved-chord","7U5NJD","__dup_7U5NJD_1","0B7XRI",2,NA,NA,NA,"individual-duplicate-individual"
"Real 375","c","c-curved-chord","7U5NJD","__dup_7U5NJD_1","J8XZ81",2,NA,NA,NA,"individual-duplicate-individual"
"Real 375","c","c-curved-chord","7U5NJD","__dup_7U5NJD_1","__dup_BYWXJB_1",2,NA,NA,NA,"individual-duplicate-duplicate"
"Real 375","c","c-curved-chord","7U5NJD","__dup_7U5NJD_1","__dup_YPHFHF_2",2,NA,NA,NA,"individual-duplicate-duplicate"
"Real 375","c","c-curved-chord","7U5NJD","__dup_7U5NJD_1","__dup_LUPGF8_1",2,NA,NA,NA,"individual-duplicate-duplicate"
"Real 375","c","c-curved-chord","7U5NJD","__dup_7U5NJD_1","__dup_KCBMY9_1",2,NA,NA,NA,"individual-duplicate-duplicate"
"Real 375","c","c-curved-chord","7U5NJD","__dup_7U5NJD_1","__dup_WDBGPF_3",2,NA,NA,NA,"individual-duplicate-duplicate"
"Real 375","c","c-curved-chord","7U5NJD","__dup_7U5NJD_1","__dup_R4V1JU_1",2,NA,NA,NA,"individual-duplicate-duplicate"
"Real 375","c","c-curved-chord","7U5NJD","__dup_7U5NJD_1","__union_105",2,NA,NA,NA,"individual-duplicate-union"
"Real 375","c","c-curved-chord","7U5NJD","__dup_7U5NJD_1","__union_110",2,NA,NA,NA,"individual-duplicate-union"
"Real 375","c","c-curved-chord","7U5NJD","__dup_7U5NJD_1","__union_115",2,NA,NA,NA,"individual-duplicate-union"
"Real 375","c","c-curved-chord","7U5NJD","__dup_7U5NJD_1","__union_117",2,NA,NA,NA,"individual-duplicate-union"
"Real 375","c","c-curved-chord","7U5NJD","__dup_7U5NJD_1","__union_120",2,NA,NA,NA,"individual-duplicate-union"
"Real 375","c","c-curved-chord","7U5NJD","__dup_7U5NJD_1","__union_123",2,NA,NA,NA,"individual-duplicate-union"
"Real 375","c","c-curved-chord","7U5NJD","__dup_7U5NJD_1","__union_124",2,NA,NA,NA,"individual-duplicate-union"
"Real 375","c","c-curved-chord","7U5NJD","__dup_7U5NJD_1","__union_129",2,NA,NA,NA,"individual-duplicate-union"
"Real 375","c","c-curved-chord","7U5NJD","__dup_7U5NJD_1","__union_133",2,NA,NA,NA,"individual-duplicate-union"
"Real 375","c","c-curved-chord","4U7JTW","__dup_4U7JTW_1","9R28KQ",2,NA,NA,NA,"individual-duplicate-individual"
"Real 375","c","c-curved-chord","4U7JTW","__dup_4U7JTW_1","7KWRZK",2,NA,NA,NA,"individual-duplicate-individual"
"Real 375","c","c-curved-chord","4U7JTW","__dup_4U7JTW_1","SQ908D",2,NA,NA,NA,"individual-duplicate-individual"
"Real 375","c","c-curved-chord","4U7JTW","__dup_4U7JTW_1","31UG06",2,NA,NA,NA,"individual-duplicate-individual"
"Real 375","c","c-curved-chord","4U7JTW","__dup_4U7JTW_1","ASAF1T",2,NA,NA,NA,"individual-duplicate-individual"
"Real 375","c","c-curved-chord","4U7JTW","__dup_4U7JTW_1","WCPXHD",2,NA,NA,NA,"individual-duplicate-individual"
"Real 375","c","c-curved-chord","4U7JTW","__dup_4U7JTW_1","FJIB3R",2,NA,NA,NA,"individual-duplicate-individual"
"Real 375","c","c-curved-chord","4U7JTW","__dup_4U7JTW_1","9VGCCV",2,NA,NA,NA,"individual-duplicate-individual"
"Real 375","c","c-curved-chord","4U7JTW","__dup_4U7JTW_1","GBGWZD",2,NA,NA,NA,"individual-duplicate-individual"
"Real 375","c","c-curved-chord","4U7JTW","__dup_4U7JTW_1","XL7AVE",2,NA,NA,NA,"individual-duplicate-individual"
"Real 375","c","c-curved-chord","4U7JTW","__dup_4U7JTW_1","B6IDBA",2,NA,NA,NA,"individual-duplicate-individual"
"Real 375","c","c-curved-chord","4U7JTW","__dup_4U7JTW_1","8FLD1J",2,NA,NA,NA,"individual-duplicate-individual"
"Real 375","c","c-curved-chord","4U7JTW","__dup_4U7JTW_1","WIBIVP",2,NA,NA,NA,"individual-duplicate-individual"
"Real 375","c","c-curved-chord","4U7JTW","__dup_4U7JTW_1","DWFFZL",2,NA,NA,NA,"individual-duplicate-individual"
"Real 375","c","c-curved-chord","4U7JTW","__dup_4U7JTW_1","__dup_NPYENA_1",2,NA,NA,NA,"individual-duplicate-duplicate"
"Real 375","c","c-curved-chord","4U7JTW","__dup_4U7JTW_1","__dup_CAN12C_1",2,NA,NA,NA,"individual-duplicate-duplicate"
"Real 375","c","c-curved-chord","4U7JTW","__dup_4U7JTW_1","__dup_8LKBV9_1",2,NA,NA,NA,"individual-duplicate-duplicate"
"Real 375","c","c-curved-chord","4U7JTW","__dup_4U7JTW_1","__dup_1W4GNT_1",2,NA,NA,NA,"individual-duplicate-duplicate"
"Real 375","c","c-curved-chord","4U7JTW","__dup_4U7JTW_1","__union_106",2,NA,NA,NA,"individual-duplicate-union"
"Real 375","c","c-curved-chord","4U7JTW","__dup_4U7JTW_1","__union_109",2,NA,NA,NA,"individual-duplicate-union"
"Real 375","c","c-curved-chord","4U7JTW","__dup_4U7JTW_1","__union_111",2,NA,NA,NA,"individual-duplicate-union"
"Real 375","c","c-curved-chord","4U7JTW","__dup_4U7JTW_1","__union_112",2,NA,NA,NA,"individual-duplicate-union"
"Real 375","c","c-curved-chord","4U7JTW","__dup_4U7JTW_1","__union_114",2,NA,NA,NA,"individual-duplicate-union"
"Real 375","c","c-curved-chord","4U7JTW","__dup_4U7JTW_1","__union_121",2,NA,NA,NA,"individual-duplicate-union"
"Real 375","c","c-curved-chord","4U7JTW","__dup_4U7JTW_1","__union_125",2,NA,NA,NA,"individual-duplicate-union"
"Real 375","c","c-curved-chord","4U7JTW","__dup_4U7JTW_1","__union_130",2,NA,NA,NA,"individual-duplicate-union"
"Real 375","c","c-curved-chord","4U7JTW","__dup_4U7JTW_1","__union_131",2,NA,NA,NA,"individual-duplicate-union"
"Real 375","c","c-curved-chord","4U7JTW","__dup_4U7JTW_1","__union_134",2,NA,NA,NA,"individual-duplicate-union"
"Real 375","c","c-curved-chord","4U7JTW","__dup_4U7JTW_1","__union_137",2,NA,NA,NA,"individual-duplicate-union"
"Real 375","c","c-curved-chord","YPHFHF","__dup_YPHFHF_1","QL6GH4",2,NA,NA,NA,"individual-duplicate-individual"
"Real 375","c","c-curved-chord","YPHFHF","__dup_YPHFHF_1","4CHDK1",2,NA,NA,NA,"individual-duplicate-individual"
"Real 375","c","c-curved-chord","YPHFHF","__dup_YPHFHF_1","YHJ240",2,NA,NA,NA,"individual-duplicate-individual"
"Real 375","c","c-curved-chord","YPHFHF","__dup_YPHFHF_1","I2G9D6",2,NA,NA,NA,"individual-duplicate-individual"
"Real 375","c","c-curved-chord","YPHFHF","__dup_YPHFHF_1","3PD3U5",2,NA,NA,NA,"individual-duplicate-individual"
"Real 375","c","c-curved-chord","YPHFHF","__dup_YPHFHF_1","MNJU8T",2,NA,NA,NA,"individual-duplicate-individual"
"Real 375","c","c-curved-chord","YPHFHF","__dup_YPHFHF_1","__dup_9C6NW8_1",2,NA,NA,NA,"individual-duplicate-duplicate"
"Real 375","c","c-curved-chord","YPHFHF","__dup_YPHFHF_1","__union_108",2,NA,NA,NA,"individual-duplicate-union"
"Real 375","c","c-curved-chord","YPHFHF","__dup_YPHFHF_1","__union_116",2,NA,NA,NA,"individual-duplicate-union"
"Real 375","c","c-curved-chord","YPHFHF","__dup_YPHFHF_1","__union_118",2,NA,NA,NA,"individual-duplicate-union"
"Real 375","c","c-curved-chord","YPHFHF","__dup_YPHFHF_1","__union_122",2,NA,NA,NA,"individual-duplicate-union"
"Real 375","c","c-curved-chord","YPHFHF","__dup_YPHFHF_1","__union_126",2,NA,NA,NA,"individual-duplicate-union"
"Real 375","c","c-curved-chord","YPHFHF","__dup_YPHFHF_1","__union_128",2,NA,NA,NA,"individual-duplicate-union"
"Real 375","c","c-curved-chord","__dup_9C6NW8_1","9C6NW8","QL6GH4",2,NA,NA,NA,"duplicate-individual-individual"
"Real 375","c","c-curved-chord","__dup_9C6NW8_1","9C6NW8","7U5NJD",2,NA,NA,NA,"duplicate-individual-individual"
"Real 375","c","c-curved-chord","__dup_9C6NW8_1","9C6NW8","I2G9D6",2,NA,NA,NA,"duplicate-individual-individual"
"Real 375","c","c-curved-chord","__dup_9C6NW8_1","9C6NW8","6PX6PS",2,NA,NA,NA,"duplicate-individual-individual"
"Real 375","c","c-curved-chord","__dup_9C6NW8_1","9C6NW8","ELGVC6",2,NA,NA,NA,"duplicate-individual-individual"
"Real 375","c","c-curved-chord","__dup_9C6NW8_1","9C6NW8","J33BE0",2,NA,NA,NA,"duplicate-individual-individual"
"Real 375","c","c-curved-chord","__dup_9C6NW8_1","9C6NW8","3PD3U5",2,NA,NA,NA,"duplicate-individual-individual"
"Real 375","c","c-curved-chord","__dup_9C6NW8_1","9C6NW8","J8XZ81",2,NA,NA,NA,"duplicate-individual-individual"
"Real 375","c","c-curved-chord","__dup_9C6NW8_1","9C6NW8","__dup_YPHFHF_1",2,NA,NA,NA,"duplicate-individual-duplicate"
"Real 375","c","c-curved-chord","__dup_9C6NW8_1","9C6NW8","__union_120",2,NA,NA,NA,"duplicate-individual-union"
"Real 375","c","c-curved-chord","__dup_9C6NW8_1","9C6NW8","__union_122",2,NA,NA,NA,"duplicate-individual-union"
"Real 375","c","c-curved-chord","__dup_9C6NW8_1","9C6NW8","__union_126",2,NA,NA,NA,"duplicate-individual-union"
"Real 375","c","c-curved-chord","__dup_9C6NW8_1","9C6NW8","__union_128",2,NA,NA,NA,"duplicate-individual-union"
"Real 375","c","c-curved-chord","__dup_9C6NW8_1","9C6NW8","__union_136",2,NA,NA,NA,"duplicate-individual-union"
"Real 375","c","c-curved-chord","YPHFHF","__dup_YPHFHF_2","9C6NW8",2,NA,NA,NA,"individual-duplicate-individual"
"Real 375","c","c-curved-chord","YPHFHF","__dup_YPHFHF_2","QL6GH4",2,NA,NA,NA,"individual-duplicate-individual"
"Real 375","c","c-curved-chord","YPHFHF","__dup_YPHFHF_2","4CHDK1",2,NA,NA,NA,"individual-duplicate-individual"
"Real 375","c","c-curved-chord","YPHFHF","__dup_YPHFHF_2","WFGRY3",2,NA,NA,NA,"individual-duplicate-individual"
"Real 375","c","c-curved-chord","YPHFHF","__dup_YPHFHF_2","YHJ240",2,NA,NA,NA,"individual-duplicate-individual"
"Real 375","c","c-curved-chord","YPHFHF","__dup_YPHFHF_2","7U5NJD",2,NA,NA,NA,"individual-duplicate-individual"
"Real 375","c","c-curved-chord","YPHFHF","__dup_YPHFHF_2","I2G9D6",2,NA,NA,NA,"individual-duplicate-individual"
"Real 375","c","c-curved-chord","YPHFHF","__dup_YPHFHF_2","6PX6PS",2,NA,NA,NA,"individual-duplicate-individual"
"Real 375","c","c-curved-chord","YPHFHF","__dup_YPHFHF_2","ELGVC6",2,NA,NA,NA,"individual-duplicate-individual"
"Real 375","c","c-curved-chord","YPHFHF","__dup_YPHFHF_2","J33BE0",2,NA,NA,NA,"individual-duplicate-individual"
"Real 375","c","c-curved-chord","YPHFHF","__dup_YPHFHF_2","3PD3U5",2,NA,NA,NA,"individual-duplicate-individual"
"Real 375","c","c-curved-chord","YPHFHF","__dup_YPHFHF_2","LUPGF8",2,NA,NA,NA,"individual-duplicate-individual"
"Real 375","c","c-curved-chord","YPHFHF","__dup_YPHFHF_2","MNJU8T",2,NA,NA,NA,"individual-duplicate-individual"
"Real 375","c","c-curved-chord","YPHFHF","__dup_YPHFHF_2","J8XZ81",2,NA,NA,NA,"individual-duplicate-individual"
"Real 375","c","c-curved-chord","YPHFHF","__dup_YPHFHF_2","__dup_9C6NW8_1",2,NA,NA,NA,"individual-duplicate-duplicate"
"Real 375","c","c-curved-chord","YPHFHF","__dup_YPHFHF_2","__union_108",2,NA,NA,NA,"individual-duplicate-union"
"Real 375","c","c-curved-chord","YPHFHF","__dup_YPHFHF_2","__union_115",2,NA,NA,NA,"individual-duplicate-union"
"Real 375","c","c-curved-chord","YPHFHF","__dup_YPHFHF_2","__union_116",2,NA,NA,NA,"individual-duplicate-union"
"Real 375","c","c-curved-chord","YPHFHF","__dup_YPHFHF_2","__union_118",2,NA,NA,NA,"individual-duplicate-union"
"Real 375","c","c-curved-chord","YPHFHF","__dup_YPHFHF_2","__union_120",2,NA,NA,NA,"individual-duplicate-union"
"Real 375","c","c-curved-chord","YPHFHF","__dup_YPHFHF_2","__union_122",2,NA,NA,NA,"individual-duplicate-union"
"Real 375","c","c-curved-chord","YPHFHF","__dup_YPHFHF_2","__union_126",2,NA,NA,NA,"individual-duplicate-union"
"Real 375","c","c-curved-chord","YPHFHF","__dup_YPHFHF_2","__union_128",2,NA,NA,NA,"individual-duplicate-union"
"Real 375","c","c-curved-chord","YPHFHF","__dup_YPHFHF_2","__union_136",2,NA,NA,NA,"individual-duplicate-union"
"Real 375","c","c-curved-chord","LUPGF8","__dup_LUPGF8_1","KCBMY9",2,NA,NA,NA,"individual-duplicate-individual"
"Real 375","c","c-curved-chord","LUPGF8","__dup_LUPGF8_1","772Q3D",2,NA,NA,NA,"individual-duplicate-individual"
"Real 375","c","c-curved-chord","LUPGF8","__dup_LUPGF8_1","DMI0QY",2,NA,NA,NA,"individual-duplicate-individual"
"Real 375","c","c-curved-chord","LUPGF8","__dup_LUPGF8_1","DGLT2F",2,NA,NA,NA,"individual-duplicate-individual"
"Real 375","c","c-curved-chord","LUPGF8","__dup_LUPGF8_1","9YJWKX",2,NA,NA,NA,"individual-duplicate-individual"
"Real 375","c","c-curved-chord","LUPGF8","__dup_LUPGF8_1","L07M06",2,NA,NA,NA,"individual-duplicate-individual"
"Real 375","c","c-curved-chord","LUPGF8","__dup_LUPGF8_1","270UK6",2,NA,NA,NA,"individual-duplicate-individual"
"Real 375","c","c-curved-chord","LUPGF8","__dup_LUPGF8_1","0B7XRI",2,NA,NA,NA,"individual-duplicate-individual"
"Real 375","c","c-curved-chord","LUPGF8","__dup_LUPGF8_1","__dup_YPHFHF_2",2,NA,NA,NA,"individual-duplicate-duplicate"
"Real 375","c","c-curved-chord","LUPGF8","__dup_LUPGF8_1","__dup_KCBMY9_1",2,NA,NA,NA,"individual-duplicate-duplicate"
"Real 375","c","c-curved-chord","LUPGF8","__dup_LUPGF8_1","__union_105",2,NA,NA,NA,"individual-duplicate-union"
"Real 375","c","c-curved-chord","LUPGF8","__dup_LUPGF8_1","__union_110",2,NA,NA,NA,"individual-duplicate-union"
"Real 375","c","c-curved-chord","LUPGF8","__dup_LUPGF8_1","__union_117",2,NA,NA,NA,"individual-duplicate-union"
"Real 375","c","c-curved-chord","LUPGF8","__dup_LUPGF8_1","__union_123",2,NA,NA,NA,"individual-duplicate-union"
"Real 375","c","c-curved-chord","LUPGF8","__dup_LUPGF8_1","__union_124",2,NA,NA,NA,"individual-duplicate-union"
"Real 375","c","c-curved-chord","LUPGF8","__dup_LUPGF8_1","__union_129",2,NA,NA,NA,"individual-duplicate-union"
"Real 375","c","c-curved-chord","KCBMY9","__dup_KCBMY9_1","9YJWKX",2,NA,NA,NA,"individual-duplicate-individual"
"Real 375","c","c-curved-chord","KCBMY9","__dup_KCBMY9_1","__union_110",2,NA,NA,NA,"individual-duplicate-union"
"Real 375","c","c-curved-chord","M5DJVP","__dup_M5DJVP_1","PUEUBL",3,NA,NA,NA,"individual-duplicate-individual"
"Real 375","c","c-curved-chord","M5DJVP","__dup_M5DJVP_1","45YQV5",3,NA,NA,NA,"individual-duplicate-individual"
"Real 375","c","c-curved-chord","M5DJVP","__dup_M5DJVP_1","__dup_Q00PB1_1",3,NA,NA,NA,"individual-duplicate-duplicate"
"Real 375","c","c-curved-chord","M5DJVP","__dup_M5DJVP_1","__union_142",3,NA,NA,NA,"individual-duplicate-union"
"Real 375","c","c-curved-chord","M5DJVP","__dup_M5DJVP_1","__union_151",3,NA,NA,NA,"individual-duplicate-union"
"Real 375","c","c-curved-chord","M5DJVP","__dup_M5DJVP_1","__union_157",3,NA,NA,NA,"individual-duplicate-union"
"Real 375","c","c-curved-chord","H16EC4","__dup_H16EC4_1","BT0V1U",3,NA,NA,NA,"individual-duplicate-individual"
"Real 375","c","c-curved-chord","H16EC4","__dup_H16EC4_1","K9TMQP",3,NA,NA,NA,"individual-duplicate-individual"
"Real 375","c","c-curved-chord","H16EC4","__dup_H16EC4_1","PUEUBL",3,NA,NA,NA,"individual-duplicate-individual"
"Real 375","c","c-curved-chord","H16EC4","__dup_H16EC4_1","IRSC6X",3,NA,NA,NA,"individual-duplicate-individual"
"Real 375","c","c-curved-chord","H16EC4","__dup_H16EC4_1","5LLJMI",3,NA,NA,NA,"individual-duplicate-individual"
"Real 375","c","c-curved-chord","H16EC4","__dup_H16EC4_1","SXWVRI",3,NA,NA,NA,"individual-duplicate-individual"
"Real 375","c","c-curved-chord","H16EC4","__dup_H16EC4_1","45YQV5",3,NA,NA,NA,"individual-duplicate-individual"
"Real 375","c","c-curved-chord","H16EC4","__dup_H16EC4_1","M5DJVP",3,NA,NA,NA,"individual-duplicate-individual"
"Real 375","c","c-curved-chord","H16EC4","__dup_H16EC4_1","__dup_M5DJVP_1",3,NA,NA,NA,"individual-duplicate-duplicate"
"Real 375","c","c-curved-chord","H16EC4","__dup_H16EC4_1","__dup_4U7JTW_2",3,NA,NA,NA,"individual-duplicate-duplicate"
"Real 375","c","c-curved-chord","H16EC4","__dup_H16EC4_1","__dup_RYP77M_5",3,NA,NA,NA,"individual-duplicate-duplicate"
"Real 375","c","c-curved-chord","H16EC4","__dup_H16EC4_1","__dup_9C6NW8_2",3,NA,NA,NA,"individual-duplicate-duplicate"
"Real 375","c","c-curved-chord","H16EC4","__dup_H16EC4_1","__dup_Q00PB1_1",3,NA,NA,NA,"individual-duplicate-duplicate"
"Real 375","c","c-curved-chord","H16EC4","__dup_H16EC4_1","__union_142",3,NA,NA,NA,"individual-duplicate-union"
"Real 375","c","c-curved-chord","H16EC4","__dup_H16EC4_1","__union_151",3,NA,NA,NA,"individual-duplicate-union"
"Real 375","c","c-curved-chord","H16EC4","__dup_H16EC4_1","__union_157",3,NA,NA,NA,"individual-duplicate-union"
"Real 375","c","c-curved-chord","__dup_B2U6J7_1","B2U6J7","EFZPSL",4,NA,NA,NA,"duplicate-individual-individual"
"Real 375","c","c-curved-chord","__dup_B2U6J7_1","B2U6J7","8GSXTQ",4,NA,NA,NA,"duplicate-individual-individual"
"Real 375","c","c-curved-chord","__dup_B2U6J7_1","B2U6J7","8NQX52",4,NA,NA,NA,"duplicate-individual-individual"
"Real 375","c","c-curved-chord","__dup_B2U6J7_1","B2U6J7","A7YLIQ",4,NA,NA,NA,"duplicate-individual-individual"
"Real 375","c","c-curved-chord","__dup_B2U6J7_1","B2U6J7","9PDPW7",4,NA,NA,NA,"duplicate-individual-individual"
"Real 375","c","c-curved-chord","__dup_B2U6J7_1","B2U6J7","J4ZDIU",4,NA,NA,NA,"duplicate-individual-individual"
"Real 375","c","c-curved-chord","__dup_B2U6J7_1","B2U6J7","S7MA0G",4,NA,NA,NA,"duplicate-individual-individual"
"Real 375","c","c-curved-chord","__dup_B2U6J7_1","B2U6J7","ZMMIM4",4,NA,NA,NA,"duplicate-individual-individual"
"Real 375","c","c-curved-chord","__dup_B2U6J7_1","B2U6J7","62PLX3",4,NA,NA,NA,"duplicate-individual-individual"
"Real 375","c","c-curved-chord","__dup_B2U6J7_1","B2U6J7","P844CW",4,NA,NA,NA,"duplicate-individual-individual"
"Real 375","c","c-curved-chord","__dup_B2U6J7_1","B2U6J7","QQ24T8",4,NA,NA,NA,"duplicate-individual-individual"
"Real 375","c","c-curved-chord","__dup_B2U6J7_1","B2U6J7","4J6BKH",4,NA,NA,NA,"duplicate-individual-individual"
"Real 375","c","c-curved-chord","__dup_B2U6J7_1","B2U6J7","E06FRB",4,NA,NA,NA,"duplicate-individual-individual"
"Real 375","c","c-curved-chord","__dup_B2U6J7_1","B2U6J7","HV7LZ3",4,NA,NA,NA,"duplicate-individual-individual"
"Real 375","c","c-curved-chord","__dup_B2U6J7_1","B2U6J7","BR9WT6",4,NA,NA,NA,"duplicate-individual-individual"
"Real 375","c","c-curved-chord","__dup_B2U6J7_1","B2U6J7","__dup_JE4WD7_1",4,NA,NA,NA,"duplicate-individual-duplicate"
"Real 375","c","c-curved-chord","__dup_B2U6J7_1","B2U6J7","__dup_ELGVC6_1",4,NA,NA,NA,"duplicate-individual-duplicate"
"Real 375","c","c-curved-chord","__dup_B2U6J7_1","B2U6J7","__dup_LUPGF8_3",4,NA,NA,NA,"duplicate-individual-duplicate"
"Real 375","c","c-curved-chord","__dup_B2U6J7_1","B2U6J7","__dup_DKMJ2Z_1",4,NA,NA,NA,"duplicate-individual-duplicate"
"Real 375","c","c-curved-chord","__dup_B2U6J7_1","B2U6J7","__dup_LUPGF8_4",4,NA,NA,NA,"duplicate-individual-duplicate"
"Real 375","c","c-curved-chord","__dup_B2U6J7_1","B2U6J7","__union_169",4,NA,NA,NA,"duplicate-individual-union"
"Real 375","c","c-curved-chord","__dup_B2U6J7_1","B2U6J7","__union_170",4,NA,NA,NA,"duplicate-individual-union"
"Real 375","c","c-curved-chord","__dup_B2U6J7_1","B2U6J7","__union_173",4,NA,NA,NA,"duplicate-individual-union"
"Real 375","c","c-curved-chord","__dup_B2U6J7_1","B2U6J7","__union_174",4,NA,NA,NA,"duplicate-individual-union"
"Real 375","c","c-curved-chord","__dup_B2U6J7_1","B2U6J7","__union_175",4,NA,NA,NA,"duplicate-individual-union"
"Real 375","c","c-curved-chord","__dup_B2U6J7_1","B2U6J7","__union_178",4,NA,NA,NA,"duplicate-individual-union"
"Real 375","c","c-curved-chord","__dup_B2U6J7_1","B2U6J7","__union_179",4,NA,NA,NA,"duplicate-individual-union"
"Real 375","c","c-curved-chord","__dup_B2U6J7_1","B2U6J7","__union_180",4,NA,NA,NA,"duplicate-individual-union"
"Real 375","c","c-curved-chord","__dup_B2U6J7_1","B2U6J7","__union_183",4,NA,NA,NA,"duplicate-individual-union"
"Real 375","c","c-curved-chord","__dup_B2U6J7_1","B2U6J7","__union_184",4,NA,NA,NA,"duplicate-individual-union"
"Real 375","c","c-curved-chord","__dup_B2U6J7_1","B2U6J7","__union_185",4,NA,NA,NA,"duplicate-individual-union"
"Real 375","c","c-curved-chord","__dup_B2U6J7_1","B2U6J7","__union_187",4,NA,NA,NA,"duplicate-individual-union"
"Real 375","c","c-curved-chord","__dup_B2U6J7_1","B2U6J7","__union_189",4,NA,NA,NA,"duplicate-individual-union"
"Real 375","c","c-curved-chord","__dup_B2U6J7_1","B2U6J7","__union_191",4,NA,NA,NA,"duplicate-individual-union"
"Real 375","c","c-curved-chord","__dup_B2U6J7_1","B2U6J7","__union_193",4,NA,NA,NA,"duplicate-individual-union"
"Real 375","c","c-curved-chord","FIL6AB","__dup_FIL6AB_1","SBKELE",5,NA,NA,NA,"individual-duplicate-individual"
"Real 375","c","c-curved-chord","FIL6AB","__dup_FIL6AB_1","95XZY9",5,NA,NA,NA,"individual-duplicate-individual"
"Real 375","c","c-curved-chord","FIL6AB","__dup_FIL6AB_1","23T5N2",5,NA,NA,NA,"individual-duplicate-individual"
"Real 375","c","c-curved-chord","FIL6AB","__dup_FIL6AB_1","MZQCZB",5,NA,NA,NA,"individual-duplicate-individual"
"Real 375","c","c-curved-chord","FIL6AB","__dup_FIL6AB_1","ZHVYYN",5,NA,NA,NA,"individual-duplicate-individual"
"Real 375","c","c-curved-chord","FIL6AB","__dup_FIL6AB_1","TXIF7D",5,NA,NA,NA,"individual-duplicate-individual"
"Real 375","c","c-curved-chord","FIL6AB","__dup_FIL6AB_1","J85R4L",5,NA,NA,NA,"individual-duplicate-individual"
"Real 375","c","c-curved-chord","FIL6AB","__dup_FIL6AB_1","7VEH10",5,NA,NA,NA,"individual-duplicate-individual"
"Real 375","c","c-curved-chord","FIL6AB","__dup_FIL6AB_1","FWL00Q",5,NA,NA,NA,"individual-duplicate-individual"
"Real 375","c","c-curved-chord","FIL6AB","__dup_FIL6AB_1","LT00CV",5,NA,NA,NA,"individual-duplicate-individual"
"Real 375","c","c-curved-chord","FIL6AB","__dup_FIL6AB_1","NKNRU0",5,NA,NA,NA,"individual-duplicate-individual"
"Real 375","c","c-curved-chord","FIL6AB","__dup_FIL6AB_1","KUY2ED",5,NA,NA,NA,"individual-duplicate-individual"
"Real 375","c","c-curved-chord","FIL6AB","__dup_FIL6AB_1","97D38B",5,NA,NA,NA,"individual-duplicate-individual"
"Real 375","c","c-curved-chord","FIL6AB","__dup_FIL6AB_1","GBLFXN",5,NA,NA,NA,"individual-duplicate-individual"
"Real 375","c","c-curved-chord","FIL6AB","__dup_FIL6AB_1","T6UQVX",5,NA,NA,NA,"individual-duplicate-individual"
"Real 375","c","c-curved-chord","FIL6AB","__dup_FIL6AB_1","VTZFWZ",5,NA,NA,NA,"individual-duplicate-individual"
"Real 375","c","c-curved-chord","FIL6AB","__dup_FIL6AB_1","P9RX04",5,NA,NA,NA,"individual-duplicate-individual"
"Real 375","c","c-curved-chord","FIL6AB","__dup_FIL6AB_1","4R7L88",5,NA,NA,NA,"individual-duplicate-individual"
"Real 375","c","c-curved-chord","FIL6AB","__dup_FIL6AB_1","__dup_9JC6RF_1",5,NA,NA,NA,"individual-duplicate-duplicate"
"Real 375","c","c-curved-chord","FIL6AB","__dup_FIL6AB_1","__dup_8GSXTQ_1",5,NA,NA,NA,"individual-duplicate-duplicate"
"Real 375","c","c-curved-chord","FIL6AB","__dup_FIL6AB_1","__dup_F5M8IL_1",5,NA,NA,NA,"individual-duplicate-duplicate"
"Real 375","c","c-curved-chord","FIL6AB","__dup_FIL6AB_1","__dup_81MJXH_1",5,NA,NA,NA,"individual-duplicate-duplicate"
"Real 375","c","c-curved-chord","FIL6AB","__dup_FIL6AB_1","__union_197",5,NA,NA,NA,"individual-duplicate-union"
"Real 375","c","c-curved-chord","FIL6AB","__dup_FIL6AB_1","__union_198",5,NA,NA,NA,"individual-duplicate-union"
"Real 375","c","c-curved-chord","FIL6AB","__dup_FIL6AB_1","__union_199",5,NA,NA,NA,"individual-duplicate-union"
"Real 375","c","c-curved-chord","FIL6AB","__dup_FIL6AB_1","__union_200",5,NA,NA,NA,"individual-duplicate-union"
"Real 375","c","c-curved-chord","FIL6AB","__dup_FIL6AB_1","__union_201",5,NA,NA,NA,"individual-duplicate-union"
"Real 375","c","c-curved-chord","FIL6AB","__dup_FIL6AB_1","__union_202",5,NA,NA,NA,"individual-duplicate-union"
"Real 375","c","c-curved-chord","FIL6AB","__dup_FIL6AB_1","__union_203",5,NA,NA,NA,"individual-duplicate-union"
"Real 375","c","c-curved-chord","FIL6AB","__dup_FIL6AB_1","__union_204",5,NA,NA,NA,"individual-duplicate-union"
"Real 375","c","c-curved-chord","FIL6AB","__dup_FIL6AB_1","__union_205",5,NA,NA,NA,"individual-duplicate-union"
"Real 375","c","c-curved-chord","FIL6AB","__dup_FIL6AB_1","__union_206",5,NA,NA,NA,"individual-duplicate-union"
"Real 375","c","c-curved-chord","FIL6AB","__dup_FIL6AB_1","__union_207",5,NA,NA,NA,"individual-duplicate-union"
"Real 375","c","c-curved-chord","FIL6AB","__dup_FIL6AB_1","__union_208",5,NA,NA,NA,"individual-duplicate-union"
"Real 375","c","c-curved-chord","FIL6AB","__dup_FIL6AB_1","__union_209",5,NA,NA,NA,"individual-duplicate-union"
"Real 375","c","c-curved-chord","FIL6AB","__dup_FIL6AB_1","__union_210",5,NA,NA,NA,"individual-duplicate-union"
"Real 375","c","c-curved-chord","FIL6AB","__dup_FIL6AB_1","__union_211",5,NA,NA,NA,"individual-duplicate-union"
"Real 375","c","c-curved-chord","FIL6AB","__dup_FIL6AB_1","__union_212",5,NA,NA,NA,"individual-duplicate-union"
"Real 375","c","c-curved-chord","FIL6AB","__dup_FIL6AB_1","__union_213",5,NA,NA,NA,"individual-duplicate-union"
"Real 375","c","c-curved-chord","FIL6AB","__dup_FIL6AB_1","__union_214",5,NA,NA,NA,"individual-duplicate-union"
"Real 375","c","c-curved-chord","FIL6AB","__dup_FIL6AB_1","__union_216",5,NA,NA,NA,"individual-duplicate-union"
"Real 375","c","c-curved-chord","FIL6AB","__dup_FIL6AB_1","__union_217",5,NA,NA,NA,"individual-duplicate-union"
"Real 375","c","c-curved-chord","FIL6AB","__dup_FIL6AB_1","__union_218",5,NA,NA,NA,"individual-duplicate-union"
"Real 375","c","c-curved-chord","FIL6AB","__dup_FIL6AB_2","W37STC",5,NA,NA,NA,"individual-duplicate-individual"
"Real 375","c","c-curved-chord","FIL6AB","__dup_FIL6AB_2","SBKELE",5,NA,NA,NA,"individual-duplicate-individual"
"Real 375","c","c-curved-chord","FIL6AB","__dup_FIL6AB_2","95XZY9",5,NA,NA,NA,"individual-duplicate-individual"
"Real 375","c","c-curved-chord","FIL6AB","__dup_FIL6AB_2","23T5N2",5,NA,NA,NA,"individual-duplicate-individual"
"Real 375","c","c-curved-chord","FIL6AB","__dup_FIL6AB_2","HH66K6",5,NA,NA,NA,"individual-duplicate-individual"
"Real 375","c","c-curved-chord","FIL6AB","__dup_FIL6AB_2","MZQCZB",5,NA,NA,NA,"individual-duplicate-individual"
"Real 375","c","c-curved-chord","FIL6AB","__dup_FIL6AB_2","ZHVYYN",5,NA,NA,NA,"individual-duplicate-individual"
"Real 375","c","c-curved-chord","FIL6AB","__dup_FIL6AB_2","TXIF7D",5,NA,NA,NA,"individual-duplicate-individual"
"Real 375","c","c-curved-chord","FIL6AB","__dup_FIL6AB_2","4DMIW1",5,NA,NA,NA,"individual-duplicate-individual"
"Real 375","c","c-curved-chord","FIL6AB","__dup_FIL6AB_2","3RYHBP",5,NA,NA,NA,"individual-duplicate-individual"
"Real 375","c","c-curved-chord","FIL6AB","__dup_FIL6AB_2","GZFGFQ",5,NA,NA,NA,"individual-duplicate-individual"
"Real 375","c","c-curved-chord","FIL6AB","__dup_FIL6AB_2","J85R4L",5,NA,NA,NA,"individual-duplicate-individual"
"Real 375","c","c-curved-chord","FIL6AB","__dup_FIL6AB_2","7VEH10",5,NA,NA,NA,"individual-duplicate-individual"
"Real 375","c","c-curved-chord","FIL6AB","__dup_FIL6AB_2","FWL00Q",5,NA,NA,NA,"individual-duplicate-individual"
"Real 375","c","c-curved-chord","FIL6AB","__dup_FIL6AB_2","LT00CV",5,NA,NA,NA,"individual-duplicate-individual"
"Real 375","c","c-curved-chord","FIL6AB","__dup_FIL6AB_2","NKNRU0",5,NA,NA,NA,"individual-duplicate-individual"
"Real 375","c","c-curved-chord","FIL6AB","__dup_FIL6AB_2","KUY2ED",5,NA,NA,NA,"individual-duplicate-individual"
"Real 375","c","c-curved-chord","FIL6AB","__dup_FIL6AB_2","97D38B",5,NA,NA,NA,"individual-duplicate-individual"
"Real 375","c","c-curved-chord","FIL6AB","__dup_FIL6AB_2","GBLFXN",5,NA,NA,NA,"individual-duplicate-individual"
"Real 375","c","c-curved-chord","FIL6AB","__dup_FIL6AB_2","YY7782",5,NA,NA,NA,"individual-duplicate-individual"
"Real 375","c","c-curved-chord","FIL6AB","__dup_FIL6AB_2","T6UQVX",5,NA,NA,NA,"individual-duplicate-individual"
"Real 375","c","c-curved-chord","FIL6AB","__dup_FIL6AB_2","2EHR2W",5,NA,NA,NA,"individual-duplicate-individual"
"Real 375","c","c-curved-chord","FIL6AB","__dup_FIL6AB_2","VTZFWZ",5,NA,NA,NA,"individual-duplicate-individual"
"Real 375","c","c-curved-chord","FIL6AB","__dup_FIL6AB_2","MQ0ZWN",5,NA,NA,NA,"individual-duplicate-individual"
"Real 375","c","c-curved-chord","FIL6AB","__dup_FIL6AB_2","P9RX04",5,NA,NA,NA,"individual-duplicate-individual"
"Real 375","c","c-curved-chord","FIL6AB","__dup_FIL6AB_2","4R7L88",5,NA,NA,NA,"individual-duplicate-individual"
"Real 375","c","c-curved-chord","FIL6AB","__dup_FIL6AB_2","__dup_9JC6RF_1",5,NA,NA,NA,"individual-duplicate-duplicate"
"Real 375","c","c-curved-chord","FIL6AB","__dup_FIL6AB_2","__dup_8GSXTQ_1",5,NA,NA,NA,"individual-duplicate-duplicate"
"Real 375","c","c-curved-chord","FIL6AB","__dup_FIL6AB_2","__dup_ED5PDV_1",5,NA,NA,NA,"individual-duplicate-duplicate"
"Real 375","c","c-curved-chord","FIL6AB","__dup_FIL6AB_2","__dup_F5M8IL_1",5,NA,NA,NA,"individual-duplicate-duplicate"
"Real 375","c","c-curved-chord","FIL6AB","__dup_FIL6AB_2","__dup_81MJXH_1",5,NA,NA,NA,"individual-duplicate-duplicate"
"Real 375","c","c-curved-chord","FIL6AB","__dup_FIL6AB_2","__union_197",5,NA,NA,NA,"individual-duplicate-union"
"Real 375","c","c-curved-chord","FIL6AB","__dup_FIL6AB_2","__union_198",5,NA,NA,NA,"individual-duplicate-union"
"Real 375","c","c-curved-chord","FIL6AB","__dup_FIL6AB_2","__union_199",5,NA,NA,NA,"individual-duplicate-union"
"Real 375","c","c-curved-chord","FIL6AB","__dup_FIL6AB_2","__union_200",5,NA,NA,NA,"individual-duplicate-union"
"Real 375","c","c-curved-chord","FIL6AB","__dup_FIL6AB_2","__union_201",5,NA,NA,NA,"individual-duplicate-union"
"Real 375","c","c-curved-chord","FIL6AB","__dup_FIL6AB_2","__union_202",5,NA,NA,NA,"individual-duplicate-union"
"Real 375","c","c-curved-chord","FIL6AB","__dup_FIL6AB_2","__union_203",5,NA,NA,NA,"individual-duplicate-union"
"Real 375","c","c-curved-chord","FIL6AB","__dup_FIL6AB_2","__union_204",5,NA,NA,NA,"individual-duplicate-union"
"Real 375","c","c-curved-chord","FIL6AB","__dup_FIL6AB_2","__union_205",5,NA,NA,NA,"individual-duplicate-union"
"Real 375","c","c-curved-chord","FIL6AB","__dup_FIL6AB_2","__union_206",5,NA,NA,NA,"individual-duplicate-union"
"Real 375","c","c-curved-chord","FIL6AB","__dup_FIL6AB_2","__union_207",5,NA,NA,NA,"individual-duplicate-union"
"Real 375","c","c-curved-chord","FIL6AB","__dup_FIL6AB_2","__union_208",5,NA,NA,NA,"individual-duplicate-union"
"Real 375","c","c-curved-chord","FIL6AB","__dup_FIL6AB_2","__union_209",5,NA,NA,NA,"individual-duplicate-union"
"Real 375","c","c-curved-chord","FIL6AB","__dup_FIL6AB_2","__union_210",5,NA,NA,NA,"individual-duplicate-union"
"Real 375","c","c-curved-chord","FIL6AB","__dup_FIL6AB_2","__union_211",5,NA,NA,NA,"individual-duplicate-union"
"Real 375","c","c-curved-chord","FIL6AB","__dup_FIL6AB_2","__union_212",5,NA,NA,NA,"individual-duplicate-union"
"Real 375","c","c-curved-chord","FIL6AB","__dup_FIL6AB_2","__union_213",5,NA,NA,NA,"individual-duplicate-union"
"Real 375","c","c-curved-chord","FIL6AB","__dup_FIL6AB_2","__union_214",5,NA,NA,NA,"individual-duplicate-union"
"Real 375","c","c-curved-chord","FIL6AB","__dup_FIL6AB_2","__union_215",5,NA,NA,NA,"individual-duplicate-union"
"Real 375","c","c-curved-chord","FIL6AB","__dup_FIL6AB_2","__union_216",5,NA,NA,NA,"individual-duplicate-union"
"Real 375","c","c-curved-chord","FIL6AB","__dup_FIL6AB_2","__union_217",5,NA,NA,NA,"individual-duplicate-union"
"Real 375","c","c-curved-chord","FIL6AB","__dup_FIL6AB_2","__union_218",5,NA,NA,NA,"individual-duplicate-union"
"Real 375","c","c-curved-chord","FIL6AB","__dup_FIL6AB_3","95XZY9",5,NA,NA,NA,"individual-duplicate-individual"
"Real 375","c","c-curved-chord","FIL6AB","__dup_FIL6AB_3","23T5N2",5,NA,NA,NA,"individual-duplicate-individual"
"Real 375","c","c-curved-chord","FIL6AB","__dup_FIL6AB_3","MZQCZB",5,NA,NA,NA,"individual-duplicate-individual"
"Real 375","c","c-curved-chord","FIL6AB","__dup_FIL6AB_3","ZHVYYN",5,NA,NA,NA,"individual-duplicate-individual"
"Real 375","c","c-curved-chord","FIL6AB","__dup_FIL6AB_3","J85R4L",5,NA,NA,NA,"individual-duplicate-individual"
"Real 375","c","c-curved-chord","FIL6AB","__dup_FIL6AB_3","7VEH10",5,NA,NA,NA,"individual-duplicate-individual"
"Real 375","c","c-curved-chord","FIL6AB","__dup_FIL6AB_3","NKNRU0",5,NA,NA,NA,"individual-duplicate-individual"
"Real 375","c","c-curved-chord","FIL6AB","__dup_FIL6AB_3","KUY2ED",5,NA,NA,NA,"individual-duplicate-individual"
"Real 375","c","c-curved-chord","FIL6AB","__dup_FIL6AB_3","97D38B",5,NA,NA,NA,"individual-duplicate-individual"
"Real 375","c","c-curved-chord","FIL6AB","__dup_FIL6AB_3","T6UQVX",5,NA,NA,NA,"individual-duplicate-individual"
"Real 375","c","c-curved-chord","FIL6AB","__dup_FIL6AB_3","VTZFWZ",5,NA,NA,NA,"individual-duplicate-individual"
"Real 375","c","c-curved-chord","FIL6AB","__dup_FIL6AB_3","P9RX04",5,NA,NA,NA,"individual-duplicate-individual"
"Real 375","c","c-curved-chord","FIL6AB","__dup_FIL6AB_3","__dup_9JC6RF_1",5,NA,NA,NA,"individual-duplicate-duplicate"
"Real 375","c","c-curved-chord","FIL6AB","__dup_FIL6AB_3","__dup_8GSXTQ_1",5,NA,NA,NA,"individual-duplicate-duplicate"
"Real 375","c","c-curved-chord","FIL6AB","__dup_FIL6AB_3","__dup_81MJXH_1",5,NA,NA,NA,"individual-duplicate-duplicate"
"Real 375","c","c-curved-chord","FIL6AB","__dup_FIL6AB_3","__union_197",5,NA,NA,NA,"individual-duplicate-union"
"Real 375","c","c-curved-chord","FIL6AB","__dup_FIL6AB_3","__union_198",5,NA,NA,NA,"individual-duplicate-union"
"Real 375","c","c-curved-chord","FIL6AB","__dup_FIL6AB_3","__union_199",5,NA,NA,NA,"individual-duplicate-union"
"Real 375","c","c-curved-chord","FIL6AB","__dup_FIL6AB_3","__union_200",5,NA,NA,NA,"individual-duplicate-union"
"Real 375","c","c-curved-chord","FIL6AB","__dup_FIL6AB_3","__union_201",5,NA,NA,NA,"individual-duplicate-union"
"Real 375","c","c-curved-chord","FIL6AB","__dup_FIL6AB_3","__union_203",5,NA,NA,NA,"individual-duplicate-union"
"Real 375","c","c-curved-chord","FIL6AB","__dup_FIL6AB_3","__union_206",5,NA,NA,NA,"individual-duplicate-union"
"Real 375","c","c-curved-chord","FIL6AB","__dup_FIL6AB_3","__union_207",5,NA,NA,NA,"individual-duplicate-union"
"Real 375","c","c-curved-chord","FIL6AB","__dup_FIL6AB_3","__union_208",5,NA,NA,NA,"individual-duplicate-union"
"Real 375","c","c-curved-chord","FIL6AB","__dup_FIL6AB_3","__union_210",5,NA,NA,NA,"individual-duplicate-union"
"Real 375","c","c-curved-chord","FIL6AB","__dup_FIL6AB_3","__union_211",5,NA,NA,NA,"individual-duplicate-union"
"Real 375","c","c-curved-chord","FIL6AB","__dup_FIL6AB_3","__union_216",5,NA,NA,NA,"individual-duplicate-union"
"Real 375","c","c-curved-chord","F5M8IL","__dup_F5M8IL_1","95XZY9",5,NA,NA,NA,"individual-duplicate-individual"
"Real 375","c","c-curved-chord","F5M8IL","__dup_F5M8IL_1","FIL6AB",5,NA,NA,NA,"individual-duplicate-individual"
"Real 375","c","c-curved-chord","F5M8IL","__dup_F5M8IL_1","23T5N2",5,NA,NA,NA,"individual-duplicate-individual"
"Real 375","c","c-curved-chord","F5M8IL","__dup_F5M8IL_1","MZQCZB",5,NA,NA,NA,"individual-duplicate-individual"
"Real 375","c","c-curved-chord","F5M8IL","__dup_F5M8IL_1","ZHVYYN",5,NA,NA,NA,"individual-duplicate-individual"
"Real 375","c","c-curved-chord","F5M8IL","__dup_F5M8IL_1","J85R4L",5,NA,NA,NA,"individual-duplicate-individual"
"Real 375","c","c-curved-chord","F5M8IL","__dup_F5M8IL_1","7VEH10",5,NA,NA,NA,"individual-duplicate-individual"
"Real 375","c","c-curved-chord","F5M8IL","__dup_F5M8IL_1","NKNRU0",5,NA,NA,NA,"individual-duplicate-individual"
"Real 375","c","c-curved-chord","F5M8IL","__dup_F5M8IL_1","KUY2ED",5,NA,NA,NA,"individual-duplicate-individual"
"Real 375","c","c-curved-chord","F5M8IL","__dup_F5M8IL_1","97D38B",5,NA,NA,NA,"individual-duplicate-individual"
"Real 375","c","c-curved-chord","F5M8IL","__dup_F5M8IL_1","T6UQVX",5,NA,NA,NA,"individual-duplicate-individual"
"Real 375","c","c-curved-chord","F5M8IL","__dup_F5M8IL_1","VTZFWZ",5,NA,NA,NA,"individual-duplicate-individual"
"Real 375","c","c-curved-chord","F5M8IL","__dup_F5M8IL_1","P9RX04",5,NA,NA,NA,"individual-duplicate-individual"
"Real 375","c","c-curved-chord","F5M8IL","__dup_F5M8IL_1","4R7L88",5,NA,NA,NA,"individual-duplicate-individual"
"Real 375","c","c-curved-chord","F5M8IL","__dup_F5M8IL_1","__dup_9JC6RF_1",5,NA,NA,NA,"individual-duplicate-duplicate"
"Real 375","c","c-curved-chord","F5M8IL","__dup_F5M8IL_1","__dup_SPHGC9_1",5,NA,NA,NA,"individual-duplicate-duplicate"
"Real 375","c","c-curved-chord","F5M8IL","__dup_F5M8IL_1","__dup_8GSXTQ_1",5,NA,NA,NA,"individual-duplicate-duplicate"
"Real 375","c","c-curved-chord","F5M8IL","__dup_F5M8IL_1","__dup_FIL6AB_3",5,NA,NA,NA,"individual-duplicate-duplicate"
"Real 375","c","c-curved-chord","F5M8IL","__dup_F5M8IL_1","__dup_81MJXH_1",5,NA,NA,NA,"individual-duplicate-duplicate"
"Real 375","c","c-curved-chord","F5M8IL","__dup_F5M8IL_1","__union_197",5,NA,NA,NA,"individual-duplicate-union"
"Real 375","c","c-curved-chord","F5M8IL","__dup_F5M8IL_1","__union_198",5,NA,NA,NA,"individual-duplicate-union"
"Real 375","c","c-curved-chord","F5M8IL","__dup_F5M8IL_1","__union_199",5,NA,NA,NA,"individual-duplicate-union"
"Real 375","c","c-curved-chord","F5M8IL","__dup_F5M8IL_1","__union_200",5,NA,NA,NA,"individual-duplicate-union"
"Real 375","c","c-curved-chord","F5M8IL","__dup_F5M8IL_1","__union_201",5,NA,NA,NA,"individual-duplicate-union"
"Real 375","c","c-curved-chord","F5M8IL","__dup_F5M8IL_1","__union_203",5,NA,NA,NA,"individual-duplicate-union"
"Real 375","c","c-curved-chord","F5M8IL","__dup_F5M8IL_1","__union_204",5,NA,NA,NA,"individual-duplicate-union"
"Real 375","c","c-curved-chord","F5M8IL","__dup_F5M8IL_1","__union_206",5,NA,NA,NA,"individual-duplicate-union"
"Real 375","c","c-curved-chord","F5M8IL","__dup_F5M8IL_1","__union_207",5,NA,NA,NA,"individual-duplicate-union"
"Real 375","c","c-curved-chord","F5M8IL","__dup_F5M8IL_1","__union_208",5,NA,NA,NA,"individual-duplicate-union"
"Real 375","c","c-curved-chord","F5M8IL","__dup_F5M8IL_1","__union_210",5,NA,NA,NA,"individual-duplicate-union"
"Real 375","c","c-curved-chord","F5M8IL","__dup_F5M8IL_1","__union_211",5,NA,NA,NA,"individual-duplicate-union"
"Real 375","c","c-curved-chord","F5M8IL","__dup_F5M8IL_1","__union_216",5,NA,NA,NA,"individual-duplicate-union"
"Real 375","c","c-curved-chord","F5M8IL","__dup_F5M8IL_1","__union_217",5,NA,NA,NA,"individual-duplicate-union"
"Real 375","c","c-curved-chord","F5M8IL","__dup_F5M8IL_1","__union_218",5,NA,NA,NA,"individual-duplicate-union"
"Real 375","c","c2-horizontal-on-symbol-row","6VUC6R","__union_5","__union_4",0,0,6,NA,"individual-union-union"
"Real 375","c","c2-horizontal-on-symbol-row","N2C1PW","__union_6","__union_2",0,0,6,NA,"individual-union-union"
"Real 375","c","c2-horizontal-on-symbol-row","UUNQ4J","__union_21","__dup_IP1TGT_1",0,2.2400000000016,25,NA,"individual-union-duplicate"
"Real 375","c","c2-horizontal-on-symbol-row","EZ97J5","__union_43","__dup_WDBGPF_2",0,2,25,NA,"individual-union-duplicate"
"Real 375","c","c2-horizontal-on-symbol-row","ESZ6I3","__union_51","__dup_1X40V5_1",0,2.11999999999898,25,NA,"individual-union-duplicate"
"Real 375","c","c2-horizontal-on-symbol-row","1ZERVB","__union_55","__union_10",0,0,6,NA,"individual-union-union"
"Real 375","c","c2-horizontal-on-symbol-row","0FKJ81","__union_57","__union_32",0,0,6,NA,"individual-union-union"
"Real 375","c","c2-horizontal-on-symbol-row","AU22BC","__union_59","G2DMVF",1,0,25,NA,"individual-union-individual"
"Real 375","c","c2-horizontal-on-symbol-row","P4KR40","__union_63","8P17E3",1,9.82000000000016,25,NA,"individual-union-individual"
"Real 375","c","c2-horizontal-on-symbol-row","L8CMNE","__union_79","__dup_RYP77M_1",1,2.23999999999978,25,NA,"individual-union-duplicate"
"Real 375","c","c2-horizontal-on-symbol-row","P2VQJR","__union_80","__dup_C6E1D9_1",1,2.17999999999938,25,NA,"individual-union-duplicate"
"Real 375","c","c2-horizontal-on-symbol-row","YHJ240","__union_107","YPHFHF",2,0,25,NA,"individual-union-individual"
"Real 375","c","c2-horizontal-on-symbol-row","45YQV5","__union_151","__dup_M5DJVP_1",3,1.11999999999898,25,NA,"individual-union-duplicate"
"Real 375","c","c2-horizontal-on-symbol-row","5LG839","__union_181","PHCADH",4,0,25,NA,"individual-union-individual"
"Real 375","c","c2-horizontal-on-symbol-row","83U0EX","__union_5","__union_4",0,0,6,NA,"individual-union-union"
"Real 375","c","c2-horizontal-on-symbol-row","WS6D1B","__union_6","__union_2",0,0,6,NA,"individual-union-union"
"Real 375","c","c2-horizontal-on-symbol-row","Y7IUMX","__union_44","RJHF0G",0,10,25,NA,"individual-union-individual"
"Real 375","c","c2-horizontal-on-symbol-row","Y7IUMX","__union_44","__dup_MY1AEU_3",0,9.76000000000022,25,NA,"individual-union-duplicate"
"Real 375","c","c2-horizontal-on-symbol-row","FD3BB6","__union_59","G2DMVF",1,0,25,NA,"individual-union-individual"
"Real 375","c","c2-horizontal-on-symbol-row","4WWCPB","__union_87","__dup_RYP77M_2",1,2.11999999999898,25,NA,"individual-union-duplicate"
"Real 375","c","c2-horizontal-on-symbol-row","UZJGCD","__union_181","PHCADH",4,0,25,NA,"individual-union-individual"
"Real 375","c","c2-vertical","__union_2","__drop___union_2","__union_6",0,0,6,NA,"union-waypoint-union"
"Real 375","c","c2-vertical","__union_4","__drop___union_4","__union_5",0,0,6,NA,"union-waypoint-union"
"Real 375","c","c2-vertical","__union_5","__drop___union_5","__union_4",0,0,6,NA,"union-waypoint-union"
"Real 375","c","c2-vertical","__bar_G2DMVF","G2DMVF","__union_59",1,0,6,NA,"waypoint-individual-union"
"Real 375","c","c2-vertical","__union_6","__drop___union_6","__union_2",0,0,6,NA,"union-waypoint-union"
"Real 375","c","c2-vertical","__union_8","__drop___union_8","__dup_QWUKUY_2",0,22.7600000000002,25,NA,"union-waypoint-duplicate"
"Real 375","c","c2-vertical","__union_9","__drop___union_9","TTE0Z7",0,0.0600000000004002,25,NA,"union-waypoint-individual"
"Real 375","c","c2-vertical","__union_10","__drop___union_10","1ZERVB",0,0,25,NA,"union-waypoint-individual"
"Real 375","c","c2-vertical","__union_14","__drop___union_14","7NBKWE",0,0.120000000000118,25,NA,"union-waypoint-individual"
"Real 375","c","c2-vertical","__union_16","__drop___union_16","QWUKUY",0,9.9399999999996,25,NA,"union-waypoint-individual"
"Real 375","c","c2-vertical","__union_16","__drop___union_16","__union_53",0,0.0600000000004002,6,NA,"union-waypoint-union"
"Real 375","c","c2-vertical","__union_21","__drop___union_21","__dup_IP1TGT_1",0,2.2400000000016,25,NA,"union-waypoint-duplicate"
"Real 375","c","c2-vertical","__union_23","__drop___union_23","WDBGPF",0,0.119999999999891,25,NA,"union-waypoint-individual"
"Real 375","c","c2-vertical","__union_23","__drop___union_23","__union_46",0,0,6,NA,"union-waypoint-union"
"Real 375","c","c2-vertical","__union_28","__drop___union_28","RD3WB2",0,0,25,NA,"union-waypoint-individual"
"Real 375","c","c2-vertical","__union_32","__drop___union_32","0FKJ81",0,0,25,NA,"union-waypoint-individual"
"Real 375","c","c2-vertical","__bar_D0Z114","D0Z114","__union_67",1,0,6,NA,"waypoint-individual-union"
"Real 375","c","c2-vertical","__union_36","__drop___union_36","UTU9S7",0,11,25,NA,"union-waypoint-individual"
"Real 375","c","c2-vertical","__union_39","__drop___union_39","UCXEK5",0,0.0599999999999454,25,NA,"union-waypoint-individual"
"Real 375","c","c2-vertical","__bar_BH6ZQK","BH6ZQK","__dup_SLN0TF_1",1,0.119999999999891,25,NA,"waypoint-individual-duplicate"
"Real 375","c","c2-vertical","__union_44","__drop___union_44","RJHF0G",0,10,25,NA,"union-waypoint-individual"
"Real 375","c","c2-vertical","__union_44","__drop___union_44","__dup_MY1AEU_3",0,9.76000000000022,25,NA,"union-waypoint-duplicate"
"Real 375","c","c2-vertical","__union_45","__drop___union_45","D8FYZV",0,20.0000000000009,25,NA,"union-waypoint-individual"
"Real 375","c","c2-vertical","__union_46","__drop___union_46","WDBGPF",0,0.119999999999891,25,NA,"union-waypoint-individual"
"Real 375","c","c2-vertical","__union_46","__drop___union_46","__union_23",0,0,6,NA,"union-waypoint-union"
"Real 375","c","c2-vertical","__union_48","__drop___union_48","CMJQGU",0,10,25,NA,"union-waypoint-individual"
"Real 375","c","c2-vertical","__union_48","__drop___union_48","__union_50",0,0.0600000000004002,6,NA,"union-waypoint-union"
"Real 375","c","c2-vertical","__union_50","__drop___union_50","CMJQGU",0,9.9399999999996,25,NA,"union-waypoint-individual"
"Real 375","c","c2-vertical","__union_50","__drop___union_50","__union_48",0,0.0600000000004002,6,NA,"union-waypoint-union"
"Real 375","c","c2-vertical","__union_51","__drop___union_51","__dup_1X40V5_1",0,2.11999999999898,25,NA,"union-waypoint-duplicate"
"Real 375","c","c2-vertical","__union_53","__drop___union_53","QWUKUY",0,10,25,NA,"union-waypoint-individual"
"Real 375","c","c2-vertical","__union_53","__drop___union_53","__union_16",0,0.0600000000004002,6,NA,"union-waypoint-union"
"Real 375","c","c2-vertical","__union_59","__drop___union_59","G2DMVF",1,0,25,NA,"union-waypoint-individual"
"Real 375","c","c2-vertical","__union_63","__drop___union_63","8P17E3",1,9.82000000000016,25,NA,"union-waypoint-individual"
"Real 375","c","c2-vertical","__union_65","__drop___union_65","P4KR40",1,15,25,NA,"union-waypoint-individual"
"Real 375","c","c2-vertical","__union_66","__drop___union_66","8LWCAD",1,15,25,NA,"union-waypoint-individual"
"Real 375","c","c2-vertical","__union_67","__drop___union_67","D0Z114",1,0,25,NA,"union-waypoint-individual"
"Real 375","c","c2-vertical","__union_68","__drop___union_68","HKTQ40",1,19.8200000000006,25,NA,"union-waypoint-individual"
"Real 375","c","c2-vertical","__union_70","__drop___union_70","__dup_RYP77M_4",1,17.119999999999,25,NA,"union-waypoint-duplicate"
"Real 375","c","c2-vertical","__union_72","__drop___union_72","__dup_D8FYZV_3",1,22.3799999999992,25,NA,"union-waypoint-duplicate"
"Real 375","c","c2-vertical","__union_73","__drop___union_73","__union_100",1,2.05999999999949,6,NA,"union-waypoint-union"
"Real 375","c","c2-vertical","__union_77","__drop___union_77","XEE9GT",1,0.0600000000004002,25,NA,"union-waypoint-individual"
"Real 375","c","c2-vertical","__bar_YPHFHF","YPHFHF","__union_107",2,0,6,NA,"waypoint-individual-union"
"Real 375","c","c2-vertical","__union_78","__drop___union_78","__dup_E2D59U_1",1,17,25,NA,"union-waypoint-duplicate"
"Real 375","c","c2-vertical","__union_79","__drop___union_79","__dup_RYP77M_1",1,2.23999999999978,25,NA,"union-waypoint-duplicate"
"Real 375","c","c2-vertical","__union_80","__drop___union_80","__dup_C6E1D9_1",1,2.17999999999938,25,NA,"union-waypoint-duplicate"
"Real 375","c","c2-vertical","__union_83","__drop___union_83","JB7EW2",1,0.119999999999891,25,NA,"union-waypoint-individual"
"Real 375","c","c2-vertical","__union_87","__drop___union_87","__dup_RYP77M_2",1,2.11999999999898,25,NA,"union-waypoint-duplicate"
"Real 375","c","c2-vertical","__union_88","__drop___union_88","__dup_CMJQGU_1",1,0.119999999999891,25,NA,"union-waypoint-duplicate"
"Real 375","c","c2-vertical","__bar_3PD3U5","3PD3U5","QL6GH4",2,20,25,NA,"waypoint-individual-individual"
"Real 375","c","c2-vertical","__union_100","__drop___union_100","__union_73",1,2.05999999999949,6,NA,"union-waypoint-union"
"Real 375","c","c2-vertical","__union_105","__drop___union_105","__dup_KCBMY9_1",2,14.8799999999992,25,NA,"union-waypoint-duplicate"
"Real 375","c","c2-vertical","__union_107","__drop___union_107","YPHFHF",2,0,25,NA,"union-waypoint-individual"
"Real 375","c","c2-vertical","__bar_YJXSIZ","YJXSIZ","__dup_7U5NJD_2",3,0.119999999999891,25,NA,"waypoint-individual-duplicate"
"Real 375","c","c2-vertical","__union_109","__drop___union_109","WCPXHD",2,22.5,25,NA,"union-waypoint-individual"
"Real 375","c","c2-vertical","__bar_3SG899","3SG899","__union_146",3,0,6,NA,"waypoint-individual-union"
"Real 375","c","c2-vertical","__union_121","__drop___union_121","GBGWZD",2,7.5,25,NA,"union-waypoint-individual"
"Real 375","c","c2-vertical","__bar_V1X2X3","V1X2X3","__union_165",3,0,6,NA,"waypoint-individual-union"
"Real 375","c","c2-vertical","__union_134","__drop___union_134","B6IDBA",2,22.5,25,NA,"union-waypoint-individual"
"Real 375","c","c2-vertical","__union_135","__drop___union_135","YPHFHF",2,15,25,NA,"union-waypoint-individual"
"Real 375","c","c2-vertical","__union_144","__drop___union_144","9JC6RF",3,22.5,25,NA,"union-waypoint-individual"
"Real 375","c","c2-vertical","__bar_9PDPW7","9PDPW7","__union_174",4,0,6,NA,"waypoint-individual-union"
"Real 375","c","c2-vertical","__bar_J4ZDIU","J4ZDIU","__union_193",4,0,6,NA,"waypoint-individual-union"
"Real 375","c","c2-vertical","__union_146","__drop___union_146","3SG899",3,0,25,NA,"union-waypoint-individual"
"Real 375","c","c2-vertical","__union_149","__drop___union_149","YJXSIZ",3,15,25,NA,"union-waypoint-individual"
"Real 375","c","c2-vertical","__union_149","__drop___union_149","__dup_7U5NJD_2",3,14.8800000000001,25,NA,"union-waypoint-duplicate"
"Real 375","c","c2-vertical","__bar_62PLX3","62PLX3","__dup_LUPGF8_3",4,0.240000000001601,25,NA,"waypoint-individual-duplicate"
"Real 375","c","c2-vertical","__union_151","__drop___union_151","__dup_M5DJVP_1",3,1.11999999999898,25,NA,"union-waypoint-duplicate"
"Real 375","c","c2-vertical","__bar_PHCADH","PHCADH","__union_181",4,0,6,NA,"waypoint-individual-union"
"Real 375","c","c2-vertical","__union_165","__drop___union_165","V1X2X3",3,0,25,NA,"union-waypoint-individual"
"Real 375","c","c2-vertical","__union_166","__drop___union_166","CSZ177",3,7.5,25,NA,"union-waypoint-individual"
"Real 375","c","c2-vertical","__union_169","__drop___union_169","__union_178",4,0,6,NA,"union-waypoint-union"
"Real 375","c","c2-vertical","__union_173","__drop___union_173","P844CW",4,15,25,NA,"union-waypoint-individual"
"Real 375","c","c2-vertical","__union_174","__drop___union_174","9PDPW7",4,0,25,NA,"union-waypoint-individual"
"Real 375","c","c2-vertical","__union_176","__drop___union_176","__dup_M5DJVP_2",4,7.6200000000008,25,NA,"union-waypoint-duplicate"
"Real 375","c","c2-vertical","__union_178","__drop___union_178","__union_169",4,0,6,NA,"union-waypoint-union"
"Real 375","c","c2-vertical","__union_181","__drop___union_181","PHCADH",4,0,25,NA,"union-waypoint-individual"
"Real 375","c","c2-vertical","__union_182","__drop___union_182","667KL7",4,7.5,25,NA,"union-waypoint-individual"
"Real 375","c","c2-vertical","__union_185","__drop___union_185","8GSXTQ",4,15,25,NA,"union-waypoint-individual"
"Real 375","c","c2-vertical","__union_186","__drop___union_186","SPHGC9",4,15,25,NA,"union-waypoint-individual"
"Real 375","c","c2-vertical","__bar_GBLFXN","GBLFXN","__union_209",5,0,6,NA,"waypoint-individual-union"
"Real 375","c","c2-vertical","__union_188","__drop___union_188","__dup_9C6NW8_3",4,7.38000000000011,25,NA,"union-waypoint-duplicate"
"Real 375","c","c2-vertical","__union_189","__drop___union_189","B2U6J7",4,0.0600000000013097,25,NA,"union-waypoint-individual"
"Real 375","c","c2-vertical","__union_193","__drop___union_193","J4ZDIU",4,0,25,NA,"union-waypoint-individual"
"Real 375","c","c2-vertical","__union_200","__drop___union_200","__dup_9JC6RF_1",5,22.3799999999997,25,NA,"union-waypoint-duplicate"
"Real 375","c","c2-vertical","__union_201","__drop___union_201","7VEH10",5,15,25,NA,"union-waypoint-individual"
"Real 375","c","c2-vertical","__union_203","__drop___union_203","__dup_81MJXH_1",5,7.6200000000008,25,NA,"union-waypoint-duplicate"
"Real 375","c","c2-vertical","__union_205","__drop___union_205","LT00CV",5,7.5,25,NA,"union-waypoint-individual"
"Real 375","c","c2-vertical","__union_206","__drop___union_206","NKNRU0",5,22.5,25,NA,"union-waypoint-individual"
"Real 375","c","c2-vertical","__union_207","__drop___union_207","97D38B",5,7.5,25,NA,"union-waypoint-individual"
"Real 375","c","c2-vertical","__union_209","__drop___union_209","GBLFXN",5,0,25,NA,"union-waypoint-individual"
"Real 375","c","c2-vertical","__bar_2EQ54B","2EQ54B","__dup_LT00CV_1",6,0.1200000000008,25,NA,"waypoint-individual-duplicate"
"Real 375","c","c2-vertical","__union_218","__drop___union_218","__dup_FIL6AB_3",5,20.2600000000002,25,NA,"union-waypoint-duplicate"
"Real 375","c","c2-vertical","G2DMVF","__proj_G2DMVF___union_103","__union_59",1,0,6,NA,"individual-waypoint-union"
"Real 375","c","c2-vertical","BH6ZQK","__proj_BH6ZQK___union_131","__dup_SLN0TF_1",1,0.119999999999891,25,NA,"individual-waypoint-duplicate"
"Real 375","c","c2-vertical","D0Z114","__proj_D0Z114___union_135","__dup_4U7JTW_1",2,2.1200000000008,25,NA,"individual-waypoint-duplicate"
"Real 375","c","c2-vertical","D0Z114","__proj_D0Z114___union_135","__union_67",1,0,6,NA,"individual-waypoint-union"
"Real 375","c","c2-vertical","DU300Q","__proj_DU300Q___union_147","__dup_KCBMY9_1",2,0.1200000000008,25,NA,"individual-waypoint-duplicate"
"Real 375","c","c2-vertical","EQNDAY","__proj_EQNDAY___union_152","__dup_Q00PB1_1",3,0,25,NA,"individual-waypoint-duplicate"
"Real 375","c","c2-vertical","8PHUQL","__proj_8PHUQL___union_168","__dup_7U5NJD_1",2,0.1200000000008,25,NA,"individual-waypoint-duplicate"
"Real 375","c","c2-vertical","L07M06","__proj_L07M06___union_169","__union_162",3,0,6,NA,"individual-waypoint-union"
"Real 375","c","c2-vertical","6PQJV5","__proj_6PQJV5___union_171","__dup_M5DJVP_2",4,0.1200000000008,25,NA,"individual-waypoint-duplicate"
"Real 375","c","c2-vertical","ASAF1T","__proj_ASAF1T___union_177","RF8KMZ",3,0,25,NA,"individual-waypoint-individual"
"Real 375","c","c2-vertical","ASAF1T","__proj_ASAF1T___union_177","UZJGCD",4,0,25,NA,"individual-waypoint-individual"
"Real 375","c","c2-vertical","772Q3D","__proj_772Q3D___union_185","__union_179",4,0,6,NA,"individual-waypoint-union"
"Real 375","c","c2-vertical","J33BE0","__proj_J33BE0___union_186","LLYLLX",3,0,25,NA,"individual-waypoint-individual"
"Real 375","c","c2-vertical","KY4G8M","__proj_KY4G8M___union_188","__dup_YPHFHF_3",4,0.1200000000008,25,NA,"individual-waypoint-duplicate"
"Real 375","c","c2-vertical","YJXSIZ","__proj_YJXSIZ___union_208","__dup_7U5NJD_2",3,0.119999999999891,25,NA,"individual-waypoint-duplicate"
"Real 375","c","c2-vertical","YJXSIZ","__proj_YJXSIZ___union_208","__union_175",4,0,6,NA,"individual-waypoint-union"
"Real 375","c","c2-vertical","BB0JP9","__proj_BB0JP9___union_229","IMF6BL",4,0,25,NA,"individual-waypoint-individual"
"Real 375","c","c2-vertical","BB0JP9","__proj_BB0JP9___union_229","4R7L88",5,0,25,NA,"individual-waypoint-individual"
"Real 375","c","c2-vertical","BB0JP9","__proj_BB0JP9___union_229","RK53PX",6,0,25,NA,"individual-waypoint-individual"
"Real 375","c","c2-vertical","J4ZDIU","__proj_J4ZDIU___union_230","__union_193",4,0,6,NA,"individual-waypoint-union"
"Real 375","c","c2-vertical","J4ZDIU","__proj_J4ZDIU___union_230","__union_214",5,0,6,NA,"individual-waypoint-union"
"Real 375","c","c2-vertical","9PDPW7","__proj_9PDPW7___union_231","__union_174",4,0,6,NA,"individual-waypoint-union"
"Real 375","c","c2-horizontal-offset-row","__jog_1_a","__jog_1_b","N2C1PW",0,13.5,25,NA,"waypoint-waypoint-individual"
"Real 375","c","c2-vertical","__jog_1_b","__union_2","__union_6",0,0,6,NA,"waypoint-union-union"
"Real 375","c","c2-horizontal-offset-row","__jog_2_a","__jog_2_b","6VUC6R",0,13.5,25,NA,"waypoint-waypoint-individual"
"Real 375","c","c2-vertical","__jog_2_b","__union_4","__union_5",0,0,6,NA,"waypoint-union-union"
"Real 375","c","c2-vertical","__jog_3_b","__union_8","__dup_QWUKUY_2",0,22.7600000000002,25,NA,"waypoint-union-duplicate"
"Real 375","c","c2-vertical","__jog_4_b","__union_9","TTE0Z7",0,0.0600000000004002,25,NA,"waypoint-union-individual"
"Real 375","c","c2-vertical","__jog_5_b","__union_10","1ZERVB",0,0,25,NA,"waypoint-union-individual"
"Real 375","c","c2-horizontal-offset-row","__jog_7_a","__jog_7_b","AE08C8",0,13.5,25,NA,"waypoint-waypoint-individual"
"Real 375","c","c2-vertical","__jog_8_b","__union_14","7NBKWE",0,0.120000000000118,25,NA,"waypoint-union-individual"
"Real 375","c","c2-vertical","__jog_9_b","__union_16","QWUKUY",0,9.9399999999996,25,NA,"waypoint-union-individual"
"Real 375","c","c2-vertical","__jog_9_b","__union_16","__union_53",0,0.0600000000004002,6,NA,"waypoint-union-union"
"Real 375","c","c2-horizontal-offset-row","__jog_13_a","__jog_13_b","3XP1ZD",0,13.5,25,NA,"waypoint-waypoint-individual"
"Real 375","c","c2-horizontal-offset-row","__jog_14_a","__jog_14_b","97Y192",0,13.5,25,NA,"waypoint-waypoint-individual"
"Real 375","c","c2-horizontal-offset-row","__jog_14_a","__jog_14_b","WDBGPF",0,13.5,25,NA,"waypoint-waypoint-individual"
"Real 375","c","c2-vertical","__jog_14_b","__union_23","WDBGPF",0,0.119999999999891,25,NA,"waypoint-union-individual"
"Real 375","c","c2-vertical","__jog_14_b","__union_23","__union_46",0,0,6,NA,"waypoint-union-union"
"Real 375","c","c2-vertical","__jog_17_b","__union_28","RD3WB2",0,0,25,NA,"waypoint-union-individual"
"Real 375","c","c2-vertical","8DKELJ","__jog_18_a","C6E1D9",0,15,25,NA,"individual-waypoint-individual"
"Real 375","c","c2-horizontal-offset-row","__jog_18_a","__jog_18_b","C6E1D9",0,13.5,25,NA,"waypoint-waypoint-individual"
"Real 375","c","c2-vertical","5GQC24","__jog_19_a","__dup_I8ABQE_1",0,0.119999999999891,25,NA,"individual-waypoint-duplicate"
"Real 375","c","c2-horizontal-offset-row","__jog_19_a","__jog_19_b","__dup_I8ABQE_1",0,13.5,25,NA,"waypoint-waypoint-duplicate"
"Real 375","c","c2-vertical","__jog_20_b","__union_32","0FKJ81",0,0,25,NA,"waypoint-union-individual"
"Real 375","c","c2-horizontal-offset-row","__jog_22_a","__jog_22_b","UTU9S7",0,13.5,25,NA,"waypoint-waypoint-individual"
"Real 375","c","c2-vertical","__jog_22_b","__union_36","UTU9S7",0,11,25,NA,"waypoint-union-individual"
"Real 375","c","c2-horizontal-offset-row","__jog_24_a","__jog_24_b","P87V3K",0,13.5,25,NA,"waypoint-waypoint-individual"
"Real 375","c","c2-horizontal-offset-row","__jog_24_a","__jog_24_b","UCXEK5",0,13.5,25,NA,"waypoint-waypoint-individual"
"Real 375","c","c2-horizontal-offset-row","__jog_24_a","__jog_24_b","__dup_L31S6S_3",0,13.5,25,NA,"waypoint-waypoint-duplicate"
"Real 375","c","c2-vertical","__jog_24_b","__union_39","UCXEK5",0,0.0599999999999454,25,NA,"waypoint-union-individual"
"Real 375","c","c2-vertical","RJHF0G","__jog_27_a","Y7IUMX",0,19.9999999999982,25,NA,"individual-waypoint-individual"
"Real 375","c","c2-vertical","RJHF0G","__jog_27_a","__dup_MY1AEU_3",0,0.239999999999782,25,NA,"individual-waypoint-duplicate"
"Real 375","c","c2-horizontal-offset-row","__jog_27_a","__jog_27_b","Y7IUMX",0,16.8002976164104,25,NA,"waypoint-waypoint-individual"
"Real 375","c","c2-horizontal-offset-row","__jog_27_a","__jog_27_b","__dup_MY1AEU_3",0,13.5,25,NA,"waypoint-waypoint-duplicate"
"Real 375","c","c2-vertical","__jog_27_b","__union_44","RJHF0G",0,10,25,NA,"waypoint-union-individual"
"Real 375","c","c2-vertical","__jog_27_b","__union_44","__dup_MY1AEU_3",0,9.76000000000022,25,NA,"waypoint-union-duplicate"
"Real 375","c","c2-horizontal-offset-row","__jog_28_a","__jog_28_b","D8FYZV",0,13.5,25,NA,"waypoint-waypoint-individual"
"Real 375","c","c2-vertical","__jog_28_b","__union_45","D8FYZV",0,20.0000000000009,25,NA,"waypoint-union-individual"
"Real 375","c","c2-vertical","__jog_29_b","__union_46","WDBGPF",0,0.119999999999891,25,NA,"waypoint-union-individual"
"Real 375","c","c2-vertical","__jog_29_b","__union_46","__union_23",0,0,6,NA,"waypoint-union-union"
"Real 375","c","c2-vertical","__jog_30_b","__union_48","CMJQGU",0,10,25,NA,"waypoint-union-individual"
"Real 375","c","c2-vertical","__jog_30_b","__union_48","__union_50",0,0.0600000000004002,6,NA,"waypoint-union-union"
"Real 375","c","c2-vertical","__jog_32_b","__union_50","CMJQGU",0,9.9399999999996,25,NA,"waypoint-union-individual"
"Real 375","c","c2-vertical","__jog_32_b","__union_50","__union_48",0,0.0600000000004002,6,NA,"waypoint-union-union"
"Real 375","c","c2-horizontal-offset-row","__jog_33_a","__jog_33_b","WUPTU8",0,13.5,25,NA,"waypoint-waypoint-individual"
"Real 375","c","c2-vertical","__jog_34_b","__union_53","QWUKUY",0,10,25,NA,"waypoint-union-individual"
"Real 375","c","c2-vertical","__jog_34_b","__union_53","__union_16",0,0.0600000000004002,6,NA,"waypoint-union-union"
"Real 375","c","c2-horizontal-offset-row","__jog_36_a","__jog_36_b","8P17E3",1,18,25,NA,"waypoint-waypoint-individual"
"Real 375","c","c2-horizontal-offset-row","__jog_36_a","__jog_36_b","HKTQ40",1,18,25,NA,"waypoint-waypoint-individual"
"Real 375","c","c2-horizontal-offset-row","__jog_36_a","__jog_36_b","P4KR40",1,18,25,NA,"waypoint-waypoint-individual"
"Real 375","c","c2-horizontal-offset-row","__jog_36_a","__jog_36_b","__dup_G8EBU9_1",1,18,25,NA,"waypoint-waypoint-duplicate"
"Real 375","c","c2-vertical","__jog_36_b","__union_65","P4KR40",1,15,25,NA,"waypoint-union-individual"
"Real 375","c","c2-vertical","__jog_37_b","__union_66","8LWCAD",1,15,25,NA,"waypoint-union-individual"
"Real 375","c","c2-vertical","__jog_38_b","__union_67","D0Z114",1,0,25,NA,"waypoint-union-individual"
"Real 375","c","c2-vertical","__jog_39_b","__union_68","HKTQ40",1,19.8200000000006,25,NA,"waypoint-union-individual"
"Real 375","c","c2-horizontal-offset-row","__jog_40_a","__jog_40_b","HJ555Y",1,9,25,NA,"waypoint-waypoint-individual"
"Real 375","c","c2-horizontal-offset-row","__jog_40_a","__jog_40_b","4WWCPB",1,9,25,NA,"waypoint-waypoint-individual"
"Real 375","c","c2-horizontal-offset-row","__jog_40_a","__jog_40_b","DLZL49",1,9,25,NA,"waypoint-waypoint-individual"
"Real 375","c","c2-horizontal-offset-row","__jog_40_a","__jog_40_b","8PHUQL",1,9,25,NA,"waypoint-waypoint-individual"
"Real 375","c","c2-horizontal-offset-row","__jog_40_a","__jog_40_b","8LWCAD",1,9,25,NA,"waypoint-waypoint-individual"
"Real 375","c","c2-horizontal-offset-row","__jog_40_a","__jog_40_b","EQNDAY",1,9,25,NA,"waypoint-waypoint-individual"
"Real 375","c","c2-horizontal-offset-row","__jog_40_a","__jog_40_b","JR9GXD",1,9,25,NA,"waypoint-waypoint-individual"
"Real 375","c","c2-horizontal-offset-row","__jog_40_a","__jog_40_b","M0YNUR",1,9,25,NA,"waypoint-waypoint-individual"
"Real 375","c","c2-horizontal-offset-row","__jog_40_a","__jog_40_b","N2JRUE",1,9,25,NA,"waypoint-waypoint-individual"
"Real 375","c","c2-horizontal-offset-row","__jog_40_a","__jog_40_b","5JGJDV",1,9,25,NA,"waypoint-waypoint-individual"
"Real 375","c","c2-horizontal-offset-row","__jog_40_a","__jog_40_b","1W4GNT",1,9,25,NA,"waypoint-waypoint-individual"
"Real 375","c","c2-horizontal-offset-row","__jog_40_a","__jog_40_b","DU300Q",1,9,25,NA,"waypoint-waypoint-individual"
"Real 375","c","c2-horizontal-offset-row","__jog_40_a","__jog_40_b","0Q077X",1,9,25,NA,"waypoint-waypoint-individual"
"Real 375","c","c2-horizontal-offset-row","__jog_40_a","__jog_40_b","CAN12C",1,9,25,NA,"waypoint-waypoint-individual"
"Real 375","c","c2-horizontal-offset-row","__jog_40_a","__jog_40_b","0L5AWR",1,9,25,NA,"waypoint-waypoint-individual"
"Real 375","c","c2-horizontal-offset-row","__jog_40_a","__jog_40_b","__dup_1X40V5_2",1,9,25,NA,"waypoint-waypoint-duplicate"
"Real 375","c","c2-horizontal-offset-row","__jog_40_a","__jog_40_b","__dup_RYP77M_2",1,9,25,NA,"waypoint-waypoint-duplicate"
"Real 375","c","c2-horizontal-offset-row","__jog_40_a","__jog_40_b","__dup_RYP77M_3",1,9,25,NA,"waypoint-waypoint-duplicate"
"Real 375","c","c2-horizontal-offset-row","__jog_40_a","__jog_40_b","__dup_RYP77M_4",1,9,25,NA,"waypoint-waypoint-duplicate"
"Real 375","c","c2-horizontal-offset-row","__jog_40_a","__jog_40_b","__dup_L31S6S_5",1,9,25,NA,"waypoint-waypoint-duplicate"
"Real 375","c","c2-vertical","__jog_40_b","__union_70","__dup_RYP77M_4",1,17.119999999999,25,NA,"waypoint-union-duplicate"
"Real 375","c","c2-vertical","__jog_41_b","__union_72","__dup_D8FYZV_3",1,22.3799999999992,25,NA,"waypoint-union-duplicate"
"Real 375","c","c2-vertical","__jog_45_b","__union_77","XEE9GT",1,0.0600000000004002,25,NA,"waypoint-union-individual"
"Real 375","c","c2-vertical","__jog_46_b","__union_78","__dup_E2D59U_1",1,17,25,NA,"waypoint-union-duplicate"
"Real 375","c","c2-vertical","__jog_47_b","__union_83","JB7EW2",1,0.119999999999891,25,NA,"waypoint-union-individual"
"Real 375","c","c2-horizontal-offset-row","__jog_48_a","__jog_48_b","BCH8AH",1,9,25,NA,"waypoint-waypoint-individual"
"Real 375","c","c2-horizontal-offset-row","__jog_48_a","__jog_48_b","CEA455",1,9,25,NA,"waypoint-waypoint-individual"
"Real 375","c","c2-horizontal-offset-row","__jog_48_a","__jog_48_b","WDUGSA",1,9,25,NA,"waypoint-waypoint-individual"
"Real 375","c","c2-horizontal-offset-row","__jog_48_a","__jog_48_b","S0022Z",1,9,25,NA,"waypoint-waypoint-individual"
"Real 375","c","c2-horizontal-offset-row","__jog_48_a","__jog_48_b","JB7EW2",1,9,25,NA,"waypoint-waypoint-individual"
"Real 375","c","c2-horizontal-offset-row","__jog_48_a","__jog_48_b","XEE9GT",1,9,25,NA,"waypoint-waypoint-individual"
"Real 375","c","c2-horizontal-offset-row","__jog_48_a","__jog_48_b","RYP77M",1,9,25,NA,"waypoint-waypoint-individual"
"Real 375","c","c2-horizontal-offset-row","__jog_48_a","__jog_48_b","P2VQJR",1,9,25,NA,"waypoint-waypoint-individual"
"Real 375","c","c2-horizontal-offset-row","__jog_48_a","__jog_48_b","GTKL5Z",1,9,25,NA,"waypoint-waypoint-individual"
"Real 375","c","c2-horizontal-offset-row","__jog_48_a","__jog_48_b","SNHNX6",1,9,25,NA,"waypoint-waypoint-individual"
"Real 375","c","c2-horizontal-offset-row","__jog_48_a","__jog_48_b","IM1B5T",1,9,25,NA,"waypoint-waypoint-individual"
"Real 375","c","c2-horizontal-offset-row","__jog_48_a","__jog_48_b","D0Z114",1,9,25,NA,"waypoint-waypoint-individual"
"Real 375","c","c2-horizontal-offset-row","__jog_48_a","__jog_48_b","D1WP48",1,9,25,NA,"waypoint-waypoint-individual"
"Real 375","c","c2-horizontal-offset-row","__jog_48_a","__jog_48_b","D472PY",1,9,25,NA,"waypoint-waypoint-individual"
"Real 375","c","c2-horizontal-offset-row","__jog_48_a","__jog_48_b","79QBRD",1,9,25,NA,"waypoint-waypoint-individual"
"Real 375","c","c2-horizontal-offset-row","__jog_48_a","__jog_48_b","G3XCSE",1,9,25,NA,"waypoint-waypoint-individual"
"Real 375","c","c2-horizontal-offset-row","__jog_48_a","__jog_48_b","6XYG9B",1,9,25,NA,"waypoint-waypoint-individual"
"Real 375","c","c2-horizontal-offset-row","__jog_48_a","__jog_48_b","L8CMNE",1,9,25,NA,"waypoint-waypoint-individual"
"Real 375","c","c2-horizontal-offset-row","__jog_48_a","__jog_48_b","KUENM8",1,9,25,NA,"waypoint-waypoint-individual"
"Real 375","c","c2-horizontal-offset-row","__jog_48_a","__jog_48_b","__dup_RYP77M_1",1,9,25,NA,"waypoint-waypoint-duplicate"
"Real 375","c","c2-horizontal-offset-row","__jog_48_a","__jog_48_b","__dup_E2D59U_1",1,9,25,NA,"waypoint-waypoint-duplicate"
"Real 375","c","c2-horizontal-offset-row","__jog_48_a","__jog_48_b","__dup_C6E1D9_1",1,9,25,NA,"waypoint-waypoint-duplicate"
"Real 375","c","c2-horizontal-offset-row","__jog_48_a","__jog_48_b","__dup_D8FYZV_3",1,9,25,NA,"waypoint-waypoint-duplicate"
"Real 375","c","c2-horizontal-offset-row","__jog_48_a","__jog_48_b","__dup_7NBKWE_3",1,9,25,NA,"waypoint-waypoint-duplicate"
"Real 375","c","c2-horizontal-offset-row","__jog_48_a","__jog_48_b","__dup_P87V3K_1",1,9,25,NA,"waypoint-waypoint-duplicate"
"Real 375","c","c2-horizontal-offset-row","__jog_48_a","__jog_48_b","__dup_D1WP48_2",1,9,25,NA,"waypoint-waypoint-duplicate"
"Real 375","c","c2-horizontal-offset-row","__jog_48_a","__jog_48_b","__dup_PQX22G_3",1,9,25,NA,"waypoint-waypoint-duplicate"
"Real 375","c","c2-vertical","__jog_51_b","__union_87","__dup_RYP77M_2",1,2.11999999999898,25,NA,"waypoint-union-duplicate"
"Real 375","c","c2-horizontal-offset-row","__jog_52_a","__jog_52_b","HJ555Y",1,18,25,NA,"waypoint-waypoint-individual"
"Real 375","c","c2-horizontal-offset-row","__jog_52_a","__jog_52_b","4WWCPB",1,18,25,NA,"waypoint-waypoint-individual"
"Real 375","c","c2-horizontal-offset-row","__jog_52_a","__jog_52_b","DLZL49",1,18,25,NA,"waypoint-waypoint-individual"
"Real 375","c","c2-horizontal-offset-row","__jog_52_a","__jog_52_b","7JQ09V",1,18,25,NA,"waypoint-waypoint-individual"
"Real 375","c","c2-horizontal-offset-row","__jog_52_a","__jog_52_b","8LWCAD",1,18,25,NA,"waypoint-waypoint-individual"
"Real 375","c","c2-horizontal-offset-row","__jog_52_a","__jog_52_b","Q7F87W",1,18,25,NA,"waypoint-waypoint-individual"
"Real 375","c","c2-horizontal-offset-row","__jog_52_a","__jog_52_b","EQNDAY",1,18,25,NA,"waypoint-waypoint-individual"
"Real 375","c","c2-horizontal-offset-row","__jog_52_a","__jog_52_b","JR9GXD",1,18,25,NA,"waypoint-waypoint-individual"
"Real 375","c","c2-horizontal-offset-row","__jog_52_a","__jog_52_b","M0YNUR",1,18,25,NA,"waypoint-waypoint-individual"
"Real 375","c","c2-horizontal-offset-row","__jog_52_a","__jog_52_b","37FSQA",1,18,25,NA,"waypoint-waypoint-individual"
"Real 375","c","c2-horizontal-offset-row","__jog_52_a","__jog_52_b","5JGJDV",1,18,25,NA,"waypoint-waypoint-individual"
"Real 375","c","c2-horizontal-offset-row","__jog_52_a","__jog_52_b","1W4GNT",1,18,25,NA,"waypoint-waypoint-individual"
"Real 375","c","c2-horizontal-offset-row","__jog_52_a","__jog_52_b","DU300Q",1,18,25,NA,"waypoint-waypoint-individual"
"Real 375","c","c2-horizontal-offset-row","__jog_52_a","__jog_52_b","0Q077X",1,18,25,NA,"waypoint-waypoint-individual"
"Real 375","c","c2-horizontal-offset-row","__jog_52_a","__jog_52_b","KNIBZ7",1,18,25,NA,"waypoint-waypoint-individual"
"Real 375","c","c2-horizontal-offset-row","__jog_52_a","__jog_52_b","CAN12C",1,18,25,NA,"waypoint-waypoint-individual"
"Real 375","c","c2-horizontal-offset-row","__jog_52_a","__jog_52_b","0L5AWR",1,18,25,NA,"waypoint-waypoint-individual"
"Real 375","c","c2-horizontal-offset-row","__jog_52_a","__jog_52_b","__dup_1X40V5_2",1,18,25,NA,"waypoint-waypoint-duplicate"
"Real 375","c","c2-horizontal-offset-row","__jog_52_a","__jog_52_b","__dup_RYP77M_2",1,18,25,NA,"waypoint-waypoint-duplicate"
"Real 375","c","c2-horizontal-offset-row","__jog_52_a","__jog_52_b","__dup_CMJQGU_1",1,18,25,NA,"waypoint-waypoint-duplicate"
"Real 375","c","c2-horizontal-offset-row","__jog_52_a","__jog_52_b","__dup_D8FYZV_4",1,18,25,NA,"waypoint-waypoint-duplicate"
"Real 375","c","c2-horizontal-offset-row","__jog_52_a","__jog_52_b","__dup_L31S6S_4",1,18,25,NA,"waypoint-waypoint-duplicate"
"Real 375","c","c2-horizontal-offset-row","__jog_52_a","__jog_52_b","__dup_RYP77M_4",1,18,25,NA,"waypoint-waypoint-duplicate"
"Real 375","c","c2-horizontal-offset-row","__jog_52_a","__jog_52_b","__dup_L31S6S_5",1,18,25,NA,"waypoint-waypoint-duplicate"
"Real 375","c","c2-vertical","__jog_52_b","__union_88","__dup_CMJQGU_1",1,0.119999999999891,25,NA,"waypoint-union-duplicate"
"Real 375","c","c2-horizontal-offset-row","__jog_54_a","__jog_54_b","8933XB",1,9,25,NA,"waypoint-waypoint-individual"
"Real 375","c","c2-horizontal-offset-row","__jog_54_a","__jog_54_b","BH6ZQK",1,9,25,NA,"waypoint-waypoint-individual"
"Real 375","c","c2-horizontal-offset-row","__jog_54_a","__jog_54_b","__dup_SLN0TF_1",1,9,25,NA,"waypoint-waypoint-duplicate"
"Real 375","c","c2-horizontal-offset-row","__jog_55_a","__jog_55_b","__dup_E2D59U_1",1,18,25,NA,"waypoint-waypoint-duplicate"
"Real 375","c","c2-horizontal-offset-row","__jog_55_a","__jog_55_b","__dup_P87V3K_1",1,18,25,NA,"waypoint-waypoint-duplicate"
"Real 375","c","c2-horizontal-offset-row","__jog_57_a","__jog_57_b","BCH8AH",1,18,25,NA,"waypoint-waypoint-individual"
"Real 375","c","c2-horizontal-offset-row","__jog_57_a","__jog_57_b","WDUGSA",1,18,25,NA,"waypoint-waypoint-individual"
"Real 375","c","c2-horizontal-offset-row","__jog_57_a","__jog_57_b","S0022Z",1,18,25,NA,"waypoint-waypoint-individual"
"Real 375","c","c2-horizontal-offset-row","__jog_57_a","__jog_57_b","JB7EW2",1,18,25,NA,"waypoint-waypoint-individual"
"Real 375","c","c2-horizontal-offset-row","__jog_57_a","__jog_57_b","XEE9GT",1,18,25,NA,"waypoint-waypoint-individual"
"Real 375","c","c2-horizontal-offset-row","__jog_57_a","__jog_57_b","RYP77M",1,18,25,NA,"waypoint-waypoint-individual"
"Real 375","c","c2-horizontal-offset-row","__jog_57_a","__jog_57_b","P2VQJR",1,18,25,NA,"waypoint-waypoint-individual"
"Real 375","c","c2-horizontal-offset-row","__jog_57_a","__jog_57_b","GTKL5Z",1,18,25,NA,"waypoint-waypoint-individual"
"Real 375","c","c2-horizontal-offset-row","__jog_57_a","__jog_57_b","SNHNX6",1,18,25,NA,"waypoint-waypoint-individual"
"Real 375","c","c2-horizontal-offset-row","__jog_57_a","__jog_57_b","D0Z114",1,18,25,NA,"waypoint-waypoint-individual"
"Real 375","c","c2-horizontal-offset-row","__jog_57_a","__jog_57_b","D1WP48",1,18,25,NA,"waypoint-waypoint-individual"
"Real 375","c","c2-horizontal-offset-row","__jog_57_a","__jog_57_b","D472PY",1,18,25,NA,"waypoint-waypoint-individual"
"Real 375","c","c2-horizontal-offset-row","__jog_57_a","__jog_57_b","79QBRD",1,18,25,NA,"waypoint-waypoint-individual"
"Real 375","c","c2-horizontal-offset-row","__jog_57_a","__jog_57_b","G3XCSE",1,18,25,NA,"waypoint-waypoint-individual"
"Real 375","c","c2-horizontal-offset-row","__jog_57_a","__jog_57_b","6XYG9B",1,18,25,NA,"waypoint-waypoint-individual"
"Real 375","c","c2-horizontal-offset-row","__jog_57_a","__jog_57_b","L8CMNE",1,18,25,NA,"waypoint-waypoint-individual"
"Real 375","c","c2-horizontal-offset-row","__jog_57_a","__jog_57_b","__dup_RYP77M_1",1,18,25,NA,"waypoint-waypoint-duplicate"
"Real 375","c","c2-horizontal-offset-row","__jog_57_a","__jog_57_b","__dup_C6E1D9_1",1,18,25,NA,"waypoint-waypoint-duplicate"
"Real 375","c","c2-horizontal-offset-row","__jog_57_a","__jog_57_b","__dup_D8FYZV_3",1,18,25,NA,"waypoint-waypoint-duplicate"
"Real 375","c","c2-horizontal-offset-row","__jog_57_a","__jog_57_b","__dup_D1WP48_2",1,18,25,NA,"waypoint-waypoint-duplicate"
"Real 375","c","c2-horizontal-offset-row","__jog_57_a","__jog_57_b","__dup_PQX22G_3",1,18,25,NA,"waypoint-waypoint-duplicate"
"Real 375","c","c2-horizontal-offset-row","__jog_58_a","__jog_58_b","6MGJYG",1,18,25,NA,"waypoint-waypoint-individual"
"Real 375","c","c2-vertical","__jog_61_b","__union_105","__dup_KCBMY9_1",2,14.8799999999992,25,NA,"waypoint-union-duplicate"
"Real 375","c","c2-horizontal-offset-row","__jog_63_a","__jog_63_b","4CHDK1",2,9,25,NA,"waypoint-waypoint-individual"
"Real 375","c","c2-horizontal-offset-row","__jog_63_a","__jog_63_b","MNJU8T",2,9,25,NA,"waypoint-waypoint-individual"
"Real 375","c","c2-horizontal-offset-row","__jog_63_a","__jog_63_b","__dup_9C6NW8_1",2,9,25,NA,"waypoint-waypoint-duplicate"
"Real 375","c","c2-vertical","YPHFHF","__jog_64_a","__union_107",2,0,6,NA,"individual-waypoint-union"
"Real 375","c","c2-horizontal-offset-row","__jog_64_a","__jog_64_b","7KWRZK",2,18,25,NA,"waypoint-waypoint-individual"
"Real 375","c","c2-horizontal-offset-row","__jog_64_a","__jog_64_b","SQ908D",2,18,25,NA,"waypoint-waypoint-individual"
"Real 375","c","c2-horizontal-offset-row","__jog_64_a","__jog_64_b","Y1XZEW",2,18,25,NA,"waypoint-waypoint-individual"
"Real 375","c","c2-horizontal-offset-row","__jog_64_a","__jog_64_b","31UG06",2,18,25,NA,"waypoint-waypoint-individual"
"Real 375","c","c2-horizontal-offset-row","__jog_64_a","__jog_64_b","X20HK8",2,18,25,NA,"waypoint-waypoint-individual"
"Real 375","c","c2-horizontal-offset-row","__jog_64_a","__jog_64_b","1Y8P15",2,18,25,NA,"waypoint-waypoint-individual"
"Real 375","c","c2-horizontal-offset-row","__jog_64_a","__jog_64_b","GBGWZD",2,18,25,NA,"waypoint-waypoint-individual"
"Real 375","c","c2-horizontal-offset-row","__jog_64_a","__jog_64_b","XL7AVE",2,18,25,NA,"waypoint-waypoint-individual"
"Real 375","c","c2-horizontal-offset-row","__jog_64_a","__jog_64_b","B6IDBA",2,18,25,NA,"waypoint-waypoint-individual"
"Real 375","c","c2-horizontal-offset-row","__jog_64_a","__jog_64_b","A3UZAN",2,18,25,NA,"waypoint-waypoint-individual"
"Real 375","c","c2-horizontal-offset-row","__jog_64_a","__jog_64_b","8FLD1J",2,18,25,NA,"waypoint-waypoint-individual"
"Real 375","c","c2-horizontal-offset-row","__jog_64_a","__jog_64_b","DWFFZL",2,18,25,NA,"waypoint-waypoint-individual"
"Real 375","c","c2-horizontal-offset-row","__jog_64_a","__jog_64_b","__dup_4U7JTW_1",2,18,25,NA,"waypoint-waypoint-duplicate"
"Real 375","c","c2-horizontal-offset-row","__jog_64_a","__jog_64_b","__dup_CAN12C_1",2,18,25,NA,"waypoint-waypoint-duplicate"
"Real 375","c","c2-horizontal-offset-row","__jog_64_a","__jog_64_b","__dup_1W4GNT_1",2,18,25,NA,"waypoint-waypoint-duplicate"
"Real 375","c","c2-vertical","__jog_64_b","__union_109","WCPXHD",2,22.5,25,NA,"waypoint-union-individual"
"Real 375","c","c2-horizontal-offset-row","__jog_70_a","__jog_70_b","DGLT2F",2,9,25,NA,"waypoint-waypoint-individual"
"Real 375","c","c2-horizontal-offset-row","__jog_70_a","__jog_70_b","L07M06",2,9,25,NA,"waypoint-waypoint-individual"
"Real 375","c","c2-horizontal-offset-row","__jog_70_a","__jog_70_b","270UK6",2,9,25,NA,"waypoint-waypoint-individual"
"Real 375","c","c2-horizontal-offset-row","__jog_70_a","__jog_70_b","__dup_YPHFHF_2",2,9,25,NA,"waypoint-waypoint-duplicate"
"Real 375","c","c2-vertical","__jog_74_b","__union_121","GBGWZD",2,7.5,25,NA,"waypoint-union-individual"
"Real 375","c","c2-horizontal-offset-row","__jog_75_a","__jog_75_b","9C6NW8",2,9,25,NA,"waypoint-waypoint-individual"
"Real 375","c","c2-horizontal-offset-row","__jog_75_a","__jog_75_b","7U5NJD",2,9,25,NA,"waypoint-waypoint-individual"
"Real 375","c","c2-horizontal-offset-row","__jog_75_a","__jog_75_b","6PX6PS",2,9,25,NA,"waypoint-waypoint-individual"
"Real 375","c","c2-horizontal-offset-row","__jog_75_a","__jog_75_b","ELGVC6",2,9,25,NA,"waypoint-waypoint-individual"
"Real 375","c","c2-horizontal-offset-row","__jog_75_a","__jog_75_b","J33BE0",2,9,25,NA,"waypoint-waypoint-individual"
"Real 375","c","c2-horizontal-offset-row","__jog_75_a","__jog_75_b","J8XZ81",2,9,25,NA,"waypoint-waypoint-individual"
"Real 375","c","c2-horizontal-offset-row","__jog_75_a","__jog_75_b","__dup_YPHFHF_1",2,9,25,NA,"waypoint-waypoint-duplicate"
"Real 375","c","c2-vertical","YPHFHF","__jog_80_a","__union_107",2,0,6,NA,"individual-waypoint-union"
"Real 375","c","c2-horizontal-offset-row","__jog_80_a","__jog_80_b","7KWRZK",2,9,25,NA,"waypoint-waypoint-individual"
"Real 375","c","c2-horizontal-offset-row","__jog_80_a","__jog_80_b","SQ908D",2,9,25,NA,"waypoint-waypoint-individual"
"Real 375","c","c2-horizontal-offset-row","__jog_80_a","__jog_80_b","Y1XZEW",2,9,25,NA,"waypoint-waypoint-individual"
"Real 375","c","c2-horizontal-offset-row","__jog_80_a","__jog_80_b","31UG06",2,9,25,NA,"waypoint-waypoint-individual"
"Real 375","c","c2-horizontal-offset-row","__jog_80_a","__jog_80_b","X20HK8",2,9,25,NA,"waypoint-waypoint-individual"
"Real 375","c","c2-horizontal-offset-row","__jog_80_a","__jog_80_b","WCPXHD",2,9,25,NA,"waypoint-waypoint-individual"
"Real 375","c","c2-horizontal-offset-row","__jog_80_a","__jog_80_b","1Y8P15",2,9,25,NA,"waypoint-waypoint-individual"
"Real 375","c","c2-horizontal-offset-row","__jog_80_a","__jog_80_b","GBGWZD",2,9,25,NA,"waypoint-waypoint-individual"
"Real 375","c","c2-horizontal-offset-row","__jog_80_a","__jog_80_b","XL7AVE",2,9,25,NA,"waypoint-waypoint-individual"
"Real 375","c","c2-horizontal-offset-row","__jog_80_a","__jog_80_b","B6IDBA",2,9,25,NA,"waypoint-waypoint-individual"
"Real 375","c","c2-horizontal-offset-row","__jog_80_a","__jog_80_b","A3UZAN",2,9,25,NA,"waypoint-waypoint-individual"
"Real 375","c","c2-horizontal-offset-row","__jog_80_a","__jog_80_b","8FLD1J",2,9,25,NA,"waypoint-waypoint-individual"
"Real 375","c","c2-horizontal-offset-row","__jog_80_a","__jog_80_b","DWFFZL",2,9,25,NA,"waypoint-waypoint-individual"
"Real 375","c","c2-horizontal-offset-row","__jog_80_a","__jog_80_b","__dup_4U7JTW_1",2,9,25,NA,"waypoint-waypoint-duplicate"
"Real 375","c","c2-horizontal-offset-row","__jog_80_a","__jog_80_b","__dup_CAN12C_1",2,9,25,NA,"waypoint-waypoint-duplicate"
"Real 375","c","c2-horizontal-offset-row","__jog_80_a","__jog_80_b","__dup_1W4GNT_1",2,9,25,NA,"waypoint-waypoint-duplicate"
"Real 375","c","c2-vertical","__jog_81_b","__union_134","B6IDBA",2,22.5,25,NA,"waypoint-union-individual"
"Real 375","c","c2-vertical","__jog_82_b","__union_135","YPHFHF",2,15,25,NA,"waypoint-union-individual"
"Real 375","c","c2-horizontal-offset-row","__jog_83_a","__jog_83_b","9C6NW8",2,18,25,NA,"waypoint-waypoint-individual"
"Real 375","c","c2-horizontal-offset-row","__jog_83_a","__jog_83_b","KCBMY9",2,18,25,NA,"waypoint-waypoint-individual"
"Real 375","c","c2-horizontal-offset-row","__jog_83_a","__jog_83_b","772Q3D",2,18,25,NA,"waypoint-waypoint-individual"
"Real 375","c","c2-horizontal-offset-row","__jog_83_a","__jog_83_b","DKDP5B",2,18,25,NA,"waypoint-waypoint-individual"
"Real 375","c","c2-horizontal-offset-row","__jog_83_a","__jog_83_b","DMI0QY",2,18,25,NA,"waypoint-waypoint-individual"
"Real 375","c","c2-horizontal-offset-row","__jog_83_a","__jog_83_b","WFGRY3",2,18,25,NA,"waypoint-waypoint-individual"
"Real 375","c","c2-horizontal-offset-row","__jog_83_a","__jog_83_b","CKFA4F",2,18,25,NA,"waypoint-waypoint-individual"
"Real 375","c","c2-horizontal-offset-row","__jog_83_a","__jog_83_b","7U5NJD",2,18,25,NA,"waypoint-waypoint-individual"
"Real 375","c","c2-horizontal-offset-row","__jog_83_a","__jog_83_b","DGLT2F",2,18,25,NA,"waypoint-waypoint-individual"
"Real 375","c","c2-horizontal-offset-row","__jog_83_a","__jog_83_b","9YJWKX",2,18,25,NA,"waypoint-waypoint-individual"
"Real 375","c","c2-horizontal-offset-row","__jog_83_a","__jog_83_b","L07M06",2,18,25,NA,"waypoint-waypoint-individual"
"Real 375","c","c2-horizontal-offset-row","__jog_83_a","__jog_83_b","270UK6",2,18,25,NA,"waypoint-waypoint-individual"
"Real 375","c","c2-horizontal-offset-row","__jog_83_a","__jog_83_b","J33BE0",2,18,25,NA,"waypoint-waypoint-individual"
"Real 375","c","c2-horizontal-offset-row","__jog_83_a","__jog_83_b","LUPGF8",2,18,25,NA,"waypoint-waypoint-individual"
"Real 375","c","c2-horizontal-offset-row","__jog_83_a","__jog_83_b","0B7XRI",2,18,25,NA,"waypoint-waypoint-individual"
"Real 375","c","c2-horizontal-offset-row","__jog_83_a","__jog_83_b","J8XZ81",2,18,25,NA,"waypoint-waypoint-individual"
"Real 375","c","c2-horizontal-offset-row","__jog_83_a","__jog_83_b","__dup_BYWXJB_1",2,18,25,NA,"waypoint-waypoint-duplicate"
"Real 375","c","c2-horizontal-offset-row","__jog_83_a","__jog_83_b","__dup_YPHFHF_2",2,18,25,NA,"waypoint-waypoint-duplicate"
"Real 375","c","c2-horizontal-offset-row","__jog_83_a","__jog_83_b","__dup_LUPGF8_1",2,18,25,NA,"waypoint-waypoint-duplicate"
"Real 375","c","c2-horizontal-offset-row","__jog_83_a","__jog_83_b","__dup_KCBMY9_1",2,18,25,NA,"waypoint-waypoint-duplicate"
"Real 375","c","c2-horizontal-offset-row","__jog_83_a","__jog_83_b","__dup_WDBGPF_3",2,18,25,NA,"waypoint-waypoint-duplicate"
"Real 375","c","c2-vertical","V1X2X3","__jog_89_a","__union_165",3,0,6,NA,"individual-waypoint-union"
"Real 375","c","c2-horizontal-offset-row","__jog_89_a","__jog_89_b","HWQS19",3,9,25,NA,"waypoint-waypoint-individual"
"Real 375","c","c2-horizontal-offset-row","__jog_89_a","__jog_89_b","PWY8IQ",3,9,25,NA,"waypoint-waypoint-individual"
"Real 375","c","c2-horizontal-offset-row","__jog_89_a","__jog_89_b","YJXSIZ",3,9,25,NA,"waypoint-waypoint-individual"
"Real 375","c","c2-horizontal-offset-row","__jog_89_a","__jog_89_b","H16XSK",3,9,25,NA,"waypoint-waypoint-individual"
"Real 375","c","c2-horizontal-offset-row","__jog_89_a","__jog_89_b","CSZ177",3,9,25,NA,"waypoint-waypoint-individual"
"Real 375","c","c2-horizontal-offset-row","__jog_89_a","__jog_89_b","EKP7IN",3,9,25,NA,"waypoint-waypoint-individual"
"Real 375","c","c2-horizontal-offset-row","__jog_89_a","__jog_89_b","73Z6NI",3,9,25,NA,"waypoint-waypoint-individual"
"Real 375","c","c2-horizontal-offset-row","__jog_89_a","__jog_89_b","KY4G8M",3,9,25,NA,"waypoint-waypoint-individual"
"Real 375","c","c2-horizontal-offset-row","__jog_89_a","__jog_89_b","6PQJV5",3,9,25,NA,"waypoint-waypoint-individual"
"Real 375","c","c2-horizontal-offset-row","__jog_89_a","__jog_89_b","BB0JP9",3,9,25,NA,"waypoint-waypoint-individual"
"Real 375","c","c2-horizontal-offset-row","__jog_89_a","__jog_89_b","9JC6RF",3,9,25,NA,"waypoint-waypoint-individual"
"Real 375","c","c2-horizontal-offset-row","__jog_89_a","__jog_89_b","6WG3MZ",3,9,25,NA,"waypoint-waypoint-individual"
"Real 375","c","c2-horizontal-offset-row","__jog_89_a","__jog_89_b","30YDZU",3,9,25,NA,"waypoint-waypoint-individual"
"Real 375","c","c2-horizontal-offset-row","__jog_89_a","__jog_89_b","__dup_7U5NJD_2",3,9,25,NA,"waypoint-waypoint-duplicate"
"Real 375","c","c2-horizontal-offset-row","__jog_89_a","__jog_89_b","__dup_CMJQGU_2",3,9,25,NA,"waypoint-waypoint-duplicate"
"Real 375","c","c2-horizontal-offset-row","__jog_89_a","__jog_89_b","__dup_SLN0TF_2",3,9,25,NA,"waypoint-waypoint-duplicate"
"Real 375","c","c2-vertical","__jog_90_b","__union_144","9JC6RF",3,22.5,25,NA,"waypoint-union-individual"
"Real 375","c","c2-horizontal-offset-row","__jog_91_a","__jog_91_b","PWY8IQ",3,18,25,NA,"waypoint-waypoint-individual"
"Real 375","c","c2-horizontal-offset-row","__jog_91_a","__jog_91_b","YJXSIZ",3,18,25,NA,"waypoint-waypoint-individual"
"Real 375","c","c2-horizontal-offset-row","__jog_91_a","__jog_91_b","H16XSK",3,18,25,NA,"waypoint-waypoint-individual"
"Real 375","c","c2-horizontal-offset-row","__jog_91_a","__jog_91_b","LLYLLX",3,18,25,NA,"waypoint-waypoint-individual"
"Real 375","c","c2-horizontal-offset-row","__jog_91_a","__jog_91_b","EKP7IN",3,18,25,NA,"waypoint-waypoint-individual"
"Real 375","c","c2-horizontal-offset-row","__jog_91_a","__jog_91_b","2FPL16",3,18,25,NA,"waypoint-waypoint-individual"
"Real 375","c","c2-horizontal-offset-row","__jog_91_a","__jog_91_b","3SG899",3,18,25,NA,"waypoint-waypoint-individual"
"Real 375","c","c2-horizontal-offset-row","__jog_91_a","__jog_91_b","H16EC4",3,18,25,NA,"waypoint-waypoint-individual"
"Real 375","c","c2-horizontal-offset-row","__jog_91_a","__jog_91_b","F2H56G",3,18,25,NA,"waypoint-waypoint-individual"
"Real 375","c","c2-horizontal-offset-row","__jog_91_a","__jog_91_b","81MJXH",3,18,25,NA,"waypoint-waypoint-individual"
"Real 375","c","c2-horizontal-offset-row","__jog_91_a","__jog_91_b","K9TMQP",3,18,25,NA,"waypoint-waypoint-individual"
"Real 375","c","c2-horizontal-offset-row","__jog_91_a","__jog_91_b","V1X2X3",3,18,25,NA,"waypoint-waypoint-individual"
"Real 375","c","c2-horizontal-offset-row","__jog_91_a","__jog_91_b","IRSC6X",3,18,25,NA,"waypoint-waypoint-individual"
"Real 375","c","c2-horizontal-offset-row","__jog_91_a","__jog_91_b","5LLJMI",3,18,25,NA,"waypoint-waypoint-individual"
"Real 375","c","c2-horizontal-offset-row","__jog_91_a","__jog_91_b","SXWVRI",3,18,25,NA,"waypoint-waypoint-individual"
"Real 375","c","c2-horizontal-offset-row","__jog_91_a","__jog_91_b","BB0JP9",3,18,25,NA,"waypoint-waypoint-individual"
"Real 375","c","c2-horizontal-offset-row","__jog_91_a","__jog_91_b","9JC6RF",3,18,25,NA,"waypoint-waypoint-individual"
"Real 375","c","c2-horizontal-offset-row","__jog_91_a","__jog_91_b","0P4BCQ",3,18,25,NA,"waypoint-waypoint-individual"
"Real 375","c","c2-horizontal-offset-row","__jog_91_a","__jog_91_b","6WG3MZ",3,18,25,NA,"waypoint-waypoint-individual"
"Real 375","c","c2-horizontal-offset-row","__jog_91_a","__jog_91_b","__dup_7U5NJD_2",3,18,25,NA,"waypoint-waypoint-duplicate"
"Real 375","c","c2-horizontal-offset-row","__jog_91_a","__jog_91_b","__dup_4U7JTW_2",3,18,25,NA,"waypoint-waypoint-duplicate"
"Real 375","c","c2-horizontal-offset-row","__jog_91_a","__jog_91_b","__dup_RYP77M_5",3,18,25,NA,"waypoint-waypoint-duplicate"
"Real 375","c","c2-vertical","__jog_92_b","__union_146","3SG899",3,0,25,NA,"waypoint-union-individual"
"Real 375","c","c2-vertical","3SG899","__jog_94_a","__union_146",3,0,6,NA,"individual-waypoint-union"
"Real 375","c","c2-vertical","IRSC6X","__jog_95_a","ZMMIM4",4,15,25,NA,"individual-waypoint-individual"
"Real 375","c","c2-vertical","__jog_95_b","__union_149","YJXSIZ",3,15,25,NA,"waypoint-union-individual"
"Real 375","c","c2-vertical","__jog_95_b","__union_149","__dup_7U5NJD_2",3,14.8800000000001,25,NA,"waypoint-union-duplicate"
"Real 375","c","c2-horizontal-offset-row","__jog_98_a","__jog_98_b","PUEUBL",3,9,25,NA,"waypoint-waypoint-individual"
"Real 375","c","c2-horizontal-offset-row","__jog_98_a","__jog_98_b","45YQV5",3,9,25,NA,"waypoint-waypoint-individual"
"Real 375","c","c2-horizontal-offset-row","__jog_98_a","__jog_98_b","__dup_M5DJVP_1",3,9,25,NA,"waypoint-waypoint-duplicate"
"Real 375","c","c2-horizontal-offset-row","__jog_98_a","__jog_98_b","__dup_9C6NW8_2",3,9,25,NA,"waypoint-waypoint-duplicate"
"Real 375","c","c2-horizontal-offset-row","__jog_98_a","__jog_98_b","__dup_Q00PB1_1",3,9,25,NA,"waypoint-waypoint-duplicate"
"Real 375","c","c2-vertical","H16XSK","__jog_106_a","ED5PDV",4,24,25,NA,"individual-waypoint-individual"
"Real 375","c","c2-horizontal-offset-row","__jog_106_a","__jog_106_b","8GSXTQ",4,24,25,NA,"waypoint-waypoint-individual"
"Real 375","c","c2-horizontal-offset-row","__jog_106_a","__jog_106_b","A7YLIQ",4,24,25,NA,"waypoint-waypoint-individual"
"Real 375","c","c2-horizontal-offset-row","__jog_106_a","__jog_106_b","P844CW",4,24,25,NA,"waypoint-waypoint-individual"
"Real 375","c","c2-horizontal-offset-row","__jog_106_a","__jog_106_b","IMF6BL",4,24,25,NA,"waypoint-waypoint-individual"
"Real 375","c","c2-horizontal-offset-row","__jog_106_a","__jog_106_b","ED5PDV",4,24,25,NA,"waypoint-waypoint-individual"
"Real 375","c","c2-horizontal-offset-row","__jog_106_a","__jog_106_b","__dup_B2U6J7_1",4,24,25,NA,"waypoint-waypoint-duplicate"
"Real 375","c","c2-vertical","__jog_106_b","__union_165","V1X2X3",3,0,25,NA,"waypoint-union-individual"
"Real 375","c","c2-vertical","__jog_107_b","__union_166","CSZ177",3,7.5,25,NA,"waypoint-union-individual"
"Real 375","c","c2-vertical","__jog_110_b","__union_169","__union_178",4,0,6,NA,"waypoint-union-union"
"Real 375","c","c2-vertical","__jog_114_b","__union_173","P844CW",4,15,25,NA,"waypoint-union-individual"
"Real 375","c","c2-vertical","__jog_115_b","__union_174","9PDPW7",4,0,25,NA,"waypoint-union-individual"
"Real 375","c","c2-vertical","__jog_117_b","__union_176","__dup_M5DJVP_2",4,7.6200000000008,25,NA,"waypoint-union-duplicate"
"Real 375","c","c2-vertical","__jog_119_b","__union_178","__union_169",4,0,6,NA,"waypoint-union-union"
"Real 375","c","c2-vertical","62PLX3","__jog_120_a","__dup_LUPGF8_3",4,0.240000000001601,25,NA,"individual-waypoint-duplicate"
"Real 375","c","c2-horizontal-offset-row","__jog_120_a","__jog_120_b","EFZPSL",4,18,25,NA,"waypoint-waypoint-individual"
"Real 375","c","c2-horizontal-offset-row","__jog_120_a","__jog_120_b","8NQX52",4,18,25,NA,"waypoint-waypoint-individual"
"Real 375","c","c2-horizontal-offset-row","__jog_120_a","__jog_120_b","QQ24T8",4,18,25,NA,"waypoint-waypoint-individual"
"Real 375","c","c2-horizontal-offset-row","__jog_120_a","__jog_120_b","4J6BKH",4,18,25,NA,"waypoint-waypoint-individual"
"Real 375","c","c2-horizontal-offset-row","__jog_120_a","__jog_120_b","E06FRB",4,18,25,NA,"waypoint-waypoint-individual"
"Real 375","c","c2-horizontal-offset-row","__jog_120_a","__jog_120_b","HV7LZ3",4,18,25,NA,"waypoint-waypoint-individual"
"Real 375","c","c2-horizontal-offset-row","__jog_120_a","__jog_120_b","__dup_JE4WD7_1",4,18,25,NA,"waypoint-waypoint-duplicate"
"Real 375","c","c2-horizontal-offset-row","__jog_120_a","__jog_120_b","__dup_ELGVC6_1",4,18,25,NA,"waypoint-waypoint-duplicate"
"Real 375","c","c2-horizontal-offset-row","__jog_120_a","__jog_120_b","__dup_LUPGF8_3",4,18.0015999288952,25,NA,"waypoint-waypoint-duplicate"
"Real 375","c","c2-horizontal-offset-row","__jog_120_a","__jog_120_b","__dup_LUPGF8_4",4,18,25,NA,"waypoint-waypoint-duplicate"
"Real 375","c","c2-vertical","__jog_122_b","__union_182","667KL7",4,7.5,25,NA,"waypoint-union-individual"
"Real 375","c","c2-vertical","__jog_125_b","__union_185","8GSXTQ",4,15,25,NA,"waypoint-union-individual"
"Real 375","c","c2-vertical","__jog_126_b","__union_186","SPHGC9",4,15,25,NA,"waypoint-union-individual"
"Real 375","c","c2-horizontal-offset-row","__jog_128_a","__jog_128_b","UZJGCD",4,18,25,NA,"waypoint-waypoint-individual"
"Real 375","c","c2-horizontal-offset-row","__jog_128_a","__jog_128_b","7WQYLL",4,18,25,NA,"waypoint-waypoint-individual"
"Real 375","c","c2-horizontal-offset-row","__jog_128_a","__jog_128_b","PHCADH",4,18,25,NA,"waypoint-waypoint-individual"
"Real 375","c","c2-horizontal-offset-row","__jog_128_a","__jog_128_b","YI7MWL",4,18,25,NA,"waypoint-waypoint-individual"
"Real 375","c","c2-horizontal-offset-row","__jog_128_a","__jog_128_b","5LG839",4,18,25,NA,"waypoint-waypoint-individual"
"Real 375","c","c2-horizontal-offset-row","__jog_128_a","__jog_128_b","I6M26L",4,18,25,NA,"waypoint-waypoint-individual"
"Real 375","c","c2-horizontal-offset-row","__jog_128_a","__jog_128_b","__dup_9C6NW8_3",4,18,25,NA,"waypoint-waypoint-duplicate"
"Real 375","c","c2-horizontal-offset-row","__jog_128_a","__jog_128_b","__dup_L07M06_1",4,18,25,NA,"waypoint-waypoint-duplicate"
"Real 375","c","c2-vertical","__jog_128_b","__union_188","__dup_9C6NW8_3",4,7.38000000000011,25,NA,"waypoint-union-duplicate"
"Real 375","c","c2-vertical","62PLX3","__jog_129_a","__dup_LUPGF8_3",4,0.240000000001601,25,NA,"individual-waypoint-duplicate"
"Real 375","c","c2-horizontal-offset-row","__jog_129_a","__jog_129_b","B2U6J7",4,18.0000999997222,25,NA,"waypoint-waypoint-individual"
"Real 375","c","c2-horizontal-offset-row","__jog_129_a","__jog_129_b","__dup_LUPGF8_3",4,18,25,NA,"waypoint-waypoint-duplicate"
"Real 375","c","c2-vertical","__jog_129_b","__union_189","B2U6J7",4,0.0600000000013097,25,NA,"waypoint-union-individual"
"Real 375","c","c2-vertical","T5S3BR","__jog_130_a","T6UQVX",5,24,25,NA,"individual-waypoint-individual"
"Real 375","c","c2-horizontal-offset-row","__jog_130_a","__jog_130_b","T6UQVX",5,24,25,NA,"waypoint-waypoint-individual"
"Real 375","c","c2-horizontal-offset-row","__jog_131_a","__jog_131_b","__dup_ELGVC6_1",4,9,25,NA,"waypoint-waypoint-duplicate"
"Real 375","c","c2-vertical","__jog_133_b","__union_193","J4ZDIU",4,0,25,NA,"waypoint-union-individual"
"Real 375","c","c2-vertical","PHCADH","__jog_134_a","__union_181",4,0,6,NA,"individual-waypoint-union"
"Real 375","c","c2-horizontal-offset-row","__jog_135_a","__jog_135_b","UZJGCD",4,9,25,NA,"waypoint-waypoint-individual"
"Real 375","c","c2-horizontal-offset-row","__jog_135_a","__jog_135_b","HJLX2B",4,9,25,NA,"waypoint-waypoint-individual"
"Real 375","c","c2-horizontal-offset-row","__jog_135_a","__jog_135_b","7WQYLL",4,9,25,NA,"waypoint-waypoint-individual"
"Real 375","c","c2-horizontal-offset-row","__jog_135_a","__jog_135_b","T5S3BR",4,9,25,NA,"waypoint-waypoint-individual"
"Real 375","c","c2-horizontal-offset-row","__jog_135_a","__jog_135_b","PHCADH",4,9,25,NA,"waypoint-waypoint-individual"
"Real 375","c","c2-horizontal-offset-row","__jog_135_a","__jog_135_b","YI7MWL",4,9,25,NA,"waypoint-waypoint-individual"
"Real 375","c","c2-horizontal-offset-row","__jog_135_a","__jog_135_b","1TGPDW",4,9,25,NA,"waypoint-waypoint-individual"
"Real 375","c","c2-horizontal-offset-row","__jog_135_a","__jog_135_b","667KL7",4,9,25,NA,"waypoint-waypoint-individual"
"Real 375","c","c2-horizontal-offset-row","__jog_135_a","__jog_135_b","5LG839",4,9,25,NA,"waypoint-waypoint-individual"
"Real 375","c","c2-horizontal-offset-row","__jog_135_a","__jog_135_b","I6M26L",4,9,25,NA,"waypoint-waypoint-individual"
"Real 375","c","c2-horizontal-offset-row","__jog_135_a","__jog_135_b","F3QIL7",4,9,25,NA,"waypoint-waypoint-individual"
"Real 375","c","c2-horizontal-offset-row","__jog_135_a","__jog_135_b","9LZVTE",4,9,25,NA,"waypoint-waypoint-individual"
"Real 375","c","c2-horizontal-offset-row","__jog_135_a","__jog_135_b","__dup_M5DJVP_2",4,9,25,NA,"waypoint-waypoint-duplicate"
"Real 375","c","c2-horizontal-offset-row","__jog_135_a","__jog_135_b","__dup_YPHFHF_3",4,9,25,NA,"waypoint-waypoint-duplicate"
"Real 375","c","c2-horizontal-offset-row","__jog_135_a","__jog_135_b","__dup_9C6NW8_3",4,9,25,NA,"waypoint-waypoint-duplicate"
"Real 375","c","c2-horizontal-offset-row","__jog_135_a","__jog_135_b","__dup_L07M06_1",4,9,25,NA,"waypoint-waypoint-duplicate"
"Real 375","c","c2-horizontal-offset-row","__jog_139_a","__jog_139_b","FIL6AB",5,9,25,NA,"waypoint-waypoint-individual"
"Real 375","c","c2-horizontal-offset-row","__jog_139_a","__jog_139_b","J85R4L",5,9,25,NA,"waypoint-waypoint-individual"
"Real 375","c","c2-horizontal-offset-row","__jog_139_a","__jog_139_b","NKNRU0",5,9,25,NA,"waypoint-waypoint-individual"
"Real 375","c","c2-horizontal-offset-row","__jog_139_a","__jog_139_b","F5M8IL",5,9,25,NA,"waypoint-waypoint-individual"
"Real 375","c","c2-horizontal-offset-row","__jog_139_a","__jog_139_b","VTZFWZ",5,9,25,NA,"waypoint-waypoint-individual"
"Real 375","c","c2-horizontal-offset-row","__jog_139_a","__jog_139_b","P9RX04",5,9,25,NA,"waypoint-waypoint-individual"
"Real 375","c","c2-horizontal-offset-row","__jog_139_a","__jog_139_b","__dup_9JC6RF_1",5,9,25,NA,"waypoint-waypoint-duplicate"
"Real 375","c","c2-horizontal-offset-row","__jog_139_a","__jog_139_b","__dup_SPHGC9_1",5,9,25,NA,"waypoint-waypoint-duplicate"
"Real 375","c","c2-vertical","__jog_139_b","__union_200","__dup_9JC6RF_1",5,22.3799999999997,25,NA,"waypoint-union-duplicate"
"Real 375","c","c2-horizontal-offset-row","__jog_140_a","__jog_140_b","0BNY0G",6,3,25,NA,"waypoint-waypoint-individual"
"Real 375","c","c2-horizontal-offset-row","__jog_140_a","__jog_140_b","__dup_7WQYLL_2",6,3,25,NA,"waypoint-waypoint-duplicate"
"Real 375","c","c2-horizontal-offset-row","__jog_140_a","__jog_140_b","__union_219",6,3,6,NA,"waypoint-waypoint-union"
"Real 375","c","c2-horizontal-offset-row","__jog_140_a","__jog_140_b","__union_227",6,3,6,NA,"waypoint-waypoint-union"
"Real 375","c","c2-horizontal-offset-row","__jog_140_a","__jog_140_b","__union_233",6,3,6,NA,"waypoint-waypoint-union"
"Real 375","c","c2-vertical","__jog_140_b","__union_201","7VEH10",5,15,25,NA,"waypoint-union-individual"
"Real 375","c","c2-vertical","__jog_142_b","__union_203","__dup_81MJXH_1",5,7.6200000000008,25,NA,"waypoint-union-duplicate"
"Real 375","c","c2-vertical","__jog_144_b","__union_205","LT00CV",5,7.5,25,NA,"waypoint-union-individual"
"Real 375","c","c2-vertical","__jog_145_b","__union_206","NKNRU0",5,22.5,25,NA,"waypoint-union-individual"
"Real 375","c","c2-vertical","__jog_146_b","__union_207","97D38B",5,7.5,25,NA,"waypoint-union-individual"
"Real 375","c","c2-horizontal-offset-row","__jog_147_a","__jog_147_b","FIL6AB",5,18,25,NA,"waypoint-waypoint-individual"
"Real 375","c","c2-horizontal-offset-row","__jog_147_a","__jog_147_b","23T5N2",5,18,25,NA,"waypoint-waypoint-individual"
"Real 375","c","c2-horizontal-offset-row","__jog_147_a","__jog_147_b","J85R4L",5,18,25,NA,"waypoint-waypoint-individual"
"Real 375","c","c2-horizontal-offset-row","__jog_147_a","__jog_147_b","NKNRU0",5,18,25,NA,"waypoint-waypoint-individual"
"Real 375","c","c2-horizontal-offset-row","__jog_147_a","__jog_147_b","97D38B",5,18,25,NA,"waypoint-waypoint-individual"
"Real 375","c","c2-horizontal-offset-row","__jog_147_a","__jog_147_b","VTZFWZ",5,18,25,NA,"waypoint-waypoint-individual"
"Real 375","c","c2-horizontal-offset-row","__jog_147_a","__jog_147_b","P9RX04",5,18,25,NA,"waypoint-waypoint-individual"
"Real 375","c","c2-horizontal-offset-row","__jog_147_a","__jog_147_b","__dup_9JC6RF_1",5,18,25,NA,"waypoint-waypoint-duplicate"
"Real 375","c","c2-horizontal-offset-row","__jog_147_a","__jog_147_b","__dup_SPHGC9_1",5,18,25,NA,"waypoint-waypoint-duplicate"
"Real 375","c","c2-horizontal-offset-row","__jog_147_a","__jog_147_b","__dup_8GSXTQ_1",5,18,25,NA,"waypoint-waypoint-duplicate"
"Real 375","c","c2-horizontal-offset-row","__jog_147_a","__jog_147_b","__dup_81MJXH_1",5,18,25,NA,"waypoint-waypoint-duplicate"
"Real 375","c","c2-horizontal-offset-row","__jog_148_a","__jog_148_b","SBKELE",5,9,25,NA,"waypoint-waypoint-individual"
"Real 375","c","c2-horizontal-offset-row","__jog_148_a","__jog_148_b","HH66K6",5,9,25,NA,"waypoint-waypoint-individual"
"Real 375","c","c2-horizontal-offset-row","__jog_148_a","__jog_148_b","3RYHBP",5,9,25,NA,"waypoint-waypoint-individual"
"Real 375","c","c2-horizontal-offset-row","__jog_148_a","__jog_148_b","GZFGFQ",5,9,25,NA,"waypoint-waypoint-individual"
"Real 375","c","c2-horizontal-offset-row","__jog_148_a","__jog_148_b","FWL00Q",5,9,25,NA,"waypoint-waypoint-individual"
"Real 375","c","c2-horizontal-offset-row","__jog_148_a","__jog_148_b","GBLFXN",5,9,25,NA,"waypoint-waypoint-individual"
"Real 375","c","c2-horizontal-offset-row","__jog_148_a","__jog_148_b","2EHR2W",5,9,25,NA,"waypoint-waypoint-individual"
"Real 375","c","c2-horizontal-offset-row","__jog_148_a","__jog_148_b","MQ0ZWN",5,9,25,NA,"waypoint-waypoint-individual"
"Real 375","c","c2-horizontal-offset-row","__jog_148_a","__jog_148_b","__dup_FIL6AB_1",5,9,25,NA,"waypoint-waypoint-duplicate"
"Real 375","c","c2-vertical","__jog_148_b","__union_209","GBLFXN",5,0,25,NA,"waypoint-union-individual"
"Real 375","c","c2-vertical","4R7L88","__jog_149_a","RK53PX",6,24,25,NA,"individual-waypoint-individual"
"Real 375","c","c2-horizontal-offset-row","__jog_152_a","__jog_152_b","SBKELE",5,18,25,NA,"waypoint-waypoint-individual"
"Real 375","c","c2-horizontal-offset-row","__jog_152_a","__jog_152_b","HH66K6",5,18,25,NA,"waypoint-waypoint-individual"
"Real 375","c","c2-horizontal-offset-row","__jog_152_a","__jog_152_b","FWL00Q",5,18,25,NA,"waypoint-waypoint-individual"
"Real 375","c","c2-horizontal-offset-row","__jog_152_a","__jog_152_b","MQ0ZWN",5,18,25,NA,"waypoint-waypoint-individual"
"Real 375","c","c2-horizontal-offset-row","__jog_152_a","__jog_152_b","__dup_FIL6AB_1",5,18,25,NA,"waypoint-waypoint-duplicate"
"Real 375","c","c2-horizontal-offset-row","__jog_154_a","__jog_154_b","YY7782",5,18,25,NA,"waypoint-waypoint-individual"
"Real 375","c","c2-horizontal-offset-row","__jog_155_a","__jog_155_b","23T5N2",5,9,25,NA,"waypoint-waypoint-individual"
"Real 375","c","c2-horizontal-offset-row","__jog_155_a","__jog_155_b","ZHVYYN",5,9,25,NA,"waypoint-waypoint-individual"
"Real 375","c","c2-horizontal-offset-row","__jog_155_a","__jog_155_b","7VEH10",5,9,25,NA,"waypoint-waypoint-individual"
"Real 375","c","c2-horizontal-offset-row","__jog_155_a","__jog_155_b","97D38B",5,9,25,NA,"waypoint-waypoint-individual"
"Real 375","c","c2-horizontal-offset-row","__jog_155_a","__jog_155_b","T6UQVX",5,9,25,NA,"waypoint-waypoint-individual"
"Real 375","c","c2-horizontal-offset-row","__jog_155_a","__jog_155_b","__dup_8GSXTQ_1",5,9,25,NA,"waypoint-waypoint-duplicate"
"Real 375","c","c2-horizontal-offset-row","__jog_155_a","__jog_155_b","__dup_81MJXH_1",5,9,25,NA,"waypoint-waypoint-duplicate"
"Real 375","c","c2-vertical","GBLFXN","__jog_157_a","__union_209",5,0,6,NA,"individual-waypoint-union"
"Real 375","c","c2-horizontal-offset-row","__jog_157_a","__jog_157_b","TXIF7D",5,9,25,NA,"waypoint-waypoint-individual"
"Real 375","c","c2-horizontal-offset-row","__jog_157_a","__jog_157_b","LT00CV",5,9,25,NA,"waypoint-waypoint-individual"
"Real 375","c","c2-horizontal-offset-row","__jog_157_a","__jog_157_b","4R7L88",5,9,25,NA,"waypoint-waypoint-individual"
"Real 375","c","c2-horizontal-offset-row","__jog_157_a","__jog_157_b","__dup_FIL6AB_3",5,22.1690685415515,25,NA,"waypoint-waypoint-duplicate"
"Real 375","c","c2-horizontal-offset-row","__jog_157_a","__jog_157_b","__dup_F5M8IL_1",5,9,25,NA,"waypoint-waypoint-duplicate"
"Real 375","c","c2-vertical","__jog_157_b","__union_218","__dup_FIL6AB_3",5,20.2600000000002,25,NA,"waypoint-union-duplicate"
"Real 375","c","c2-horizontal-offset-row","__jog_161_a","__jog_161_b","2DA5K8",6,18,25,NA,"waypoint-waypoint-individual"
"Real 375","c","c2-horizontal-offset-row","__jog_161_a","__jog_161_b","ZPVN1V",6,18,25,NA,"waypoint-waypoint-individual"
"Real 375","c","c2-horizontal-offset-row","__jog_161_a","__jog_161_b","8W81GT",6,18,25,NA,"waypoint-waypoint-individual"
"Real 375","c","c2-horizontal-offset-row","__jog_162_a","__jog_162_b","E01N02",6,9,25,NA,"waypoint-waypoint-individual"
"Real 375","c","c2-horizontal-offset-row","__jog_162_a","__jog_162_b","__dup_7WQYLL_1",6,9.27456737535509,25,NA,"waypoint-waypoint-duplicate"
"Real 375","c","c2-horizontal-offset-row","__jog_172_a","__jog_172_b","LVK7AI",6,18,25,NA,"waypoint-waypoint-individual"
"Real 375","c","c2-horizontal-offset-row","__jog_172_a","__jog_172_b","JR9YMU",6,18,25,NA,"waypoint-waypoint-individual"
"Real 375","c","c2-horizontal-offset-row","__jog_172_a","__jog_172_b","T8EB3B",6,18,25,NA,"waypoint-waypoint-individual"
"Real 375","c","c2-horizontal-offset-row","__jog_172_a","__jog_172_b","J1SX9Q",6,18,25,NA,"waypoint-waypoint-individual"
"Real 375","c","c2-horizontal-offset-row","__jog_172_a","__jog_172_b","0BNY0G",6,18,25,NA,"waypoint-waypoint-individual"
"Real 375","c","c2-horizontal-offset-row","__jog_172_a","__jog_172_b","K1HTZ8",6,18,25,NA,"waypoint-waypoint-individual"
"Real 375","c","c2-horizontal-offset-row","__jog_172_a","__jog_172_b","RR1711",6,18,25,NA,"waypoint-waypoint-individual"
"Real 375","c","c2-horizontal-offset-row","__jog_172_a","__jog_172_b","ZP1T7Z",6,18,25,NA,"waypoint-waypoint-individual"
"Real 375","c","c2-horizontal-offset-row","__jog_172_a","__jog_172_b","__dup_7WQYLL_1",6,18,25,NA,"waypoint-waypoint-duplicate"
"Real 375","c","c2-horizontal-offset-row","__jog_172_a","__jog_172_b","__dup_7WQYLL_2",6,18,25,NA,"waypoint-waypoint-duplicate"
"Real 375","c","c2-horizontal-offset-row","__jog_172_a","__jog_172_b","__dup_8GSXTQ_2",6,18,25,NA,"waypoint-waypoint-duplicate"
"Real 375","c","c2-horizontal-offset-row","__jog_172_a","__jog_172_b","__dup_A7YLIQ_1",6,18,25,NA,"waypoint-waypoint-duplicate"
"Real 375","c","c2-horizontal-offset-row","__jog_174_a","__jog_174_b","WW4JIT",7,9,25,NA,"waypoint-waypoint-individual"
"Real 375","c","c2-horizontal-offset-row","__jog_174_a","__jog_174_b","LDTVKR",7,9,25,NA,"waypoint-waypoint-individual"
"Real 375","c","c2-horizontal-offset-row","__jog_174_a","__jog_174_b","FHHNGA",7,9,25,NA,"waypoint-waypoint-individual"
"Real 375","c","c2-horizontal-offset-row","__jog_174_a","__jog_174_b","W7AVCH",7,9,25,NA,"waypoint-waypoint-individual"
"Real 375","c","c2-horizontal-offset-row","__jog_174_a","__jog_174_b","__dup_HH66K6_1",7,9,25,NA,"waypoint-waypoint-duplicate"
"Real 375","c","c2-horizontal-offset-row","__jog_175_a","__jog_175_b","LDTVKR",7,18,25,NA,"waypoint-waypoint-individual"
"Real 375","c","c2-horizontal-offset-row","__jog_175_a","__jog_175_b","__dup_HH66K6_1",7,18,25,NA,"waypoint-waypoint-duplicate"
"Real 375","c","c2-horizontal-offset-row","__jog_176_a","__jog_176_b","WS6D1B",0,13.5,25,NA,"waypoint-waypoint-individual"
"Real 375","c","c2-vertical","__jog_176_b","__union_2","__union_6",0,0,6,NA,"waypoint-union-union"
"Real 375","c","c2-horizontal-offset-row","__jog_177_a","__jog_177_b","83U0EX",0,13.5,25,NA,"waypoint-waypoint-individual"
"Real 375","c","c2-vertical","__jog_177_b","__union_4","__union_5",0,0,6,NA,"waypoint-union-union"
"Real 375","c","c2-horizontal-offset-row","__jog_178_a","__jog_178_b","E2D59U",0,13.5,25,NA,"waypoint-waypoint-individual"
"Real 375","c","c2-vertical","__jog_178_b","__union_8","__dup_QWUKUY_2",0,22.7600000000002,25,NA,"waypoint-union-duplicate"
"Real 375","c","c2-vertical","WDBGPF","__jog_179_a","__union_23",0,0.119999999999891,6,NA,"individual-waypoint-union"
"Real 375","c","c2-vertical","WDBGPF","__jog_179_a","__union_46",0,0.119999999999891,6,NA,"individual-waypoint-union"
"Real 375","c","c2-vertical","__jog_179_b","__union_9","TTE0Z7",0,0.0600000000004002,25,NA,"waypoint-union-individual"
"Real 375","c","c2-horizontal-offset-row","__jog_180_a","__jog_180_b","1ZERVB",0,13.5,25,NA,"waypoint-waypoint-individual"
"Real 375","c","c2-vertical","__jog_180_b","__union_10","1ZERVB",0,0,25,NA,"waypoint-union-individual"
"Real 375","c","c2-vertical","__dup_IP1TGT_1","__jog_181_a","__union_21",0,2.2400000000016,6,NA,"duplicate-waypoint-union"
"Real 375","c","c2-horizontal-offset-row","__jog_182_a","__jog_182_b","IX0KKP",0,13.5,25,NA,"waypoint-waypoint-individual"
"Real 375","c","c2-vertical","UCXEK5","__jog_183_a","__union_39",0,0.0599999999999454,6,NA,"individual-waypoint-union"
"Real 375","c","c2-vertical","__jog_183_b","__union_14","7NBKWE",0,0.120000000000118,25,NA,"waypoint-union-individual"
"Real 375","c","c2-vertical","__jog_184_b","__union_16","QWUKUY",0,9.9399999999996,25,NA,"waypoint-union-individual"
"Real 375","c","c2-vertical","__jog_184_b","__union_16","__union_53",0,0.0600000000004002,6,NA,"waypoint-union-union"
"Real 375","c","c2-horizontal-offset-row","__jog_185_a","__jog_185_b","RXPJPP",0,13.5,25,NA,"waypoint-waypoint-individual"
"Real 375","c","c2-vertical","7NBKWE","__jog_186_a","__union_14",0,0.120000000000118,6,NA,"individual-waypoint-union"
"Real 375","c","c2-horizontal-offset-row","__jog_188_a","__jog_188_b","LVP52A",0,13.5,25,NA,"waypoint-waypoint-individual"
"Real 375","c","c2-horizontal-offset-row","__jog_189_a","__jog_189_b","__dup_IP1TGT_1",0,13.5,25,NA,"waypoint-waypoint-duplicate"
"Real 375","c","c2-vertical","__jog_189_b","__union_21","__dup_IP1TGT_1",0,2.2400000000016,25,NA,"waypoint-union-duplicate"
"Real 375","c","c2-horizontal-offset-row","__jog_190_a","__jog_190_b","7U5H8G",0,13.5,25,NA,"waypoint-waypoint-individual"
"Real 375","c","c2-vertical","ULQFEZ","__jog_191_a","__dup_MY1AEU_2",0,0.119999999999891,25,NA,"individual-waypoint-duplicate"
"Real 375","c","c2-horizontal-offset-row","__jog_191_a","__jog_191_b","TTE0Z7",0,13.5,25,NA,"waypoint-waypoint-individual"
"Real 375","c","c2-horizontal-offset-row","__jog_191_a","__jog_191_b","IP1TGT",0,13.5,25,NA,"waypoint-waypoint-individual"
"Real 375","c","c2-horizontal-offset-row","__jog_191_a","__jog_191_b","WDBGPF",0,13.5005333227988,25,NA,"waypoint-waypoint-individual"
"Real 375","c","c2-horizontal-offset-row","__jog_191_a","__jog_191_b","__dup_MY1AEU_2",0,13.5,25,NA,"waypoint-waypoint-duplicate"
"Real 375","c","c2-vertical","__jog_191_b","__union_23","WDBGPF",0,0.119999999999891,25,NA,"waypoint-union-individual"
"Real 375","c","c2-vertical","__jog_191_b","__union_23","__union_46",0,0,6,NA,"waypoint-union-union"
"Real 375","c","c2-horizontal-offset-row","__jog_192_a","__jog_192_b","KWKJXQ",0,13.5,25,NA,"waypoint-waypoint-individual"
"Real 375","c","c2-horizontal-offset-row","__jog_193_a","__jog_193_b","UYZ1DD",0,13.5,25,NA,"waypoint-waypoint-individual"
"Real 375","c","c2-horizontal-offset-row","__jog_194_a","__jog_194_b","DPUHBA",0,13.5,25,NA,"waypoint-waypoint-individual"
"Real 375","c","c2-horizontal-offset-row","__jog_195_a","__jog_195_b","A3A34I",0,13.5,25,NA,"waypoint-waypoint-individual"
"Real 375","c","c2-horizontal-offset-row","__jog_195_a","__jog_195_b","RD3WB2",0,13.5,25,NA,"waypoint-waypoint-individual"
"Real 375","c","c2-vertical","__jog_195_b","__union_28","RD3WB2",0,0,25,NA,"waypoint-union-individual"
"Real 375","c","c2-horizontal-offset-row","__jog_196_a","__jog_196_b","0FKJ81",0,13.5,25,NA,"waypoint-waypoint-individual"
"Real 375","c","c2-vertical","__jog_196_b","__union_32","0FKJ81",0,0,25,NA,"waypoint-union-individual"
"Real 375","c","c2-horizontal-offset-row","__jog_197_a","__jog_197_b","L2I39Y",0,13.5,25,NA,"waypoint-waypoint-individual"
"Real 375","c","c2-horizontal-offset-row","__jog_198_a","__jog_198_b","C3V2V6",0,13.5,25,NA,"waypoint-waypoint-individual"
"Real 375","c","c2-vertical","__dup_WDBGPF_2","__jog_199_a","EZ97J5",0,2,25,NA,"duplicate-waypoint-individual"
"Real 375","c","c2-horizontal-offset-row","__jog_199_a","__jog_199_b","EZ97J5",0,13.5,25,NA,"waypoint-waypoint-individual"
"Real 375","c","c2-horizontal-offset-row","__jog_199_a","__jog_199_b","UTU9S7",0,17.414074767268,25,NA,"waypoint-waypoint-individual"
"Real 375","c","c2-vertical","__jog_199_b","__union_36","UTU9S7",0,11,25,NA,"waypoint-union-individual"
"Real 375","c","c2-horizontal-offset-row","__jog_200_a","__jog_200_b","G8EBU9",0,13.5,25,NA,"waypoint-waypoint-individual"
"Real 375","c","c2-horizontal-offset-row","__jog_202_a","__jog_202_b","C3IFT0",0,13.5,25,NA,"waypoint-waypoint-individual"
"Real 375","c","c2-horizontal-offset-row","__jog_202_a","__jog_202_b","7NBKWE",0,13.5,25,NA,"waypoint-waypoint-individual"
"Real 375","c","c2-horizontal-offset-row","__jog_202_a","__jog_202_b","UCXEK5",0,13.5001333326749,25,NA,"waypoint-waypoint-individual"
"Real 375","c","c2-vertical","__jog_202_b","__union_39","UCXEK5",0,0.0599999999999454,25,NA,"waypoint-union-individual"
"Real 375","c","c2-horizontal-offset-row","__jog_203_a","__jog_203_b","C1BAND",0,13.5,25,NA,"waypoint-waypoint-individual"
"Real 375","c","c2-vertical","__dup_1X40V5_1","__jog_204_a","__union_51",0,2.11999999999898,6,NA,"duplicate-waypoint-union"
"Real 375","c","c2-horizontal-offset-row","__jog_204_a","__jog_204_b","ESZ6I3",0,13.5,25,NA,"waypoint-waypoint-individual"
"Real 375","c","c2-horizontal-offset-row","__jog_205_a","__jog_205_b","IYYFP6",0,13.5,25,NA,"waypoint-waypoint-individual"
"Real 375","c","c2-horizontal-offset-row","__jog_207_a","__jog_207_b","D8FYZV",0,24.1298570240281,25,NA,"waypoint-waypoint-individual"
"Real 375","c","c2-horizontal-offset-row","__jog_207_a","__jog_207_b","ZK6NM2",0,13.5,25,NA,"waypoint-waypoint-individual"
"Real 375","c","c2-vertical","__jog_207_b","__union_45","D8FYZV",0,20.0000000000009,25,NA,"waypoint-union-individual"
"Real 375","c","c2-vertical","TTE0Z7","__jog_208_a","__union_9",0,0.0600000000004002,6,NA,"individual-waypoint-union"
"Real 375","c","c2-vertical","__jog_208_b","__union_46","WDBGPF",0,0.119999999999891,25,NA,"waypoint-union-individual"
"Real 375","c","c2-vertical","__jog_208_b","__union_46","__union_23",0,0,6,NA,"waypoint-union-union"
"Real 375","c","c2-vertical","__jog_209_b","__union_48","CMJQGU",0,10,25,NA,"waypoint-union-individual"
"Real 375","c","c2-vertical","__jog_209_b","__union_48","__union_50",0,0.0600000000004002,6,NA,"waypoint-union-union"
"Real 375","c","c2-vertical","__dup_I8ABQE_1","__jog_210_a","5GQC24",0,0.119999999999891,25,NA,"duplicate-waypoint-individual"
"Real 375","c","c2-vertical","__dup_MY1AEU_2","__jog_211_a","ULQFEZ",0,0.119999999999891,25,NA,"duplicate-waypoint-individual"
"Real 375","c","c2-vertical","__jog_211_b","__union_50","CMJQGU",0,9.9399999999996,25,NA,"waypoint-union-individual"
"Real 375","c","c2-vertical","__jog_211_b","__union_50","__union_48",0,0.0600000000004002,6,NA,"waypoint-union-union"
"Real 375","c","c2-vertical","__dup_MY1AEU_3","__jog_212_a","Y7IUMX",0,19.7599999999984,25,NA,"duplicate-waypoint-individual"
"Real 375","c","c2-vertical","__dup_MY1AEU_3","__jog_212_a","RJHF0G",0,0.239999999999782,25,NA,"duplicate-waypoint-individual"
"Real 375","c","c2-vertical","__jog_212_b","__union_51","__dup_1X40V5_1",0,2.11999999999898,25,NA,"waypoint-union-duplicate"
"Real 375","c","c2-vertical","RD3WB2","__jog_213_a","__union_28",0,0,6,NA,"individual-waypoint-union"
"Real 375","c","c2-horizontal-offset-row","__jog_213_a","__jog_213_b","BM40IX",0,13.5,25,NA,"waypoint-waypoint-individual"
"Real 375","c","c2-horizontal-offset-row","__jog_213_a","__jog_213_b","__dup_28XSME_1",0,13.5,25,NA,"waypoint-waypoint-duplicate"
"Real 375","c","c2-vertical","__jog_214_b","__union_53","QWUKUY",0,10,25,NA,"waypoint-union-individual"
"Real 375","c","c2-vertical","__jog_214_b","__union_53","__union_16",0,0.0600000000004002,6,NA,"waypoint-union-union"
"Real 375","c","c2-vertical","__jog_218_b","__union_63","8P17E3",1,9.82000000000016,25,NA,"waypoint-union-individual"
"Real 375","c","c2-vertical","__jog_220_b","__union_65","P4KR40",1,15,25,NA,"waypoint-union-individual"
"Real 375","c","c2-vertical","__jog_221_b","__union_66","8LWCAD",1,15,25,NA,"waypoint-union-individual"
"Real 375","c","c2-vertical","__dup_RYP77M_1","__jog_222_a","__union_79",1,2.23999999999978,6,NA,"duplicate-waypoint-union"
"Real 375","c","c2-vertical","__jog_222_b","__union_67","D0Z114",1,0,25,NA,"waypoint-union-individual"
"Real 375","c","c2-vertical","__jog_223_b","__union_68","HKTQ40",1,19.8200000000006,25,NA,"waypoint-union-individual"
"Real 375","c","c2-vertical","__jog_224_b","__union_70","__dup_RYP77M_4",1,17.119999999999,25,NA,"waypoint-union-duplicate"
"Real 375","c","c2-vertical","__jog_225_b","__union_72","__dup_D8FYZV_3",1,22.3799999999992,25,NA,"waypoint-union-duplicate"
"Real 375","c","c2-vertical","__dup_1X40V5_2","__jog_226_a","__dup_L31S6S_5",1,4.1200000000008,25,NA,"duplicate-waypoint-duplicate"
"Real 375","c","c2-vertical","__jog_226_b","__union_73","__union_100",1,2.05999999999949,6,NA,"waypoint-union-union"
"Real 375","c","c2-vertical","__dup_C6E1D9_1","__jog_227_a","__union_80",1,2.17999999999938,6,NA,"duplicate-waypoint-union"
"Real 375","c","c2-vertical","JB7EW2","__jog_229_a","__union_83",1,0.119999999999891,6,NA,"individual-waypoint-union"
"Real 375","c","c2-vertical","__jog_229_b","__union_77","XEE9GT",1,0.0600000000004002,25,NA,"waypoint-union-individual"
"Real 375","c","c2-vertical","__dup_RYP77M_2","__jog_230_a","__union_87",1,2.11999999999898,6,NA,"duplicate-waypoint-union"
"Real 375","c","c2-vertical","__jog_230_b","__union_78","__dup_E2D59U_1",1,17,25,NA,"waypoint-union-duplicate"
"Real 375","c","c2-vertical","__jog_231_b","__union_79","__dup_RYP77M_1",1,2.23999999999978,25,NA,"waypoint-union-duplicate"
"Real 375","c","c2-vertical","__jog_232_b","__union_80","__dup_C6E1D9_1",1,2.17999999999938,25,NA,"waypoint-union-duplicate"
"Real 375","c","c2-vertical","__dup_CMJQGU_1","__jog_233_a","__union_88",1,0.119999999999891,6,NA,"duplicate-waypoint-union"
"Real 375","c","c2-vertical","XEE9GT","__jog_234_a","__union_77",1,0.0600000000004002,6,NA,"individual-waypoint-union"
"Real 375","c","c2-vertical","__jog_234_b","__union_83","JB7EW2",1,0.119999999999891,25,NA,"waypoint-union-individual"
"Real 375","c","c2-horizontal-offset-row","__jog_235_a","__jog_235_b","8P17E3",1,9,25,NA,"waypoint-waypoint-individual"
"Real 375","c","c2-horizontal-offset-row","__jog_235_a","__jog_235_b","KK1QYR",1,9,25,NA,"waypoint-waypoint-individual"
"Real 375","c","c2-horizontal-offset-row","__jog_235_a","__jog_235_b","HKTQ40",1,9,25,NA,"waypoint-waypoint-individual"
"Real 375","c","c2-horizontal-offset-row","__jog_235_a","__jog_235_b","KS2ZNP",1,9,25,NA,"waypoint-waypoint-individual"
"Real 375","c","c2-horizontal-offset-row","__jog_235_a","__jog_235_b","6MGJYG",1,9,25,NA,"waypoint-waypoint-individual"
"Real 375","c","c2-horizontal-offset-row","__jog_235_a","__jog_235_b","IQLWH8",1,9,25,NA,"waypoint-waypoint-individual"
"Real 375","c","c2-horizontal-offset-row","__jog_235_a","__jog_235_b","R4V1JU",1,9,25,NA,"waypoint-waypoint-individual"
"Real 375","c","c2-horizontal-offset-row","__jog_235_a","__jog_235_b","3CLMPL",1,9,25,NA,"waypoint-waypoint-individual"
"Real 375","c","c2-horizontal-offset-row","__jog_235_a","__jog_235_b","8LKBV9",1,9,25,NA,"waypoint-waypoint-individual"
"Real 375","c","c2-horizontal-offset-row","__jog_235_a","__jog_235_b","5LDNWE",1,9,25,NA,"waypoint-waypoint-individual"
"Real 375","c","c2-horizontal-offset-row","__jog_235_a","__jog_235_b","L81S8M",1,9,25,NA,"waypoint-waypoint-individual"
"Real 375","c","c2-horizontal-offset-row","__jog_235_a","__jog_235_b","R0VAQP",1,9,25,NA,"waypoint-waypoint-individual"
"Real 375","c","c2-horizontal-offset-row","__jog_235_a","__jog_235_b","P4KR40",1,9,25,NA,"waypoint-waypoint-individual"
"Real 375","c","c2-horizontal-offset-row","__jog_235_a","__jog_235_b","MK90CB",1,9,25,NA,"waypoint-waypoint-individual"
"Real 375","c","c2-horizontal-offset-row","__jog_235_a","__jog_235_b","VRSDUM",1,9,25,NA,"waypoint-waypoint-individual"
"Real 375","c","c2-horizontal-offset-row","__jog_235_a","__jog_235_b","8UE4L3",1,9,25,NA,"waypoint-waypoint-individual"
"Real 375","c","c2-horizontal-offset-row","__jog_235_a","__jog_235_b","__dup_D8FYZV_1",1,9,25,NA,"waypoint-waypoint-duplicate"
"Real 375","c","c2-horizontal-offset-row","__jog_235_a","__jog_235_b","__dup_G8EBU9_1",1,9,25,NA,"waypoint-waypoint-duplicate"
"Real 375","c","c2-horizontal-offset-row","__jog_235_a","__jog_235_b","__dup_D8FYZV_2",1,9,25,NA,"waypoint-waypoint-duplicate"
"Real 375","c","c2-horizontal-offset-row","__jog_235_a","__jog_235_b","__dup_MY1AEU_4",1,9,25,NA,"waypoint-waypoint-duplicate"
"Real 375","c","c2-horizontal-offset-row","__jog_236_a","__jog_236_b","37FSQA",1,9,25,NA,"waypoint-waypoint-individual"
"Real 375","c","c2-vertical","__jog_237_b","__union_88","__dup_CMJQGU_1",1,0.119999999999891,25,NA,"waypoint-union-duplicate"
"Real 375","c","c2-horizontal-offset-row","__jog_238_a","__jog_238_b","BH6ZQK",1,18,25,NA,"waypoint-waypoint-individual"
"Real 375","c","c2-horizontal-offset-row","__jog_238_a","__jog_238_b","__dup_SLN0TF_1",1,18,25,NA,"waypoint-waypoint-duplicate"
"Real 375","c","c2-vertical","__dup_SLN0TF_1","__jog_239_a","BH6ZQK",1,0.119999999999891,25,NA,"duplicate-waypoint-individual"
"Real 375","c","c2-horizontal-offset-row","__jog_242_a","__jog_242_b","KNIBZ7",1,9,25,NA,"waypoint-waypoint-individual"
"Real 375","c","c2-horizontal-offset-row","__jog_244_a","__jog_244_b","BYWXJB",1,9,25,NA,"waypoint-waypoint-individual"
"Real 375","c","c2-horizontal-offset-row","__jog_246_a","__jog_246_b","VRSDUM",1,18,25,NA,"waypoint-waypoint-individual"
"Real 375","c","c2-vertical","__dup_L31S6S_5","__jog_248_a","__dup_1X40V5_2",1,4.1200000000008,25,NA,"duplicate-waypoint-duplicate"
"Real 375","c","c2-vertical","__jog_248_b","__union_100","__union_73",1,2.05999999999949,6,NA,"waypoint-union-union"
"Real 375","c","c2-vertical","__jog_251_b","__union_105","__dup_KCBMY9_1",2,14.8799999999992,25,NA,"waypoint-union-duplicate"
"Real 375","c","c2-vertical","__jog_253_b","__union_107","YPHFHF",2,0,25,NA,"waypoint-union-individual"
"Real 375","c","c2-horizontal-offset-row","__jog_254_a","__jog_254_b","QL6GH4",2,18,25,NA,"waypoint-waypoint-individual"
"Real 375","c","c2-horizontal-offset-row","__jog_254_a","__jog_254_b","4CHDK1",2,18,25,NA,"waypoint-waypoint-individual"
"Real 375","c","c2-horizontal-offset-row","__jog_254_a","__jog_254_b","I2G9D6",2,18,25,NA,"waypoint-waypoint-individual"
"Real 375","c","c2-horizontal-offset-row","__jog_254_a","__jog_254_b","3PD3U5",2,18,25,NA,"waypoint-waypoint-individual"
"Real 375","c","c2-horizontal-offset-row","__jog_254_a","__jog_254_b","MNJU8T",2,18,25,NA,"waypoint-waypoint-individual"
"Real 375","c","c2-horizontal-offset-row","__jog_254_a","__jog_254_b","__dup_9C6NW8_1",2,18,25,NA,"waypoint-waypoint-duplicate"
"Real 375","c","c2-vertical","__dup_7U5NJD_2","__jog_268_a","YJXSIZ",3,0.119999999999891,25,NA,"duplicate-waypoint-individual"
"Real 375","c","c2-vertical","__dup_M5DJVP_1","__jog_269_a","__union_151",3,1.11999999999898,6,NA,"duplicate-waypoint-union"
"Real 375","c","c2-vertical","__jog_270_b","__union_144","9JC6RF",3,22.5,25,NA,"waypoint-union-individual"
"Real 375","c","c2-horizontal-offset-row","__jog_271_a","__jog_271_b","H16EC4",3,9,25,NA,"waypoint-waypoint-individual"
"Real 375","c","c2-horizontal-offset-row","__jog_271_a","__jog_271_b","IRSC6X",3,9,25,NA,"waypoint-waypoint-individual"
"Real 375","c","c2-horizontal-offset-row","__jog_271_a","__jog_271_b","__dup_RYP77M_5",3,9,25,NA,"waypoint-waypoint-duplicate"
"Real 375","c","c2-vertical","__dup_RYP77M_5","__jog_272_a","__dup_DKMJ2Z_1",4,6,25,NA,"duplicate-waypoint-duplicate"
"Real 375","c","c2-horizontal-offset-row","__jog_272_a","__jog_272_b","A7YLIQ",4,6,25,NA,"waypoint-waypoint-individual"
"Real 375","c","c2-horizontal-offset-row","__jog_272_a","__jog_272_b","S7MA0G",4,6,25,NA,"waypoint-waypoint-individual"
"Real 375","c","c2-horizontal-offset-row","__jog_272_a","__jog_272_b","ZMMIM4",4,6,25,NA,"waypoint-waypoint-individual"
"Real 375","c","c2-horizontal-offset-row","__jog_272_a","__jog_272_b","BR9WT6",4,6,25,NA,"waypoint-waypoint-individual"
"Real 375","c","c2-horizontal-offset-row","__jog_272_a","__jog_272_b","__dup_DKMJ2Z_1",4,6,25,NA,"waypoint-waypoint-duplicate"
"Real 375","c","c2-vertical","__jog_272_b","__union_149","YJXSIZ",3,15,25,NA,"waypoint-union-individual"
"Real 375","c","c2-vertical","__jog_272_b","__union_149","__dup_7U5NJD_2",3,14.8800000000001,25,NA,"waypoint-union-duplicate"
"Real 375","c","c2-vertical","__jog_273_b","__union_151","__dup_M5DJVP_1",3,1.11999999999898,25,NA,"waypoint-union-duplicate"
"Real 375","c","c2-horizontal-offset-row","__jog_276_a","__jog_276_b","BT0V1U",3,18,25,NA,"waypoint-waypoint-individual"
"Real 375","c","c2-horizontal-offset-row","__jog_276_a","__jog_276_b","PUEUBL",3,18,25,NA,"waypoint-waypoint-individual"
"Real 375","c","c2-horizontal-offset-row","__jog_276_a","__jog_276_b","45YQV5",3,18,25,NA,"waypoint-waypoint-individual"
"Real 375","c","c2-horizontal-offset-row","__jog_276_a","__jog_276_b","__dup_M5DJVP_1",3,18,25,NA,"waypoint-waypoint-duplicate"
"Real 375","c","c2-horizontal-offset-row","__jog_276_a","__jog_276_b","__dup_9C6NW8_2",3,18,25,NA,"waypoint-waypoint-duplicate"
"Real 375","c","c2-horizontal-offset-row","__jog_276_a","__jog_276_b","__dup_Q00PB1_1",3,18,25,NA,"waypoint-waypoint-duplicate"
"Real 375","c","c2-horizontal-offset-row","__jog_281_a","__jog_281_b","LLYLLX",3,9,25,NA,"waypoint-waypoint-individual"
"Real 375","c","c2-horizontal-offset-row","__jog_281_a","__jog_281_b","3SG899",3,9,25,NA,"waypoint-waypoint-individual"
"Real 375","c","c2-horizontal-offset-row","__jog_281_a","__jog_281_b","F2H56G",3,9,25,NA,"waypoint-waypoint-individual"
"Real 375","c","c2-horizontal-offset-row","__jog_281_a","__jog_281_b","V1X2X3",3,9,25,NA,"waypoint-waypoint-individual"
"Real 375","c","c2-horizontal-offset-row","__jog_281_a","__jog_281_b","0P4BCQ",3,9,25,NA,"waypoint-waypoint-individual"
"Real 375","c","c2-vertical","__jog_281_b","__union_165","V1X2X3",3,0,25,NA,"waypoint-union-individual"
"Real 375","c","c2-vertical","__jog_283_b","__union_173","P844CW",4,15,25,NA,"waypoint-union-individual"
"Real 375","c","c2-vertical","__jog_284_b","__union_174","9PDPW7",4,0,25,NA,"waypoint-union-individual"
"Real 375","c","c2-vertical","__jog_285_b","__union_178","__union_169",4,0,6,NA,"waypoint-union-union"
"Real 375","c","c2-vertical","__dup_LUPGF8_3","__jog_286_a","62PLX3",4,0.240000000001601,25,NA,"duplicate-waypoint-individual"
"Real 375","c","c2-vertical","__dup_LUPGF8_3","__jog_286_a","3RYHBP",5,24.0011999700015,25,NA,"duplicate-waypoint-individual"
"Real 375","c","c2-horizontal-offset-row","__jog_289_a","__jog_289_b","EFZPSL",4,9,25,NA,"waypoint-waypoint-individual"
"Real 375","c","c2-horizontal-offset-row","__jog_289_a","__jog_289_b","9PDPW7",4,9,25,NA,"waypoint-waypoint-individual"
"Real 375","c","c2-horizontal-offset-row","__jog_289_a","__jog_289_b","J4ZDIU",4,9,25,NA,"waypoint-waypoint-individual"
"Real 375","c","c2-horizontal-offset-row","__jog_289_a","__jog_289_b","4J6BKH",4,9,25,NA,"waypoint-waypoint-individual"
"Real 375","c","c2-horizontal-offset-row","__jog_290_a","__jog_290_b","B2U6J7",4,18,25,NA,"waypoint-waypoint-individual"
"Real 375","c","c2-horizontal-offset-row","__jog_290_a","__jog_290_b","3C6G7Y",4,18,25,NA,"waypoint-waypoint-individual"
"Real 375","c","c2-vertical","__jog_290_b","__union_189","B2U6J7",4,0.0600000000013097,25,NA,"waypoint-union-individual"
"Real 375","c","c2-horizontal-offset-row","__jog_291_a","__jog_291_b","1TGPDW",4,18,25,NA,"waypoint-waypoint-individual"
"Real 375","c","c2-vertical","B2U6J7","__jog_292_a","__union_189",4,0.0600000000013097,6,NA,"individual-waypoint-union"
"Real 375","c","c2-horizontal-offset-row","__jog_292_a","__jog_292_b","62PLX3",4,9,25,NA,"waypoint-waypoint-individual"
"Real 375","c","c2-horizontal-offset-row","__jog_292_a","__jog_292_b","__dup_LUPGF8_3",4,9,25,NA,"waypoint-waypoint-duplicate"
"Real 375","c","c2-vertical","__jog_293_b","__union_193","J4ZDIU",4,0,25,NA,"waypoint-union-individual"
"Real 375","c","c2-vertical","__jog_297_b","__union_200","__dup_9JC6RF_1",5,22.3799999999997,25,NA,"waypoint-union-duplicate"
"Real 375","c","c2-vertical","__dup_8GSXTQ_1","__jog_298_a","__dup_7WQYLL_2",6,2,25,NA,"duplicate-waypoint-duplicate"
"Real 375","c","c2-horizontal-offset-row","__jog_298_a","__jog_298_b","__dup_7WQYLL_2",6,12,25,NA,"waypoint-waypoint-duplicate"
"Real 375","c","c2-vertical","__jog_298_b","__union_201","7VEH10",5,15,25,NA,"waypoint-union-individual"
"Real 375","c","c2-vertical","__jog_301_b","__union_205","LT00CV",5,7.5,25,NA,"waypoint-union-individual"
"Real 375","c","c2-vertical","__jog_302_b","__union_207","97D38B",5,7.5,25,NA,"waypoint-union-individual"
"Real 375","c","c2-vertical","__jog_303_b","__union_209","GBLFXN",5,0,25,NA,"waypoint-union-individual"
"Real 375","c","c2-horizontal-offset-row","__jog_305_a","__jog_305_b","W37STC",5,9,25,NA,"waypoint-waypoint-individual"
"Real 375","c","c2-horizontal-offset-row","__jog_305_a","__jog_305_b","__dup_ED5PDV_1",5,9,25,NA,"waypoint-waypoint-duplicate"
"Real 375","c","c2-vertical","__dup_81MJXH_1","__jog_306_a","J1SX9Q",6,6.00119988002401,25,NA,"duplicate-waypoint-individual"
"Real 375","c","c2-vertical","__dup_LT00CV_1","__jog_307_a","2EQ54B",6,0.1200000000008,25,NA,"duplicate-waypoint-individual"
"Real 375","c","c2-horizontal-offset-row","__jog_311_a","__jog_311_b","LVK7AI",6,9,25,NA,"waypoint-waypoint-individual"
"Real 375","c","c2-horizontal-offset-row","__jog_311_a","__jog_311_b","JR9YMU",6,9,25,NA,"waypoint-waypoint-individual"
"Real 375","c","c2-horizontal-offset-row","__jog_311_a","__jog_311_b","T8EB3B",6,9,25,NA,"waypoint-waypoint-individual"
"Real 375","c","c2-horizontal-offset-row","__jog_311_a","__jog_311_b","J1SX9Q",6,9,25,NA,"waypoint-waypoint-individual"
"Real 375","c","c2-horizontal-offset-row","__jog_311_a","__jog_311_b","0BNY0G",6,9,25,NA,"waypoint-waypoint-individual"
"Real 375","c","c2-horizontal-offset-row","__jog_311_a","__jog_311_b","RR1711",6,9,25,NA,"waypoint-waypoint-individual"
"Real 375","c","c2-horizontal-offset-row","__jog_311_a","__jog_311_b","ZP1T7Z",6,9,25,NA,"waypoint-waypoint-individual"
"Real 375","c","c2-horizontal-offset-row","__jog_311_a","__jog_311_b","__dup_7WQYLL_2",6,9,25,NA,"waypoint-waypoint-duplicate"
"Real 375","c","c2-horizontal-offset-row","__jog_311_a","__jog_311_b","__dup_8GSXTQ_2",6,9,25,NA,"waypoint-waypoint-duplicate"
"Real 375","c","c2-horizontal-offset-row","__jog_317_a","__jog_317_b","EQNDAY",1,24,25,NA,"waypoint-waypoint-individual"
"Real 375","c","c2-horizontal-offset-row","__jog_317_a","__jog_317_b","CAN12C",1,24,25,NA,"waypoint-waypoint-individual"
"Real 375","c","c2-horizontal-offset-row","__jog_331_a","__jog_331_b","Y1XZEW",2,24,25,NA,"waypoint-waypoint-individual"
"Real 375","c","c2-horizontal-offset-row","__jog_331_a","__jog_331_b","X20HK8",2,24,25,NA,"waypoint-waypoint-individual"
"Real 375","c","c2-horizontal-offset-row","__jog_331_a","__jog_331_b","1Y8P15",2,24,25,NA,"waypoint-waypoint-individual"
"Real 375","c","c2-horizontal-offset-row","__jog_331_a","__jog_331_b","4CHDK1",2,24,25,NA,"waypoint-waypoint-individual"
"Real 375","c","c2-horizontal-offset-row","__jog_331_a","__jog_331_b","B6IDBA",2,24,25,NA,"waypoint-waypoint-individual"
"Real 375","c","c2-horizontal-offset-row","__jog_331_a","__jog_331_b","YPHFHF",2,24,25,NA,"waypoint-waypoint-individual"
"Real 375","c","c2-horizontal-offset-row","__jog_331_a","__jog_331_b","A3UZAN",2,24,25,NA,"waypoint-waypoint-individual"
"Real 375","c","c2-horizontal-offset-row","__jog_331_a","__jog_331_b","YHJ240",2,24,25,NA,"waypoint-waypoint-individual"
"Real 375","c","c2-horizontal-offset-row","__jog_331_a","__jog_331_b","MNJU8T",2,24,25,NA,"waypoint-waypoint-individual"
"Real 375","c","c2-horizontal-offset-row","__jog_331_a","__jog_331_b","__dup_4U7JTW_1",2,24,25,NA,"waypoint-waypoint-duplicate"
"Real 375","c","c2-horizontal-offset-row","__jog_331_a","__jog_331_b","__dup_CAN12C_1",2,24,25,NA,"waypoint-waypoint-duplicate"
"Real 375","c","c2-horizontal-offset-row","__jog_339_a","__jog_339_b","9C6NW8",2,24,25,NA,"waypoint-waypoint-individual"
"Real 375","c","c2-horizontal-offset-row","__jog_339_a","__jog_339_b","QL6GH4",2,24,25,NA,"waypoint-waypoint-individual"
"Real 375","c","c2-horizontal-offset-row","__jog_339_a","__jog_339_b","WFGRY3",2,24,25,NA,"waypoint-waypoint-individual"
"Real 375","c","c2-horizontal-offset-row","__jog_339_a","__jog_339_b","7U5NJD",2,24,25,NA,"waypoint-waypoint-individual"
"Real 375","c","c2-horizontal-offset-row","__jog_339_a","__jog_339_b","DGLT2F",2,24,25,NA,"waypoint-waypoint-individual"
"Real 375","c","c2-horizontal-offset-row","__jog_339_a","__jog_339_b","6PX6PS",2,24,25,NA,"waypoint-waypoint-individual"
"Real 375","c","c2-horizontal-offset-row","__jog_339_a","__jog_339_b","ELGVC6",2,24,25,NA,"waypoint-waypoint-individual"
"Real 375","c","c2-horizontal-offset-row","__jog_339_a","__jog_339_b","L07M06",2,24,25,NA,"waypoint-waypoint-individual"
"Real 375","c","c2-horizontal-offset-row","__jog_339_a","__jog_339_b","270UK6",2,24,25,NA,"waypoint-waypoint-individual"
"Real 375","c","c2-horizontal-offset-row","__jog_339_a","__jog_339_b","J33BE0",2,24,25,NA,"waypoint-waypoint-individual"
"Real 375","c","c2-horizontal-offset-row","__jog_339_a","__jog_339_b","3PD3U5",2,24,25,NA,"waypoint-waypoint-individual"
"Real 375","c","c2-horizontal-offset-row","__jog_339_a","__jog_339_b","LUPGF8",2,24,25,NA,"waypoint-waypoint-individual"
"Real 375","c","c2-horizontal-offset-row","__jog_339_a","__jog_339_b","J8XZ81",2,24,25,NA,"waypoint-waypoint-individual"
"Real 375","c","c2-horizontal-offset-row","__jog_339_a","__jog_339_b","__dup_YPHFHF_1",2,24,25,NA,"waypoint-waypoint-duplicate"
"Real 375","c","c2-horizontal-offset-row","__jog_339_a","__jog_339_b","__dup_YPHFHF_2",2,24,25,NA,"waypoint-waypoint-duplicate"
"Real 375","c","c2-horizontal-offset-row","__jog_342_a","__jog_342_b","5LXR2A",3,24,25,NA,"waypoint-waypoint-individual"
"Real 375","c","c2-horizontal-offset-row","__jog_342_a","__jog_342_b","BT0V1U",3,24,25,NA,"waypoint-waypoint-individual"
"Real 375","c","c2-horizontal-offset-row","__jog_342_a","__jog_342_b","PUEUBL",3,24,25,NA,"waypoint-waypoint-individual"
"Real 375","c","c2-horizontal-offset-row","__jog_342_a","__jog_342_b","45YQV5",3,24,25,NA,"waypoint-waypoint-individual"
"Real 375","c","c2-horizontal-offset-row","__jog_342_a","__jog_342_b","665C2Y",3,24,25,NA,"waypoint-waypoint-individual"
"Real 375","c","c2-horizontal-offset-row","__jog_342_a","__jog_342_b","__dup_M5DJVP_1",3,24,25,NA,"waypoint-waypoint-duplicate"
"Real 375","c","c2-horizontal-offset-row","__jog_342_a","__jog_342_b","__dup_KCBMY9_2",3,24,25,NA,"waypoint-waypoint-duplicate"
"Real 375","c","c2-horizontal-offset-row","__jog_342_a","__jog_342_b","__dup_9C6NW8_2",3,24,25,NA,"waypoint-waypoint-duplicate"
"Real 375","c","c2-horizontal-offset-row","__jog_342_a","__jog_342_b","__dup_Q00PB1_1",3,24,25,NA,"waypoint-waypoint-duplicate"
"Real 375","c","c2-horizontal-offset-row","__jog_342_a","__jog_342_b","__dup_H16EC4_1",3,24,25,NA,"waypoint-waypoint-duplicate"
"Real 375","c","c2-horizontal-offset-row","__jog_343_a","__jog_343_b","HWQS19",3,15,25,NA,"waypoint-waypoint-individual"
"Real 375","c","c2-horizontal-offset-row","__jog_343_a","__jog_343_b","S0ZHJP",3,15,25,NA,"waypoint-waypoint-individual"
"Real 375","c","c2-horizontal-offset-row","__jog_343_a","__jog_343_b","CSZ177",3,15,25,NA,"waypoint-waypoint-individual"
"Real 375","c","c2-horizontal-offset-row","__jog_343_a","__jog_343_b","73Z6NI",3,15,25,NA,"waypoint-waypoint-individual"
"Real 375","c","c2-horizontal-offset-row","__jog_343_a","__jog_343_b","KY4G8M",3,15,25,NA,"waypoint-waypoint-individual"
"Real 375","c","c2-horizontal-offset-row","__jog_343_a","__jog_343_b","6PQJV5",3,15,25,NA,"waypoint-waypoint-individual"
"Real 375","c","c2-horizontal-offset-row","__jog_343_a","__jog_343_b","30YDZU",3,15,25,NA,"waypoint-waypoint-individual"
"Real 375","c","c2-horizontal-offset-row","__jog_343_a","__jog_343_b","__dup_CMJQGU_2",3,15,25,NA,"waypoint-waypoint-duplicate"
"Real 375","c","c2-horizontal-offset-row","__jog_344_a","__jog_344_b","PWY8IQ",3,15,25,NA,"waypoint-waypoint-individual"
"Real 375","c","c2-horizontal-offset-row","__jog_344_a","__jog_344_b","BB0JP9",3,15,25,NA,"waypoint-waypoint-individual"
"Real 375","c","c2-horizontal-offset-row","__jog_345_a","__jog_345_b","YJXSIZ",3,24,25,NA,"waypoint-waypoint-individual"
"Real 375","c","c2-horizontal-offset-row","__jog_345_a","__jog_345_b","EKP7IN",3,24,25,NA,"waypoint-waypoint-individual"
"Real 375","c","c2-horizontal-offset-row","__jog_345_a","__jog_345_b","6WG3MZ",3,24,25,NA,"waypoint-waypoint-individual"
"Real 375","c","c2-horizontal-offset-row","__jog_345_a","__jog_345_b","__dup_7U5NJD_2",3,24.000299998125,25,NA,"waypoint-waypoint-duplicate"
"Real 375","c","c2-vertical","__jog_345_b","__bar_YJXSIZ","__dup_7U5NJD_2",3,24.000299998125,25,NA,"waypoint-waypoint-duplicate"
"Real 375","c","c2-horizontal-offset-row","__jog_346_a","__jog_346_b","HWQS19",3,3,25,NA,"waypoint-waypoint-individual"
"Real 375","c","c2-horizontal-offset-row","__jog_346_a","__jog_346_b","H16XSK",3,3,25,NA,"waypoint-waypoint-individual"
"Real 375","c","c2-horizontal-offset-row","__jog_346_a","__jog_346_b","CSZ177",3,3,25,NA,"waypoint-waypoint-individual"
"Real 375","c","c2-horizontal-offset-row","__jog_346_a","__jog_346_b","73Z6NI",3,3,25,NA,"waypoint-waypoint-individual"
"Real 375","c","c2-horizontal-offset-row","__jog_346_a","__jog_346_b","KY4G8M",3,3,25,NA,"waypoint-waypoint-individual"
"Real 375","c","c2-horizontal-offset-row","__jog_346_a","__jog_346_b","6PQJV5",3,3,25,NA,"waypoint-waypoint-individual"
"Real 375","c","c2-horizontal-offset-row","__jog_346_a","__jog_346_b","9JC6RF",3,3,25,NA,"waypoint-waypoint-individual"
"Real 375","c","c2-horizontal-offset-row","__jog_346_a","__jog_346_b","30YDZU",3,3,25,NA,"waypoint-waypoint-individual"
"Real 375","c","c2-horizontal-offset-row","__jog_346_a","__jog_346_b","__dup_CMJQGU_2",3,3,25,NA,"waypoint-waypoint-duplicate"
"Real 375","c","c2-horizontal-offset-row","__jog_346_a","__jog_346_b","__dup_SLN0TF_2",3,3,25,NA,"waypoint-waypoint-duplicate"
"Real 375","c","c2-horizontal-offset-row","__jog_346_a","__jog_346_b","__union_139",3,3,6,NA,"waypoint-waypoint-union"
"Real 375","c","c2-horizontal-offset-row","__jog_346_a","__jog_346_b","__union_140",3,3,6,NA,"waypoint-waypoint-union"
"Real 375","c","c2-horizontal-offset-row","__jog_346_a","__jog_346_b","__union_143",3,3,6,NA,"waypoint-waypoint-union"
"Real 375","c","c2-horizontal-offset-row","__jog_346_a","__jog_346_b","__union_144",3,3,6,NA,"waypoint-waypoint-union"
"Real 375","c","c2-horizontal-offset-row","__jog_346_a","__jog_346_b","__union_145",3,3,6,NA,"waypoint-waypoint-union"
"Real 375","c","c2-horizontal-offset-row","__jog_346_a","__jog_346_b","__union_153",3,3,6,NA,"waypoint-waypoint-union"
"Real 375","c","c2-horizontal-offset-row","__jog_346_a","__jog_346_b","__union_154",3,3,6,NA,"waypoint-waypoint-union"
"Real 375","c","c2-horizontal-offset-row","__jog_346_a","__jog_346_b","__union_158",3,3,6,NA,"waypoint-waypoint-union"
"Real 375","c","c2-horizontal-offset-row","__jog_346_a","__jog_346_b","__union_159",3,3,6,NA,"waypoint-waypoint-union"
"Real 375","c","c2-horizontal-offset-row","__jog_346_a","__jog_346_b","__union_161",3,3,6,NA,"waypoint-waypoint-union"
"Real 375","c","c2-horizontal-offset-row","__jog_346_a","__jog_346_b","__union_166",3,3,6,NA,"waypoint-waypoint-union"
"Real 375","c","c2-horizontal-offset-row","__jog_348_a","__jog_348_b","S0ZHJP",3,6,25,NA,"waypoint-waypoint-individual"
"Real 375","c","c2-horizontal-offset-row","__jog_349_a","__jog_349_b","CSZ177",3,6,25,NA,"waypoint-waypoint-individual"
"Real 375","c","c2-horizontal-offset-row","__jog_350_a","__jog_350_b","EKP7IN",3,15,25,NA,"waypoint-waypoint-individual"
"Real 375","c","c2-horizontal-offset-row","__jog_352_a","__jog_352_b","YJXSIZ",3,3,25,NA,"waypoint-waypoint-individual"
"Real 375","c","c2-horizontal-offset-row","__jog_352_a","__jog_352_b","LLYLLX",3,3,25,NA,"waypoint-waypoint-individual"
"Real 375","c","c2-horizontal-offset-row","__jog_352_a","__jog_352_b","2FPL16",3,3,25,NA,"waypoint-waypoint-individual"
"Real 375","c","c2-horizontal-offset-row","__jog_352_a","__jog_352_b","3SG899",3,3,25,NA,"waypoint-waypoint-individual"
"Real 375","c","c2-horizontal-offset-row","__jog_352_a","__jog_352_b","H16EC4",3,3,25,NA,"waypoint-waypoint-individual"
"Real 375","c","c2-horizontal-offset-row","__jog_352_a","__jog_352_b","F2H56G",3,3,25,NA,"waypoint-waypoint-individual"
"Real 375","c","c2-horizontal-offset-row","__jog_352_a","__jog_352_b","81MJXH",3,3,25,NA,"waypoint-waypoint-individual"
"Real 375","c","c2-horizontal-offset-row","__jog_352_a","__jog_352_b","V1X2X3",3,3,25,NA,"waypoint-waypoint-individual"
"Real 375","c","c2-horizontal-offset-row","__jog_352_a","__jog_352_b","0P4BCQ",3,3,25,NA,"waypoint-waypoint-individual"
"Real 375","c","c2-horizontal-offset-row","__jog_352_a","__jog_352_b","6WG3MZ",3,3,25,NA,"waypoint-waypoint-individual"
"Real 375","c","c2-horizontal-offset-row","__jog_352_a","__jog_352_b","__dup_7U5NJD_2",3,3,25,NA,"waypoint-waypoint-duplicate"
"Real 375","c","c2-horizontal-offset-row","__jog_352_a","__jog_352_b","__union_141",3,3,6,NA,"waypoint-waypoint-union"
"Real 375","c","c2-horizontal-offset-row","__jog_352_a","__jog_352_b","__union_146",3,3,6,NA,"waypoint-waypoint-union"
"Real 375","c","c2-horizontal-offset-row","__jog_352_a","__jog_352_b","__union_147",3,3,6,NA,"waypoint-waypoint-union"
"Real 375","c","c2-horizontal-offset-row","__jog_352_a","__jog_352_b","__union_148",3,3,6,NA,"waypoint-waypoint-union"
"Real 375","c","c2-horizontal-offset-row","__jog_352_a","__jog_352_b","__union_149",3,3,6,NA,"waypoint-waypoint-union"
"Real 375","c","c2-horizontal-offset-row","__jog_352_a","__jog_352_b","__union_162",3,3,6,NA,"waypoint-waypoint-union"
"Real 375","c","c2-horizontal-offset-row","__jog_352_a","__jog_352_b","__union_165",3,3,6,NA,"waypoint-waypoint-union"
"Real 375","c","c2-horizontal-offset-row","__jog_352_a","__jog_352_b","__union_167",3,3,6,NA,"waypoint-waypoint-union"
"Real 375","c","c2-horizontal-offset-row","__jog_352_a","__jog_352_b","__union_168",3,3,6,NA,"waypoint-waypoint-union"
"Real 375","c","c2-horizontal-offset-row","__jog_354_a","__jog_354_b","HWQS19",3,6,25,NA,"waypoint-waypoint-individual"
"Real 375","c","c2-horizontal-offset-row","__jog_354_a","__jog_354_b","PWY8IQ",3,6,25,NA,"waypoint-waypoint-individual"
"Real 375","c","c2-horizontal-offset-row","__jog_354_a","__jog_354_b","YJXSIZ",3,6,25,NA,"waypoint-waypoint-individual"
"Real 375","c","c2-horizontal-offset-row","__jog_354_a","__jog_354_b","H16XSK",3,6,25,NA,"waypoint-waypoint-individual"
"Real 375","c","c2-horizontal-offset-row","__jog_354_a","__jog_354_b","EKP7IN",3,6,25,NA,"waypoint-waypoint-individual"
"Real 375","c","c2-horizontal-offset-row","__jog_354_a","__jog_354_b","73Z6NI",3,6,25,NA,"waypoint-waypoint-individual"
"Real 375","c","c2-horizontal-offset-row","__jog_354_a","__jog_354_b","V1X2X3",3,6,25,NA,"waypoint-waypoint-individual"
"Real 375","c","c2-horizontal-offset-row","__jog_354_a","__jog_354_b","BB0JP9",3,6,25,NA,"waypoint-waypoint-individual"
"Real 375","c","c2-horizontal-offset-row","__jog_354_a","__jog_354_b","9JC6RF",3,6,25,NA,"waypoint-waypoint-individual"
"Real 375","c","c2-horizontal-offset-row","__jog_354_a","__jog_354_b","0P4BCQ",3,6,25,NA,"waypoint-waypoint-individual"
"Real 375","c","c2-horizontal-offset-row","__jog_354_a","__jog_354_b","6WG3MZ",3,6,25,NA,"waypoint-waypoint-individual"
"Real 375","c","c2-horizontal-offset-row","__jog_354_a","__jog_354_b","__dup_7U5NJD_2",3,6,25,NA,"waypoint-waypoint-duplicate"
"Real 375","c","c2-horizontal-offset-row","__jog_354_a","__jog_354_b","__dup_SLN0TF_2",3,6,25,NA,"waypoint-waypoint-duplicate"
"Real 375","c","c2-vertical","__drop___union_130","__jog_360_a","CSZ177",3,22.4399999999996,25,NA,"waypoint-waypoint-individual"
"Real 375","c","c2-horizontal-offset-row","__jog_360_a","__jog_360_b","CSZ177",3,12,25,NA,"waypoint-waypoint-individual"
"Real 375","c","c2-horizontal-offset-row","__jog_360_a","__jog_360_b","6PQJV5",3,12,25,NA,"waypoint-waypoint-individual"
"Real 375","c","c2-horizontal-offset-row","__jog_361_a","__jog_361_b","HWQS19",3,24,25,NA,"waypoint-waypoint-individual"
"Real 375","c","c2-horizontal-offset-row","__jog_361_a","__jog_361_b","H16XSK",3,24,25,NA,"waypoint-waypoint-individual"
"Real 375","c","c2-horizontal-offset-row","__jog_361_a","__jog_361_b","S0ZHJP",3,24,25,NA,"waypoint-waypoint-individual"
"Real 375","c","c2-horizontal-offset-row","__jog_361_a","__jog_361_b","CSZ177",3,24,25,NA,"waypoint-waypoint-individual"
"Real 375","c","c2-horizontal-offset-row","__jog_361_a","__jog_361_b","73Z6NI",3,24,25,NA,"waypoint-waypoint-individual"
"Real 375","c","c2-horizontal-offset-row","__jog_361_a","__jog_361_b","KY4G8M",3,24,25,NA,"waypoint-waypoint-individual"
"Real 375","c","c2-horizontal-offset-row","__jog_361_a","__jog_361_b","6PQJV5",3,24,25,NA,"waypoint-waypoint-individual"
"Real 375","c","c2-horizontal-offset-row","__jog_361_a","__jog_361_b","BB0JP9",3,24,25,NA,"waypoint-waypoint-individual"
"Real 375","c","c2-horizontal-offset-row","__jog_361_a","__jog_361_b","9JC6RF",3,24,25,NA,"waypoint-waypoint-individual"
"Real 375","c","c2-horizontal-offset-row","__jog_361_a","__jog_361_b","30YDZU",3,24,25,NA,"waypoint-waypoint-individual"
"Real 375","c","c2-horizontal-offset-row","__jog_361_a","__jog_361_b","__dup_CMJQGU_2",3,24,25,NA,"waypoint-waypoint-duplicate"
"Real 375","c","c2-horizontal-offset-row","__jog_361_a","__jog_361_b","__dup_SLN0TF_2",3,24,25,NA,"waypoint-waypoint-duplicate"
"Real 375","c","c2-horizontal-offset-row","__jog_368_a","__jog_368_b","8NQX52",4,24,25,NA,"waypoint-waypoint-individual"
"Real 375","c","c2-horizontal-offset-row","__jog_368_a","__jog_368_b","4J6BKH",4,24,25,NA,"waypoint-waypoint-individual"
"Real 375","c","c2-vertical","__drop___union_143","__jog_369_a","9LZVTE",4,7.5,25,NA,"waypoint-waypoint-individual"
"Real 375","c","c2-horizontal-offset-row","__jog_369_a","__jog_369_b","9M5YFR",4,12,25,NA,"waypoint-waypoint-individual"
"Real 375","c","c2-horizontal-offset-row","__jog_369_a","__jog_369_b","8GSXTQ",4,12,25,NA,"waypoint-waypoint-individual"
"Real 375","c","c2-horizontal-offset-row","__jog_369_a","__jog_369_b","A7YLIQ",4,12,25,NA,"waypoint-waypoint-individual"
"Real 375","c","c2-horizontal-offset-row","__jog_369_a","__jog_369_b","SPHGC9",4,12,25,NA,"waypoint-waypoint-individual"
"Real 375","c","c2-horizontal-offset-row","__jog_369_a","__jog_369_b","P844CW",4,12,25,NA,"waypoint-waypoint-individual"
"Real 375","c","c2-horizontal-offset-row","__jog_369_a","__jog_369_b","T5S3BR",4,12,25,NA,"waypoint-waypoint-individual"
"Real 375","c","c2-horizontal-offset-row","__jog_369_a","__jog_369_b","IMF6BL",4,12,25,NA,"waypoint-waypoint-individual"
"Real 375","c","c2-horizontal-offset-row","__jog_369_a","__jog_369_b","1TGPDW",4,12,25,NA,"waypoint-waypoint-individual"
"Real 375","c","c2-horizontal-offset-row","__jog_369_a","__jog_369_b","667KL7",4,12,25,NA,"waypoint-waypoint-individual"
"Real 375","c","c2-horizontal-offset-row","__jog_369_a","__jog_369_b","ED5PDV",4,12,25,NA,"waypoint-waypoint-individual"
"Real 375","c","c2-horizontal-offset-row","__jog_369_a","__jog_369_b","9LZVTE",4,14.1509716980849,25,NA,"waypoint-waypoint-individual"
"Real 375","c","c2-horizontal-offset-row","__jog_369_a","__jog_369_b","__dup_M5DJVP_2",4,12,25,NA,"waypoint-waypoint-duplicate"
"Real 375","c","c2-horizontal-offset-row","__jog_369_a","__jog_369_b","__dup_YPHFHF_3",4,12,25,NA,"waypoint-waypoint-duplicate"
"Real 375","c","c2-horizontal-offset-row","__jog_369_a","__jog_369_b","__dup_B2U6J7_1",4,12,25,NA,"waypoint-waypoint-duplicate"
"Real 375","c","c2-vertical","__jog_372_b","__drop___union_146","S7MA0G",4,15,25,NA,"waypoint-waypoint-individual"
"Real 375","c","c2-horizontal-offset-row","__jog_373_a","__jog_373_b","8GSXTQ",4,21,25,NA,"waypoint-waypoint-individual"
"Real 375","c","c2-horizontal-offset-row","__jog_373_a","__jog_373_b","A7YLIQ",4,21,25,NA,"waypoint-waypoint-individual"
"Real 375","c","c2-horizontal-offset-row","__jog_373_a","__jog_373_b","SPHGC9",4,21,25,NA,"waypoint-waypoint-individual"
"Real 375","c","c2-horizontal-offset-row","__jog_373_a","__jog_373_b","P844CW",4,21,25,NA,"waypoint-waypoint-individual"
"Real 375","c","c2-horizontal-offset-row","__jog_373_a","__jog_373_b","IMF6BL",4,21,25,NA,"waypoint-waypoint-individual"
"Real 375","c","c2-horizontal-offset-row","__jog_373_a","__jog_373_b","ED5PDV",4,21,25,NA,"waypoint-waypoint-individual"
"Real 375","c","c2-horizontal-offset-row","__jog_373_a","__jog_373_b","__dup_B2U6J7_1",4,21,25,NA,"waypoint-waypoint-duplicate"
"Real 375","c","c2-horizontal-offset-row","__jog_381_a","__jog_381_b","HJLX2B",4,24,25,NA,"waypoint-waypoint-individual"
"Real 375","c","c2-horizontal-offset-row","__jog_381_a","__jog_381_b","T5S3BR",4,24,25,NA,"waypoint-waypoint-individual"
"Real 375","c","c2-horizontal-offset-row","__jog_381_a","__jog_381_b","1TGPDW",4,24,25,NA,"waypoint-waypoint-individual"
"Real 375","c","c2-horizontal-offset-row","__jog_381_a","__jog_381_b","667KL7",4,24,25,NA,"waypoint-waypoint-individual"
"Real 375","c","c2-horizontal-offset-row","__jog_381_a","__jog_381_b","9LZVTE",4,24,25,NA,"waypoint-waypoint-individual"
"Real 375","c","c2-horizontal-offset-row","__jog_381_a","__jog_381_b","__dup_M5DJVP_2",4,24,25,NA,"waypoint-waypoint-duplicate"
"Real 375","c","c2-horizontal-offset-row","__jog_381_a","__jog_381_b","__dup_YPHFHF_3",4,24,25,NA,"waypoint-waypoint-duplicate"
"Real 375","c","c2-horizontal-offset-row","__jog_381_a","__jog_381_b","__dup_9C6NW8_3",4,24,25,NA,"waypoint-waypoint-duplicate"
"Real 375","c","c2-vertical","__drop___union_161","__jog_382_a","9LZVTE",4,23.28626204439,25,NA,"waypoint-waypoint-individual"
"Real 375","c","c2-horizontal-offset-row","__jog_382_a","__jog_382_b","667KL7",4,6,25,NA,"waypoint-waypoint-individual"
"Real 375","c","c2-horizontal-offset-row","__jog_382_a","__jog_382_b","9LZVTE",4,6,25,NA,"waypoint-waypoint-individual"
"Real 375","c","c2-horizontal-offset-row","__jog_387_a","__jog_387_b","BR9WT6",4,15,25,NA,"waypoint-waypoint-individual"
"Real 375","c","c2-horizontal-offset-row","__jog_388_a","__jog_388_b","9M5YFR",4,3,25,NA,"waypoint-waypoint-individual"
"Real 375","c","c2-horizontal-offset-row","__jog_388_a","__jog_388_b","8GSXTQ",4,3,25,NA,"waypoint-waypoint-individual"
"Real 375","c","c2-horizontal-offset-row","__jog_388_a","__jog_388_b","A7YLIQ",4,3,25,NA,"waypoint-waypoint-individual"
"Real 375","c","c2-horizontal-offset-row","__jog_388_a","__jog_388_b","SPHGC9",4,3,25,NA,"waypoint-waypoint-individual"
"Real 375","c","c2-horizontal-offset-row","__jog_388_a","__jog_388_b","P844CW",4,3,25,NA,"waypoint-waypoint-individual"
"Real 375","c","c2-horizontal-offset-row","__jog_388_a","__jog_388_b","T5S3BR",4,3,25,NA,"waypoint-waypoint-individual"
"Real 375","c","c2-horizontal-offset-row","__jog_388_a","__jog_388_b","IMF6BL",4,3,25,NA,"waypoint-waypoint-individual"
"Real 375","c","c2-horizontal-offset-row","__jog_388_a","__jog_388_b","1TGPDW",4,3,25,NA,"waypoint-waypoint-individual"
"Real 375","c","c2-horizontal-offset-row","__jog_388_a","__jog_388_b","667KL7",4,3,25,NA,"waypoint-waypoint-individual"
"Real 375","c","c2-horizontal-offset-row","__jog_388_a","__jog_388_b","ED5PDV",4,3,25,NA,"waypoint-waypoint-individual"
"Real 375","c","c2-horizontal-offset-row","__jog_388_a","__jog_388_b","9LZVTE",4,3,25,NA,"waypoint-waypoint-individual"
"Real 375","c","c2-horizontal-offset-row","__jog_388_a","__jog_388_b","__dup_M5DJVP_2",4,3,25,NA,"waypoint-waypoint-duplicate"
"Real 375","c","c2-horizontal-offset-row","__jog_388_a","__jog_388_b","__dup_YPHFHF_3",4,3,25,NA,"waypoint-waypoint-duplicate"
"Real 375","c","c2-horizontal-offset-row","__jog_388_a","__jog_388_b","__dup_B2U6J7_1",4,3,25,NA,"waypoint-waypoint-duplicate"
"Real 375","c","c2-horizontal-offset-row","__jog_388_a","__jog_388_b","__union_170",4,3,6,NA,"waypoint-waypoint-union"
"Real 375","c","c2-horizontal-offset-row","__jog_388_a","__jog_388_b","__union_171",4,3,6,NA,"waypoint-waypoint-union"
"Real 375","c","c2-horizontal-offset-row","__jog_388_a","__jog_388_b","__union_172",4,3,6,NA,"waypoint-waypoint-union"
"Real 375","c","c2-horizontal-offset-row","__jog_388_a","__jog_388_b","__union_173",4,3,6,NA,"waypoint-waypoint-union"
"Real 375","c","c2-horizontal-offset-row","__jog_388_a","__jog_388_b","__union_175",4,3,6,NA,"waypoint-waypoint-union"
"Real 375","c","c2-horizontal-offset-row","__jog_388_a","__jog_388_b","__union_176",4,3,6,NA,"waypoint-waypoint-union"
"Real 375","c","c2-horizontal-offset-row","__jog_388_a","__jog_388_b","__union_177",4,3,6,NA,"waypoint-waypoint-union"
"Real 375","c","c2-horizontal-offset-row","__jog_388_a","__jog_388_b","__union_182",4,3,6,NA,"waypoint-waypoint-union"
"Real 375","c","c2-horizontal-offset-row","__jog_388_a","__jog_388_b","__union_184",4,3,6,NA,"waypoint-waypoint-union"
"Real 375","c","c2-horizontal-offset-row","__jog_388_a","__jog_388_b","__union_185",4,3,6,NA,"waypoint-waypoint-union"
"Real 375","c","c2-horizontal-offset-row","__jog_388_a","__jog_388_b","__union_186",4,3,6,NA,"waypoint-waypoint-union"
"Real 375","c","c2-horizontal-offset-row","__jog_388_a","__jog_388_b","__union_190",4,3,6,NA,"waypoint-waypoint-union"
"Real 375","c","c2-horizontal-offset-row","__jog_388_a","__jog_388_b","__union_194",4,3,6,NA,"waypoint-waypoint-union"
"Real 375","c","c2-horizontal-offset-row","__jog_388_a","__jog_388_b","__union_195",4,3,6,NA,"waypoint-waypoint-union"
"Real 375","c","c2-horizontal-offset-row","__jog_388_a","__jog_388_b","__union_196",4,3,6,NA,"waypoint-waypoint-union"
"Real 375","c","c2-horizontal-offset-row","__jog_389_a","__jog_389_b","W37STC",5,12,25,NA,"waypoint-waypoint-individual"
"Real 375","c","c2-horizontal-offset-row","__jog_389_a","__jog_389_b","SBKELE",5,12,25,NA,"waypoint-waypoint-individual"
"Real 375","c","c2-horizontal-offset-row","__jog_389_a","__jog_389_b","HH66K6",5,12,25,NA,"waypoint-waypoint-individual"
"Real 375","c","c2-horizontal-offset-row","__jog_389_a","__jog_389_b","3RYHBP",5,12,25,NA,"waypoint-waypoint-individual"
"Real 375","c","c2-horizontal-offset-row","__jog_389_a","__jog_389_b","GZFGFQ",5,12,25,NA,"waypoint-waypoint-individual"
"Real 375","c","c2-horizontal-offset-row","__jog_389_a","__jog_389_b","FWL00Q",5,12,25,NA,"waypoint-waypoint-individual"
"Real 375","c","c2-horizontal-offset-row","__jog_389_a","__jog_389_b","YY7782",5,12,25,NA,"waypoint-waypoint-individual"
"Real 375","c","c2-horizontal-offset-row","__jog_389_a","__jog_389_b","2EHR2W",5,12,25,NA,"waypoint-waypoint-individual"
"Real 375","c","c2-horizontal-offset-row","__jog_389_a","__jog_389_b","MQ0ZWN",5,12,25,NA,"waypoint-waypoint-individual"
"Real 375","c","c2-horizontal-offset-row","__jog_389_a","__jog_389_b","__dup_FIL6AB_1",5,12,25,NA,"waypoint-waypoint-duplicate"
"Real 375","c","c2-horizontal-offset-row","__jog_393_a","__jog_393_b","95XZY9",5,3,25,NA,"waypoint-waypoint-individual"
"Real 375","c","c2-horizontal-offset-row","__jog_393_a","__jog_393_b","23T5N2",5,3,25,NA,"waypoint-waypoint-individual"
"Real 375","c","c2-horizontal-offset-row","__jog_393_a","__jog_393_b","MZQCZB",5,3,25,NA,"waypoint-waypoint-individual"
"Real 375","c","c2-horizontal-offset-row","__jog_393_a","__jog_393_b","ZHVYYN",5,3,25,NA,"waypoint-waypoint-individual"
"Real 375","c","c2-horizontal-offset-row","__jog_393_a","__jog_393_b","TXIF7D",5,3,25,NA,"waypoint-waypoint-individual"
"Real 375","c","c2-horizontal-offset-row","__jog_393_a","__jog_393_b","7VEH10",5,3,25,NA,"waypoint-waypoint-individual"
"Real 375","c","c2-horizontal-offset-row","__jog_393_a","__jog_393_b","LT00CV",5,15.2970585407784,25,NA,"waypoint-waypoint-individual"
"Real 375","c","c2-horizontal-offset-row","__jog_393_a","__jog_393_b","KUY2ED",5,3,25,NA,"waypoint-waypoint-individual"
"Real 375","c","c2-horizontal-offset-row","__jog_393_a","__jog_393_b","T6UQVX",5,3,25,NA,"waypoint-waypoint-individual"
"Real 375","c","c2-horizontal-offset-row","__jog_393_a","__jog_393_b","4R7L88",5,3,25,NA,"waypoint-waypoint-individual"
"Real 375","c","c2-horizontal-offset-row","__jog_393_a","__jog_393_b","__dup_8GSXTQ_1",5,3,25,NA,"waypoint-waypoint-duplicate"
"Real 375","c","c2-horizontal-offset-row","__jog_393_a","__jog_393_b","__dup_FIL6AB_3",5,3,25,NA,"waypoint-waypoint-duplicate"
"Real 375","c","c2-horizontal-offset-row","__jog_393_a","__jog_393_b","__dup_F5M8IL_1",5,3,25,NA,"waypoint-waypoint-duplicate"
"Real 375","c","c2-horizontal-offset-row","__jog_393_a","__jog_393_b","__union_197",5,3,6,NA,"waypoint-waypoint-union"
"Real 375","c","c2-horizontal-offset-row","__jog_393_a","__jog_393_b","__union_201",5,3,6,NA,"waypoint-waypoint-union"
"Real 375","c","c2-horizontal-offset-row","__jog_393_a","__jog_393_b","__union_204",5,3,6,NA,"waypoint-waypoint-union"
"Real 375","c","c2-horizontal-offset-row","__jog_393_a","__jog_393_b","__union_208",5,3,6,NA,"waypoint-waypoint-union"
"Real 375","c","c2-horizontal-offset-row","__jog_393_a","__jog_393_b","__union_211",5,3,6,NA,"waypoint-waypoint-union"
"Real 375","c","c2-horizontal-offset-row","__jog_393_a","__jog_393_b","__union_217",5,3,6,NA,"waypoint-waypoint-union"
"Real 375","c","c2-horizontal-offset-row","__jog_393_a","__jog_393_b","__union_218",5,3,6,NA,"waypoint-waypoint-union"
"Real 375","c","c2-vertical","__jog_393_b","__drop___union_173","LT00CV",5,15,25,NA,"waypoint-waypoint-individual"
"Real 375","c","c2-vertical","__drop___union_176","__jog_396_a","__dup_8GSXTQ_1",5,7.6200000000008,25,NA,"waypoint-waypoint-duplicate"
"Real 375","c","c2-horizontal-offset-row","__jog_396_a","__jog_396_b","ZHVYYN",5,12,25,NA,"waypoint-waypoint-individual"
"Real 375","c","c2-horizontal-offset-row","__jog_396_a","__jog_396_b","T6UQVX",5,12,25,NA,"waypoint-waypoint-individual"
"Real 375","c","c2-horizontal-offset-row","__jog_396_a","__jog_396_b","__dup_8GSXTQ_1",5,12,25,NA,"waypoint-waypoint-duplicate"
"Real 375","c","c2-horizontal-offset-row","__jog_398_a","__jog_398_b","W37STC",5,21,25,NA,"waypoint-waypoint-individual"
"Real 375","c","c2-horizontal-offset-row","__jog_398_a","__jog_398_b","SBKELE",5,21,25,NA,"waypoint-waypoint-individual"
"Real 375","c","c2-horizontal-offset-row","__jog_398_a","__jog_398_b","HH66K6",5,21,25,NA,"waypoint-waypoint-individual"
"Real 375","c","c2-horizontal-offset-row","__jog_398_a","__jog_398_b","4DMIW1",5,21,25,NA,"waypoint-waypoint-individual"
"Real 375","c","c2-horizontal-offset-row","__jog_398_a","__jog_398_b","3RYHBP",5,21,25,NA,"waypoint-waypoint-individual"
"Real 375","c","c2-horizontal-offset-row","__jog_398_a","__jog_398_b","GZFGFQ",5,21,25,NA,"waypoint-waypoint-individual"
"Real 375","c","c2-horizontal-offset-row","__jog_398_a","__jog_398_b","FWL00Q",5,21,25,NA,"waypoint-waypoint-individual"
"Real 375","c","c2-horizontal-offset-row","__jog_398_a","__jog_398_b","YY7782",5,21,25,NA,"waypoint-waypoint-individual"
"Real 375","c","c2-horizontal-offset-row","__jog_398_a","__jog_398_b","2EHR2W",5,21,25,NA,"waypoint-waypoint-individual"
"Real 375","c","c2-horizontal-offset-row","__jog_398_a","__jog_398_b","MQ0ZWN",5,21,25,NA,"waypoint-waypoint-individual"
"Real 375","c","c2-horizontal-offset-row","__jog_398_a","__jog_398_b","__dup_FIL6AB_1",5,21,25,NA,"waypoint-waypoint-duplicate"
"Real 375","c","c2-horizontal-offset-row","__jog_398_a","__jog_398_b","__dup_ED5PDV_1",5,21,25,NA,"waypoint-waypoint-duplicate"
"Real 375","c","c2-horizontal-offset-row","__jog_399_a","__jog_399_b","SBKELE",5,3,25,NA,"waypoint-waypoint-individual"
"Real 375","c","c2-horizontal-offset-row","__jog_399_a","__jog_399_b","HH66K6",5,3,25,NA,"waypoint-waypoint-individual"
"Real 375","c","c2-horizontal-offset-row","__jog_399_a","__jog_399_b","3RYHBP",5,3,25,NA,"waypoint-waypoint-individual"
"Real 375","c","c2-horizontal-offset-row","__jog_399_a","__jog_399_b","GZFGFQ",5,3,25,NA,"waypoint-waypoint-individual"
"Real 375","c","c2-horizontal-offset-row","__jog_399_a","__jog_399_b","FWL00Q",5,3,25,NA,"waypoint-waypoint-individual"
"Real 375","c","c2-horizontal-offset-row","__jog_399_a","__jog_399_b","2EHR2W",5,3,25,NA,"waypoint-waypoint-individual"
"Real 375","c","c2-horizontal-offset-row","__jog_399_a","__jog_399_b","MQ0ZWN",5,3,25,NA,"waypoint-waypoint-individual"
"Real 375","c","c2-horizontal-offset-row","__jog_399_a","__jog_399_b","__dup_FIL6AB_1",5,3,25,NA,"waypoint-waypoint-duplicate"
"Real 375","c","c2-horizontal-offset-row","__jog_400_a","__jog_400_b","SBKELE",5,6,25,NA,"waypoint-waypoint-individual"
"Real 375","c","c2-horizontal-offset-row","__jog_400_a","__jog_400_b","HH66K6",5,6,25,NA,"waypoint-waypoint-individual"
"Real 375","c","c2-horizontal-offset-row","__jog_400_a","__jog_400_b","GZFGFQ",5,6,25,NA,"waypoint-waypoint-individual"
"Real 375","c","c2-horizontal-offset-row","__jog_400_a","__jog_400_b","FWL00Q",5,6,25,NA,"waypoint-waypoint-individual"
"Real 375","c","c2-horizontal-offset-row","__jog_400_a","__jog_400_b","MQ0ZWN",5,6,25,NA,"waypoint-waypoint-individual"
"Real 375","c","c2-horizontal-offset-row","__jog_400_a","__jog_400_b","__dup_FIL6AB_1",5,6,25,NA,"waypoint-waypoint-duplicate"
"Real 375","c","c2-vertical","__drop___union_182","__jog_401_a","23T5N2",5,9.60468635614927,25,NA,"waypoint-waypoint-individual"
"Real 375","c","c2-horizontal-offset-row","__jog_401_a","__jog_401_b","23T5N2",5,6,25,NA,"waypoint-waypoint-individual"
"Real 375","c","c2-horizontal-offset-row","__jog_401_a","__jog_401_b","ZHVYYN",5,6,25,NA,"waypoint-waypoint-individual"
"Real 375","c","c2-horizontal-offset-row","__jog_401_a","__jog_401_b","7VEH10",5,6,25,NA,"waypoint-waypoint-individual"
"Real 375","c","c2-horizontal-offset-row","__jog_401_a","__jog_401_b","T6UQVX",5,6,25,NA,"waypoint-waypoint-individual"
"Real 375","c","c2-horizontal-offset-row","__jog_401_a","__jog_401_b","__dup_8GSXTQ_1",5,6,25,NA,"waypoint-waypoint-duplicate"
"Real 375","c","c2-horizontal-offset-row","__jog_406_a","__jog_406_b","95XZY9",5,15,25,NA,"waypoint-waypoint-individual"
"Real 375","c","c2-horizontal-offset-row","__jog_406_a","__jog_406_b","23T5N2",5,15,25,NA,"waypoint-waypoint-individual"
"Real 375","c","c2-horizontal-offset-row","__jog_406_a","__jog_406_b","ZHVYYN",5,15,25,NA,"waypoint-waypoint-individual"
"Real 375","c","c2-horizontal-offset-row","__jog_406_a","__jog_406_b","7VEH10",5,15,25,NA,"waypoint-waypoint-individual"
"Real 375","c","c2-horizontal-offset-row","__jog_406_a","__jog_406_b","KUY2ED",5,15,25,NA,"waypoint-waypoint-individual"
"Real 375","c","c2-horizontal-offset-row","__jog_406_a","__jog_406_b","97D38B",5,15,25,NA,"waypoint-waypoint-individual"
"Real 375","c","c2-horizontal-offset-row","__jog_406_a","__jog_406_b","T6UQVX",5,15,25,NA,"waypoint-waypoint-individual"
"Real 375","c","c2-horizontal-offset-row","__jog_406_a","__jog_406_b","__dup_8GSXTQ_1",5,15,25,NA,"waypoint-waypoint-duplicate"
"Real 375","c","c2-horizontal-offset-row","__jog_406_a","__jog_406_b","__dup_81MJXH_1",5,15,25,NA,"waypoint-waypoint-duplicate"
"Real 375","c","c2-horizontal-offset-row","__jog_409_a","__jog_409_b","T6UQVX",5,21,25,NA,"waypoint-waypoint-individual"
"Real 375","c","c2-vertical","__jog_409_b","__drop___union_190","ZHVYYN",5,15,25,NA,"waypoint-waypoint-individual"
"Real 375","c","c2-horizontal-offset-row","__jog_414_a","__jog_414_b","LVK7AI",6,15,25,NA,"waypoint-waypoint-individual"
"Real 375","c","c2-horizontal-offset-row","__jog_414_a","__jog_414_b","JR9YMU",6,15,25,NA,"waypoint-waypoint-individual"
"Real 375","c","c2-horizontal-offset-row","__jog_414_a","__jog_414_b","RR1711",6,15,25,NA,"waypoint-waypoint-individual"
"Real 375","c","c2-horizontal-offset-row","__jog_414_a","__jog_414_b","ZP1T7Z",6,15,25,NA,"waypoint-waypoint-individual"
"Real 375","c","c2-horizontal-offset-row","__jog_415_a","__jog_415_b","JR9YMU",6,24,25,NA,"waypoint-waypoint-individual"
"Real 375","c","c2-horizontal-offset-row","__jog_415_a","__jog_415_b","T8EB3B",6,24,25,NA,"waypoint-waypoint-individual"
"Real 375","c","c2-horizontal-offset-row","__jog_415_a","__jog_415_b","RR1711",6,24,25,NA,"waypoint-waypoint-individual"
"Real 375","c","c2-horizontal-offset-row","__jog_415_a","__jog_415_b","__dup_8GSXTQ_2",6,24,25,NA,"waypoint-waypoint-duplicate"
"Real 375","c","c2-horizontal-offset-row","__jog_417_a","__jog_417_b","0BNY0G",6,21,25,NA,"waypoint-waypoint-individual"
"Real 375","c","c2-horizontal-offset-row","__jog_417_a","__jog_417_b","__dup_7WQYLL_2",6,21,25,NA,"waypoint-waypoint-duplicate"
"Real 375","c","c2-horizontal-offset-row","__jog_418_a","__jog_418_b","2DA5K8",6,24,25,NA,"waypoint-waypoint-individual"
"Real 375","c","c2-horizontal-offset-row","__jog_418_a","__jog_418_b","8W81GT",6,24,25,NA,"waypoint-waypoint-individual"
"Real 375","c","c2-vertical","__drop___union_203","__jog_419_a","J1SX9Q",6,7.5,25,NA,"waypoint-waypoint-individual"
"Real 375","c","c2-horizontal-offset-row","__jog_426_a","__jog_426_b","J1SX9Q",6,15,25,NA,"waypoint-waypoint-individual"
"Real 375","c","c2-horizontal-offset-row","__jog_426_a","__jog_426_b","0BNY0G",6,15,25,NA,"waypoint-waypoint-individual"
"Real 375","c","c2-horizontal-offset-row","__jog_426_a","__jog_426_b","K9X9T3",6,15,25,NA,"waypoint-waypoint-individual"
"Real 375","c","c2-horizontal-offset-row","__jog_426_a","__jog_426_b","K0M2RD",6,15,25,NA,"waypoint-waypoint-individual"
"Real 375","c","c2-horizontal-offset-row","__jog_426_a","__jog_426_b","RK53PX",6,15,25,NA,"waypoint-waypoint-individual"
"Real 375","c","c2-horizontal-offset-row","__jog_426_a","__jog_426_b","JJ3LDY",6,15,25,NA,"waypoint-waypoint-individual"
"Real 375","c","c2-horizontal-offset-row","__jog_426_a","__jog_426_b","__dup_7WQYLL_2",6,15,25,NA,"waypoint-waypoint-duplicate"
"Real 375","c","c2-horizontal-offset-row","__jog_428_a","__jog_428_b","2DA5K8",6,6,25,NA,"waypoint-waypoint-individual"
"Real 375","c","c2-horizontal-offset-row","__jog_428_a","__jog_428_b","ZPVN1V",6,6,25,NA,"waypoint-waypoint-individual"
"Real 375","c","c2-horizontal-offset-row","__jog_428_a","__jog_428_b","306H5X",6,6,25,NA,"waypoint-waypoint-individual"
"Real 375","c","c2-horizontal-offset-row","__jog_429_a","__jog_429_b","2DA5K8",6,15,25,NA,"waypoint-waypoint-individual"
"Real 375","c","c2-horizontal-offset-row","__jog_429_a","__jog_429_b","ZPVN1V",6,15,25,NA,"waypoint-waypoint-individual"
"Real 375","c","c2-horizontal-offset-row","__jog_429_a","__jog_429_b","306H5X",6,15,25,NA,"waypoint-waypoint-individual"
"Real 375","c","c2-horizontal-offset-row","__jog_429_a","__jog_429_b","TFSCLL",6,15,25,NA,"waypoint-waypoint-individual"
"Real 375","c","c2-horizontal-offset-row","__jog_430_a","__jog_430_b","2DA5K8",6,3,25,NA,"waypoint-waypoint-individual"
"Real 375","c","c2-horizontal-offset-row","__jog_430_a","__jog_430_b","ZPVN1V",6,3,25,NA,"waypoint-waypoint-individual"
"Real 375","c","c2-horizontal-offset-row","__jog_430_a","__jog_430_b","306H5X",6,3,25,NA,"waypoint-waypoint-individual"
"Real 375","c","c2-horizontal-offset-row","__jog_430_a","__jog_430_b","TFSCLL",6,3,25,NA,"waypoint-waypoint-individual"
"Real 375","c","c2-horizontal-offset-row","__jog_430_a","__jog_430_b","H6GMER",6,3,25,NA,"waypoint-waypoint-individual"
"Real 375","c","c2-horizontal-offset-row","__jog_430_a","__jog_430_b","__union_230",6,3,6,NA,"waypoint-waypoint-union"
"Real 375","c","c2-horizontal-offset-row","__jog_435_a","__jog_435_b","WW4JIT",7,21,25,NA,"waypoint-waypoint-individual"
"Real 375","c","c2-horizontal-offset-row","__jog_435_a","__jog_435_b","LDTVKR",7,21,25,NA,"waypoint-waypoint-individual"
"Real 375","c","c2-horizontal-offset-row","__jog_435_a","__jog_435_b","__dup_HH66K6_1",7,21,25,NA,"waypoint-waypoint-duplicate"
"Real 375","c","c2-vertical","__drop___union_224","__jog_440_a","MAZX6R",7,9.60468635614927,25,NA,"waypoint-waypoint-individual"
"Real 375","c","c2-horizontal-offset-row","__jog_440_a","__jog_440_b","WW4JIT",7,6,25,NA,"waypoint-waypoint-individual"
"Real 375","c","c2-horizontal-offset-row","__jog_440_a","__jog_440_b","6CVAJM",7,6,25,NA,"waypoint-waypoint-individual"
"Real 375","c","c2-horizontal-offset-row","__jog_440_a","__jog_440_b","LDTVKR",7,6,25,NA,"waypoint-waypoint-individual"
"Real 375","c","c2-horizontal-offset-row","__jog_440_a","__jog_440_b","FHHNGA",7,6,25,NA,"waypoint-waypoint-individual"
"Real 375","c","c2-horizontal-offset-row","__jog_440_a","__jog_440_b","W7AVCH",7,6,25,NA,"waypoint-waypoint-individual"
"Real 375","c","c2-horizontal-offset-row","__jog_440_a","__jog_440_b","MAZX6R",7,9.60468635614927,25,NA,"waypoint-waypoint-individual"
"Real 375","c","c2-horizontal-offset-row","__jog_440_a","__jog_440_b","4A4EC5",7,6,25,NA,"waypoint-waypoint-individual"
"Real 375","c","c2-horizontal-offset-row","__jog_441_a","__jog_441_b","WW4JIT",7,24,25,NA,"waypoint-waypoint-individual"
"Real 375","c","c2-horizontal-offset-row","__jog_441_a","__jog_441_b","6CVAJM",7,24,25,NA,"waypoint-waypoint-individual"
"Real 375","c","c2-horizontal-offset-row","__jog_441_a","__jog_441_b","LDTVKR",7,24,25,NA,"waypoint-waypoint-individual"
"Real 375","c","c2-horizontal-offset-row","__jog_441_a","__jog_441_b","CEIDU5",7,24,25,NA,"waypoint-waypoint-individual"
"Real 375","c","c2-horizontal-offset-row","__jog_441_a","__jog_441_b","FHHNGA",7,24,25,NA,"waypoint-waypoint-individual"
"Real 375","c","c2-horizontal-offset-row","__jog_441_a","__jog_441_b","W7AVCH",7,24,25,NA,"waypoint-waypoint-individual"
"Real 375","c","c2-horizontal-offset-row","__jog_441_a","__jog_441_b","MAZX6R",7,24,25,NA,"waypoint-waypoint-individual"
"Real 375","c","c2-horizontal-offset-row","__jog_441_a","__jog_441_b","4A4EC5",7,24,25,NA,"waypoint-waypoint-individual"
"Real 375","c","c2-horizontal-offset-row","__jog_441_a","__jog_441_b","__dup_HH66K6_1",7,24,25,NA,"waypoint-waypoint-duplicate"
"Real 375","c","c2-horizontal-offset-row","__jog_442_a","__jog_442_b","WW4JIT",7,3,25,NA,"waypoint-waypoint-individual"
"Real 375","c","c2-horizontal-offset-row","__jog_442_a","__jog_442_b","LDTVKR",7,3,25,NA,"waypoint-waypoint-individual"
"Real 375","c","c2-horizontal-offset-row","__jog_442_a","__jog_442_b","FHHNGA",7,3,25,NA,"waypoint-waypoint-individual"
"Real 375","c","c2-horizontal-offset-row","__jog_442_a","__jog_442_b","W7AVCH",7,3,25,NA,"waypoint-waypoint-individual"
"Real 375","c","c2-horizontal-offset-row","__jog_442_a","__jog_442_b","__dup_HH66K6_1",7,3,25,NA,"waypoint-waypoint-duplicate"
"Real 375","c","c2-horizontal-offset-row","__jog_442_a","__jog_442_b","__union_235",7,3,6,NA,"waypoint-waypoint-union"
"Real 375","c","c2-horizontal-offset-row","__jog_442_a","__jog_442_b","__union_236",7,3,6,NA,"waypoint-waypoint-union"
"Real 375","c","c2-horizontal-offset-row","__jog_442_a","__jog_442_b","__union_237",7,3,6,NA,"waypoint-waypoint-union"
"Real 375","c","c2-horizontal-offset-row","__jog_444_a","__jog_444_b","WW4JIT",7,12,25,NA,"waypoint-waypoint-individual"
"Real 375","c","c2-horizontal-offset-row","__jog_444_a","__jog_444_b","LDTVKR",7,12,25,NA,"waypoint-waypoint-individual"
"Real 375","c","c2-horizontal-offset-row","__jog_444_a","__jog_444_b","W7AVCH",7,12,25,NA,"waypoint-waypoint-individual"
"Real 375","c","c2-horizontal-offset-row","__jog_444_a","__jog_444_b","__dup_HH66K6_1",7,12,25,NA,"waypoint-waypoint-duplicate"
"Real 375","c","c2-horizontal-offset-row","__jog_446_a","__jog_446_b","MAW987",7,24,25,NA,"waypoint-waypoint-individual"
"Real 375","c","c2-horizontal-offset-row","__jog_446_a","__jog_446_b","DA82MT",7,24,25,NA,"waypoint-waypoint-individual"
"Real 375","c","c2-horizontal-offset-row","__jog_447_a","__jog_447_b","WW4JIT",7,15,25,NA,"waypoint-waypoint-individual"
"Real 375","c","c2-horizontal-offset-row","__jog_447_a","__jog_447_b","6CVAJM",7,15,25,NA,"waypoint-waypoint-individual"
"Real 375","c","c2-horizontal-offset-row","__jog_447_a","__jog_447_b","LDTVKR",7,15,25,NA,"waypoint-waypoint-individual"
"Real 375","c","c2-horizontal-offset-row","__jog_447_a","__jog_447_b","FHHNGA",7,15,25,NA,"waypoint-waypoint-individual"
"Real 375","c","c2-horizontal-offset-row","__jog_447_a","__jog_447_b","W7AVCH",7,15,25,NA,"waypoint-waypoint-individual"
"Real 375","c","c2-horizontal-offset-row","__jog_447_a","__jog_447_b","MAZX6R",7,15,25,NA,"waypoint-waypoint-individual"
"Real 375","c","c2-horizontal-offset-row","__jog_447_a","__jog_447_b","4A4EC5",7,15,25,NA,"waypoint-waypoint-individual"
"Real 375","c","c2-horizontal-offset-row","__jog_447_a","__jog_447_b","__dup_HH66K6_1",7,15,25,NA,"waypoint-waypoint-duplicate"
"Real 375","c","c2-horizontal-offset-row","__jog_453_a","__jog_453_b","9R28KQ",2,18,25,NA,"waypoint-waypoint-individual"
"Real 375","c","c2-horizontal-offset-row","__jog_453_a","__jog_453_b","61ZSF7",2,18,25,NA,"waypoint-waypoint-individual"
"Real 375","c","c2-horizontal-offset-row","__jog_453_a","__jog_453_b","ASAF1T",2,18,25,NA,"waypoint-waypoint-individual"
"Real 375","c","c2-horizontal-offset-row","__jog_453_a","__jog_453_b","WCPXHD",2,18,25,NA,"waypoint-waypoint-individual"
"Real 375","c","c2-horizontal-offset-row","__jog_453_a","__jog_453_b","FJIB3R",2,18,25,NA,"waypoint-waypoint-individual"
"Real 375","c","c2-horizontal-offset-row","__jog_453_a","__jog_453_b","9VGCCV",2,18,25,NA,"waypoint-waypoint-individual"
"Real 375","c","c2-horizontal-offset-row","__jog_453_a","__jog_453_b","4F3ASD",2,18,25,NA,"waypoint-waypoint-individual"
"Real 375","c","c2-horizontal-offset-row","__jog_453_a","__jog_453_b","42M0Y8",2,18,25,NA,"waypoint-waypoint-individual"
"Real 375","c","c2-horizontal-offset-row","__jog_453_a","__jog_453_b","4U7JTW",2,18,25,NA,"waypoint-waypoint-individual"
"Real 375","c","c2-horizontal-offset-row","__jog_453_a","__jog_453_b","WIBIVP",2,18,25,NA,"waypoint-waypoint-individual"
"Real 375","c","c2-horizontal-offset-row","__jog_453_a","__jog_453_b","__dup_NPYENA_1",2,18,25,NA,"waypoint-waypoint-duplicate"
"Real 375","c","c2-horizontal-offset-row","__jog_453_a","__jog_453_b","__dup_8LKBV9_1",2,18,25,NA,"waypoint-waypoint-duplicate"
"Real 375","c","c2-vertical","__jog_453_b","__union_109","WCPXHD",2,22.5,25,NA,"waypoint-union-individual"
"Real 375","c","c2-horizontal-offset-row","__jog_454_a","__jog_454_b","KCBMY9",2,9,25,NA,"waypoint-waypoint-individual"
"Real 375","c","c2-horizontal-offset-row","__jog_454_a","__jog_454_b","DMI0QY",2,9,25,NA,"waypoint-waypoint-individual"
"Real 375","c","c2-horizontal-offset-row","__jog_454_a","__jog_454_b","9YJWKX",2,9,25,NA,"waypoint-waypoint-individual"
"Real 375","c","c2-horizontal-offset-row","__jog_454_a","__jog_454_b","__dup_KCBMY9_1",2,9,25,NA,"waypoint-waypoint-duplicate"
"Real 375","c","c2-vertical","__jog_456_b","__union_121","GBGWZD",2,7.5,25,NA,"waypoint-union-individual"
"Real 375","c","c2-horizontal-offset-row","__jog_457_a","__jog_457_b","9R28KQ",2,9,25,NA,"waypoint-waypoint-individual"
"Real 375","c","c2-horizontal-offset-row","__jog_457_a","__jog_457_b","61ZSF7",2,9,25,NA,"waypoint-waypoint-individual"
"Real 375","c","c2-horizontal-offset-row","__jog_457_a","__jog_457_b","ASAF1T",2,9,25,NA,"waypoint-waypoint-individual"
"Real 375","c","c2-horizontal-offset-row","__jog_457_a","__jog_457_b","FJIB3R",2,9,25,NA,"waypoint-waypoint-individual"
"Real 375","c","c2-horizontal-offset-row","__jog_457_a","__jog_457_b","9VGCCV",2,9,25,NA,"waypoint-waypoint-individual"
"Real 375","c","c2-horizontal-offset-row","__jog_457_a","__jog_457_b","4F3ASD",2,9,25,NA,"waypoint-waypoint-individual"
"Real 375","c","c2-horizontal-offset-row","__jog_457_a","__jog_457_b","42M0Y8",2,9,25,NA,"waypoint-waypoint-individual"
"Real 375","c","c2-horizontal-offset-row","__jog_457_a","__jog_457_b","9CZSZM",2,9,25,NA,"waypoint-waypoint-individual"
"Real 375","c","c2-horizontal-offset-row","__jog_457_a","__jog_457_b","4U7JTW",2,9,25,NA,"waypoint-waypoint-individual"
"Real 375","c","c2-horizontal-offset-row","__jog_457_a","__jog_457_b","WIBIVP",2,9,25,NA,"waypoint-waypoint-individual"
"Real 375","c","c2-horizontal-offset-row","__jog_457_a","__jog_457_b","__dup_NPYENA_1",2,9,25,NA,"waypoint-waypoint-duplicate"
"Real 375","c","c2-horizontal-offset-row","__jog_457_a","__jog_457_b","__dup_8LKBV9_1",2,9,25,NA,"waypoint-waypoint-duplicate"
"Real 375","c","c2-vertical","__jog_458_b","__union_134","B6IDBA",2,22.5,25,NA,"waypoint-union-individual"
"Real 375","c","c2-vertical","__proj_D0Z114___union_135","__jog_459_a","__dup_4U7JTW_1",2,2.1200000000008,25,NA,"waypoint-waypoint-duplicate"
"Real 375","c","c2-vertical","__jog_459_b","__union_135","YPHFHF",2,15,25,NA,"waypoint-union-individual"
"Real 375","c","c2-horizontal-offset-row","__jog_462_a","__jog_462_b","MND3AC",3,9,25,NA,"waypoint-waypoint-individual"
"Real 375","c","c2-horizontal-offset-row","__jog_462_a","__jog_462_b","8THU85",3,9,25,NA,"waypoint-waypoint-individual"
"Real 375","c","c2-horizontal-offset-row","__jog_462_a","__jog_462_b","RF8KMZ",3,9,25,NA,"waypoint-waypoint-individual"
"Real 375","c","c2-horizontal-offset-row","__jog_462_a","__jog_462_b","HPGUPS",3,9,25,NA,"waypoint-waypoint-individual"
"Real 375","c","c2-horizontal-offset-row","__jog_462_a","__jog_462_b","S0ZHJP",3,9,25,NA,"waypoint-waypoint-individual"
"Real 375","c","c2-horizontal-offset-row","__jog_462_a","__jog_462_b","WWZRCW",3,9,25,NA,"waypoint-waypoint-individual"
"Real 375","c","c2-horizontal-offset-row","__jog_462_a","__jog_462_b","JE4WD7",3,9,25,NA,"waypoint-waypoint-individual"
"Real 375","c","c2-horizontal-offset-row","__jog_462_a","__jog_462_b","Q82XRQ",3,9,25,NA,"waypoint-waypoint-individual"
"Real 375","c","c2-horizontal-offset-row","__jog_462_a","__jog_462_b","GA204Z",3,9,25,NA,"waypoint-waypoint-individual"
"Real 375","c","c2-horizontal-offset-row","__jog_462_a","__jog_462_b","P49ZD1",3,9,25,NA,"waypoint-waypoint-individual"
"Real 375","c","c2-horizontal-offset-row","__jog_462_a","__jog_462_b","__dup_KUENM8_3",3,9,25,NA,"waypoint-waypoint-duplicate"
"Real 375","c","c2-horizontal-offset-row","__jog_463_a","__jog_463_b","MND3AC",3,18,25,NA,"waypoint-waypoint-individual"
"Real 375","c","c2-horizontal-offset-row","__jog_463_a","__jog_463_b","8THU85",3,18,25,NA,"waypoint-waypoint-individual"
"Real 375","c","c2-horizontal-offset-row","__jog_463_a","__jog_463_b","RF8KMZ",3,18,25,NA,"waypoint-waypoint-individual"
"Real 375","c","c2-horizontal-offset-row","__jog_463_a","__jog_463_b","HWQS19",3,18,25,NA,"waypoint-waypoint-individual"
"Real 375","c","c2-horizontal-offset-row","__jog_463_a","__jog_463_b","HPGUPS",3,18,25,NA,"waypoint-waypoint-individual"
"Real 375","c","c2-horizontal-offset-row","__jog_463_a","__jog_463_b","S0ZHJP",3,18,25,NA,"waypoint-waypoint-individual"
"Real 375","c","c2-horizontal-offset-row","__jog_463_a","__jog_463_b","WWZRCW",3,18,25,NA,"waypoint-waypoint-individual"
"Real 375","c","c2-horizontal-offset-row","__jog_463_a","__jog_463_b","CSZ177",3,18,25,NA,"waypoint-waypoint-individual"
"Real 375","c","c2-horizontal-offset-row","__jog_463_a","__jog_463_b","JE4WD7",3,18,25,NA,"waypoint-waypoint-individual"
"Real 375","c","c2-horizontal-offset-row","__jog_463_a","__jog_463_b","73Z6NI",3,18,25,NA,"waypoint-waypoint-individual"
"Real 375","c","c2-horizontal-offset-row","__jog_463_a","__jog_463_b","Q82XRQ",3,18,25,NA,"waypoint-waypoint-individual"
"Real 375","c","c2-horizontal-offset-row","__jog_463_a","__jog_463_b","GA204Z",3,18,25,NA,"waypoint-waypoint-individual"
"Real 375","c","c2-horizontal-offset-row","__jog_463_a","__jog_463_b","P49ZD1",3,18,25,NA,"waypoint-waypoint-individual"
"Real 375","c","c2-horizontal-offset-row","__jog_463_a","__jog_463_b","KY4G8M",3,18,25,NA,"waypoint-waypoint-individual"
"Real 375","c","c2-horizontal-offset-row","__jog_463_a","__jog_463_b","6PQJV5",3,18,25,NA,"waypoint-waypoint-individual"
"Real 375","c","c2-horizontal-offset-row","__jog_463_a","__jog_463_b","30YDZU",3,18,25,NA,"waypoint-waypoint-individual"
"Real 375","c","c2-horizontal-offset-row","__jog_463_a","__jog_463_b","__dup_CMJQGU_2",3,18,25,NA,"waypoint-waypoint-duplicate"
"Real 375","c","c2-horizontal-offset-row","__jog_463_a","__jog_463_b","__dup_KUENM8_3",3,18,25,NA,"waypoint-waypoint-duplicate"
"Real 375","c","c2-horizontal-offset-row","__jog_463_a","__jog_463_b","__dup_SLN0TF_2",3,18,25,NA,"waypoint-waypoint-duplicate"
"Real 375","c","c2-vertical","__jog_464_b","__union_146","3SG899",3,0,25,NA,"waypoint-union-individual"
"Real 375","c","c2-vertical","__proj_EQNDAY___union_152","__jog_466_a","__dup_Q00PB1_1",3,0,25,NA,"waypoint-waypoint-duplicate"
"Real 375","c","c2-vertical","__jog_470_b","__union_166","CSZ177",3,7.5,25,NA,"waypoint-union-individual"
"Real 375","c","c2-vertical","__jog_473_b","__union_169","__union_178",4,0,6,NA,"waypoint-union-union"
"Real 375","c","c2-vertical","__proj_6PQJV5___union_171","__jog_474_a","__dup_M5DJVP_2",4,0.1200000000008,25,NA,"waypoint-waypoint-duplicate"
"Real 375","c","c2-vertical","__jog_477_b","__union_176","__dup_M5DJVP_2",4,7.6200000000008,25,NA,"waypoint-union-duplicate"
"Real 375","c","c2-vertical","__proj_ASAF1T___union_177","__jog_478_a","UZJGCD",4,0,25,NA,"waypoint-waypoint-individual"
"Real 375","c","c2-horizontal-offset-row","__jog_479_a","__jog_479_b","9PDPW7",4,18,25,NA,"waypoint-waypoint-individual"
"Real 375","c","c2-horizontal-offset-row","__jog_479_a","__jog_479_b","J4ZDIU",4,18,25,NA,"waypoint-waypoint-individual"
"Real 375","c","c2-horizontal-offset-row","__jog_479_a","__jog_479_b","ZMMIM4",4,18,25,NA,"waypoint-waypoint-individual"
"Real 375","c","c2-horizontal-offset-row","__jog_479_a","__jog_479_b","BR9WT6",4,18,25,NA,"waypoint-waypoint-individual"
"Real 375","c","c2-horizontal-offset-row","__jog_479_a","__jog_479_b","__dup_DKMJ2Z_1",4,18,25,NA,"waypoint-waypoint-duplicate"
"Real 375","c","c2-vertical","__jog_480_b","__union_182","667KL7",4,7.5,25,NA,"waypoint-union-individual"
"Real 375","c","c2-vertical","__proj_772Q3D___union_185","__jog_481_a","__union_179",4,0,6,NA,"waypoint-waypoint-union"
"Real 375","c","c2-vertical","__jog_481_b","__union_185","8GSXTQ",4,15,25,NA,"waypoint-union-individual"
"Real 375","c","c2-horizontal-offset-row","__jog_482_a","__jog_482_b","8GSXTQ",4,18,25,NA,"waypoint-waypoint-individual"
"Real 375","c","c2-horizontal-offset-row","__jog_482_a","__jog_482_b","A7YLIQ",4,18,25,NA,"waypoint-waypoint-individual"
"Real 375","c","c2-horizontal-offset-row","__jog_482_a","__jog_482_b","SPHGC9",4,18,25,NA,"waypoint-waypoint-individual"
"Real 375","c","c2-horizontal-offset-row","__jog_482_a","__jog_482_b","P844CW",4,18,25,NA,"waypoint-waypoint-individual"
"Real 375","c","c2-horizontal-offset-row","__jog_482_a","__jog_482_b","IMF6BL",4,18,25,NA,"waypoint-waypoint-individual"
"Real 375","c","c2-horizontal-offset-row","__jog_482_a","__jog_482_b","ED5PDV",4,18,25,NA,"waypoint-waypoint-individual"
"Real 375","c","c2-horizontal-offset-row","__jog_482_a","__jog_482_b","__dup_B2U6J7_1",4,18,25,NA,"waypoint-waypoint-duplicate"
"Real 375","c","c2-vertical","__jog_482_b","__union_186","SPHGC9",4,15,25,NA,"waypoint-union-individual"
"Real 375","c","c2-vertical","__proj_KY4G8M___union_188","__jog_483_a","__dup_YPHFHF_3",4,0.1200000000008,25,NA,"waypoint-waypoint-duplicate"
"Real 375","c","c2-horizontal-offset-row","__jog_483_a","__jog_483_b","HJLX2B",4,18,25,NA,"waypoint-waypoint-individual"
"Real 375","c","c2-horizontal-offset-row","__jog_483_a","__jog_483_b","T5S3BR",4,18,25,NA,"waypoint-waypoint-individual"
"Real 375","c","c2-horizontal-offset-row","__jog_483_a","__jog_483_b","667KL7",4,18,25,NA,"waypoint-waypoint-individual"
"Real 375","c","c2-horizontal-offset-row","__jog_483_a","__jog_483_b","9LZVTE",4,18,25,NA,"waypoint-waypoint-individual"
"Real 375","c","c2-horizontal-offset-row","__jog_483_a","__jog_483_b","__dup_M5DJVP_2",4,18,25,NA,"waypoint-waypoint-duplicate"
"Real 375","c","c2-horizontal-offset-row","__jog_483_a","__jog_483_b","__dup_YPHFHF_3",4,18.0003999955557,25,NA,"waypoint-waypoint-duplicate"
"Real 375","c","c2-horizontal-offset-row","__jog_483_a","__jog_483_b","__dup_9C6NW8_3",4,19.4541615085308,25,NA,"waypoint-waypoint-duplicate"
"Real 375","c","c2-vertical","__jog_483_b","__union_188","__dup_9C6NW8_3",4,7.38000000000011,25,NA,"waypoint-union-duplicate"
"Real 375","c","c2-horizontal-offset-row","__jog_484_a","__jog_484_b","9M5YFR",4,9,25,NA,"waypoint-waypoint-individual"
"Real 375","c","c2-horizontal-offset-row","__jog_484_a","__jog_484_b","8GSXTQ",4,9,25,NA,"waypoint-waypoint-individual"
"Real 375","c","c2-horizontal-offset-row","__jog_484_a","__jog_484_b","A7YLIQ",4,9,25,NA,"waypoint-waypoint-individual"
"Real 375","c","c2-horizontal-offset-row","__jog_484_a","__jog_484_b","SPHGC9",4,9,25,NA,"waypoint-waypoint-individual"
"Real 375","c","c2-horizontal-offset-row","__jog_484_a","__jog_484_b","S7MA0G",4,9,25,NA,"waypoint-waypoint-individual"
"Real 375","c","c2-horizontal-offset-row","__jog_484_a","__jog_484_b","ZMMIM4",4,9,25,NA,"waypoint-waypoint-individual"
"Real 375","c","c2-horizontal-offset-row","__jog_484_a","__jog_484_b","P844CW",4,9,25,NA,"waypoint-waypoint-individual"
"Real 375","c","c2-horizontal-offset-row","__jog_484_a","__jog_484_b","IMF6BL",4,9,25,NA,"waypoint-waypoint-individual"
"Real 375","c","c2-horizontal-offset-row","__jog_484_a","__jog_484_b","ED5PDV",4,9,25,NA,"waypoint-waypoint-individual"
"Real 375","c","c2-horizontal-offset-row","__jog_484_a","__jog_484_b","BR9WT6",4,9,25,NA,"waypoint-waypoint-individual"
"Real 375","c","c2-horizontal-offset-row","__jog_484_a","__jog_484_b","__dup_B2U6J7_1",4,9,25,NA,"waypoint-waypoint-duplicate"
"Real 375","c","c2-vertical","__jog_486_b","__union_203","__dup_81MJXH_1",5,7.6200000000008,25,NA,"waypoint-union-duplicate"
"Real 375","c","c2-vertical","__jog_487_b","__union_206","NKNRU0",5,22.5,25,NA,"waypoint-union-individual"
"Real 375","c","c2-horizontal-offset-row","__jog_488_a","__jog_488_b","95XZY9",5,18,25,NA,"waypoint-waypoint-individual"
"Real 375","c","c2-horizontal-offset-row","__jog_488_a","__jog_488_b","MZQCZB",5,18,25,NA,"waypoint-waypoint-individual"
"Real 375","c","c2-horizontal-offset-row","__jog_488_a","__jog_488_b","ZHVYYN",5,18,25,NA,"waypoint-waypoint-individual"
"Real 375","c","c2-horizontal-offset-row","__jog_488_a","__jog_488_b","TXIF7D",5,18,25,NA,"waypoint-waypoint-individual"
"Real 375","c","c2-horizontal-offset-row","__jog_488_a","__jog_488_b","7VEH10",5,18,25,NA,"waypoint-waypoint-individual"
"Real 375","c","c2-horizontal-offset-row","__jog_488_a","__jog_488_b","LT00CV",5,18,25,NA,"waypoint-waypoint-individual"
"Real 375","c","c2-horizontal-offset-row","__jog_488_a","__jog_488_b","KUY2ED",5,18,25,NA,"waypoint-waypoint-individual"
"Real 375","c","c2-horizontal-offset-row","__jog_488_a","__jog_488_b","T6UQVX",5,18,25,NA,"waypoint-waypoint-individual"
"Real 375","c","c2-horizontal-offset-row","__jog_488_a","__jog_488_b","4R7L88",5,18,25,NA,"waypoint-waypoint-individual"
"Real 375","c","c2-horizontal-offset-row","__jog_488_a","__jog_488_b","__dup_FIL6AB_3",5,18,25,NA,"waypoint-waypoint-duplicate"
"Real 375","c","c2-horizontal-offset-row","__jog_488_a","__jog_488_b","__dup_F5M8IL_1",5,18,25,NA,"waypoint-waypoint-duplicate"
"Real 375","c","c2-horizontal-offset-row","__jog_491_a","__jog_491_b","GBLFXN",5,18,25,NA,"waypoint-waypoint-individual"
"Real 375","c","c2-vertical","__jog_494_b","__union_218","__dup_FIL6AB_3",5,20.2600000000002,25,NA,"waypoint-union-duplicate"
"Real 375","c","c2-horizontal-offset-row","__jog_495_a","__jog_495_b","K9X9T3",6,9,25,NA,"waypoint-waypoint-individual"
"Real 375","c","c2-horizontal-offset-row","__jog_495_a","__jog_495_b","K0M2RD",6,9,25,NA,"waypoint-waypoint-individual"
"Real 375","c","c2-horizontal-offset-row","__jog_495_a","__jog_495_b","RK53PX",6,9,25,NA,"waypoint-waypoint-individual"
"Real 375","c","c2-horizontal-offset-row","__jog_495_a","__jog_495_b","JJ3LDY",6,9,25,NA,"waypoint-waypoint-individual"
"Real 375","c","c2-horizontal-offset-row","__jog_497_a","__jog_497_b","K9X9T3",6,18,25,NA,"waypoint-waypoint-individual"
"Real 375","c","c2-horizontal-offset-row","__jog_497_a","__jog_497_b","K0M2RD",6,18,25,NA,"waypoint-waypoint-individual"
"Real 375","c","c2-horizontal-offset-row","__jog_497_a","__jog_497_b","RK53PX",6,18,25,NA,"waypoint-waypoint-individual"
"Real 375","c","c2-horizontal-offset-row","__jog_497_a","__jog_497_b","JJ3LDY",6,18,25,NA,"waypoint-waypoint-individual"
"Real 375","c","c2-horizontal-offset-row","__jog_500_a","__jog_500_b","2DA5K8",6,9,25,NA,"waypoint-waypoint-individual"
"Real 375","c","c2-horizontal-offset-row","__jog_500_a","__jog_500_b","8W81GT",6,9,25,NA,"waypoint-waypoint-individual"
"Real 375","c","c2-vertical","__proj_BB0JP9___union_229","__jog_501_a","RK53PX",6,0,25,NA,"waypoint-waypoint-individual"
"Real 375","c","c2-horizontal-offset-row","__jog_505_a","__jog_505_b","MAW987",7,9,25,NA,"waypoint-waypoint-individual"
"Real 375","c","c2-horizontal-offset-row","__jog_505_a","__jog_505_b","0IG0ZS",7,9,25,NA,"waypoint-waypoint-individual"
"Real 375","c","c2-horizontal-offset-row","__jog_505_a","__jog_505_b","__dup_RK53PX_1",7,9,25,NA,"waypoint-waypoint-duplicate"
"Real 375","c","c2-vertical","__jog_95_a","__jog_511_a","ZMMIM4",4,12.3,25,NA,"waypoint-waypoint-individual"
"Real 375","c","c2-horizontal-offset-row","__jog_511_a","__jog_511_b","A7YLIQ",4,12.3,25,NA,"waypoint-waypoint-individual"
"Real 375","c","c2-horizontal-offset-row","__jog_511_a","__jog_511_b","S7MA0G",4,12.3,25,NA,"waypoint-waypoint-individual"
"Real 375","c","c2-horizontal-offset-row","__jog_511_a","__jog_511_b","ZMMIM4",4,12.3,25,NA,"waypoint-waypoint-individual"
"Real 375","c","c2-horizontal-offset-row","__jog_511_a","__jog_511_b","BR9WT6",4,12.3,25,NA,"waypoint-waypoint-individual"
"Real 375","c","c2-vertical","__jog_149_a","__jog_519_a","RK53PX",6,21.3,25,NA,"waypoint-waypoint-individual"
"Real 375","c","c2-horizontal-offset-row","__jog_519_a","__jog_519_b","J1SX9Q",6,21.3,25,NA,"waypoint-waypoint-individual"
"Real 375","c","c2-horizontal-offset-row","__jog_519_a","__jog_519_b","0BNY0G",6,21.3,25,NA,"waypoint-waypoint-individual"
"Real 375","c","c2-horizontal-offset-row","__jog_519_a","__jog_519_b","K9X9T3",6,21.3,25,NA,"waypoint-waypoint-individual"
"Real 375","c","c2-horizontal-offset-row","__jog_519_a","__jog_519_b","K0M2RD",6,21.3,25,NA,"waypoint-waypoint-individual"
"Real 375","c","c2-horizontal-offset-row","__jog_519_a","__jog_519_b","RK53PX",6,21.3,25,NA,"waypoint-waypoint-individual"
"Real 375","c","c2-horizontal-offset-row","__jog_519_a","__jog_519_b","JJ3LDY",6,21.3,25,NA,"waypoint-waypoint-individual"
"Real 375","c","c2-horizontal-offset-row","__jog_519_a","__jog_519_b","__dup_7WQYLL_2",6,21.3,25,NA,"waypoint-waypoint-duplicate"
"Real 375","c","c2-horizontal-offset-row","__jog_526_a","__jog_526_b","HA7MFD",4,21.3,25,NA,"waypoint-waypoint-individual"
"Real 375","c","c2-horizontal-offset-row","__jog_526_a","__jog_526_b","B2U6J7",4,21.3,25,NA,"waypoint-waypoint-individual"
"Real 375","c","c2-horizontal-offset-row","__jog_526_a","__jog_526_b","EFZPSL",4,21.3,25,NA,"waypoint-waypoint-individual"
"Real 375","c","c2-horizontal-offset-row","__jog_526_a","__jog_526_b","8NQX52",4,21.3,25,NA,"waypoint-waypoint-individual"
"Real 375","c","c2-horizontal-offset-row","__jog_526_a","__jog_526_b","9PDPW7",4,21.3,25,NA,"waypoint-waypoint-individual"
"Real 375","c","c2-horizontal-offset-row","__jog_526_a","__jog_526_b","J4ZDIU",4,21.3,25,NA,"waypoint-waypoint-individual"
"Real 375","c","c2-horizontal-offset-row","__jog_526_a","__jog_526_b","ZMMIM4",4,21.3,25,NA,"waypoint-waypoint-individual"
"Real 375","c","c2-horizontal-offset-row","__jog_526_a","__jog_526_b","62PLX3",4,21.3,25,NA,"waypoint-waypoint-individual"
"Real 375","c","c2-horizontal-offset-row","__jog_526_a","__jog_526_b","QQ24T8",4,21.3,25,NA,"waypoint-waypoint-individual"
"Real 375","c","c2-horizontal-offset-row","__jog_526_a","__jog_526_b","4J6BKH",4,21.3,25,NA,"waypoint-waypoint-individual"
"Real 375","c","c2-horizontal-offset-row","__jog_526_a","__jog_526_b","E06FRB",4,21.3,25,NA,"waypoint-waypoint-individual"
"Real 375","c","c2-horizontal-offset-row","__jog_526_a","__jog_526_b","HV7LZ3",4,21.3,25,NA,"waypoint-waypoint-individual"
"Real 375","c","c2-horizontal-offset-row","__jog_526_a","__jog_526_b","2HE8W4",4,21.3,25,NA,"waypoint-waypoint-individual"
"Real 375","c","c2-horizontal-offset-row","__jog_526_a","__jog_526_b","3C6G7Y",4,21.3,25,NA,"waypoint-waypoint-individual"
"Real 375","c","c2-horizontal-offset-row","__jog_526_a","__jog_526_b","BR9WT6",4,21.3,25,NA,"waypoint-waypoint-individual"
"Real 375","c","c2-horizontal-offset-row","__jog_526_a","__jog_526_b","__dup_JE4WD7_1",4,21.3,25,NA,"waypoint-waypoint-duplicate"
"Real 375","c","c2-horizontal-offset-row","__jog_526_a","__jog_526_b","__dup_ELGVC6_1",4,21.3,25,NA,"waypoint-waypoint-duplicate"
"Real 375","c","c2-horizontal-offset-row","__jog_526_a","__jog_526_b","__dup_LUPGF8_3",4,21.3,25,NA,"waypoint-waypoint-duplicate"
"Real 375","c","c2-horizontal-offset-row","__jog_526_a","__jog_526_b","__dup_DKMJ2Z_1",4,21.3,25,NA,"waypoint-waypoint-duplicate"
"Real 375","c","c2-horizontal-offset-row","__jog_526_a","__jog_526_b","__dup_LUPGF8_4",4,21.3,25,NA,"waypoint-waypoint-duplicate"
"Real 375","c","c2-horizontal-offset-row","__jog_529_a","__jog_529_b","W37STC",5,12.3,25,NA,"waypoint-waypoint-individual"
"Real 375","c","c2-horizontal-offset-row","__jog_529_a","__jog_529_b","SBKELE",5,12.3,25,NA,"waypoint-waypoint-individual"
"Real 375","c","c2-horizontal-offset-row","__jog_529_a","__jog_529_b","HH66K6",5,12.3,25,NA,"waypoint-waypoint-individual"
"Real 375","c","c2-horizontal-offset-row","__jog_529_a","__jog_529_b","4DMIW1",5,12.3,25,NA,"waypoint-waypoint-individual"
"Real 375","c","c2-horizontal-offset-row","__jog_529_a","__jog_529_b","3RYHBP",5,12.3,25,NA,"waypoint-waypoint-individual"
"Real 375","c","c2-horizontal-offset-row","__jog_529_a","__jog_529_b","GZFGFQ",5,12.3,25,NA,"waypoint-waypoint-individual"
"Real 375","c","c2-horizontal-offset-row","__jog_529_a","__jog_529_b","FWL00Q",5,12.3,25,NA,"waypoint-waypoint-individual"
"Real 375","c","c2-horizontal-offset-row","__jog_529_a","__jog_529_b","YY7782",5,12.3,25,NA,"waypoint-waypoint-individual"
"Real 375","c","c2-horizontal-offset-row","__jog_529_a","__jog_529_b","2EHR2W",5,12.3,25,NA,"waypoint-waypoint-individual"
"Real 375","c","c2-horizontal-offset-row","__jog_529_a","__jog_529_b","MQ0ZWN",5,12.3,25,NA,"waypoint-waypoint-individual"
"Real 375","c","c2-horizontal-offset-row","__jog_529_a","__jog_529_b","__dup_FIL6AB_1",5,12.3,25,NA,"waypoint-waypoint-duplicate"
"Real 375","c","c2-horizontal-offset-row","__jog_529_a","__jog_529_b","__dup_FIL6AB_2",5,12.3,25,NA,"waypoint-waypoint-duplicate"
"Real 375","c","c2-horizontal-offset-row","__jog_529_a","__jog_529_b","__dup_ED5PDV_1",5,12.3,25,NA,"waypoint-waypoint-duplicate"
"Real 375","c","c2-vertical","__jog_286_a","__jog_530_a","3RYHBP",5,21.3013520697631,25,NA,"waypoint-waypoint-individual"
"Real 375","c","c2-horizontal-offset-row","__jog_530_a","__jog_530_b","SBKELE",5,21.3,25,NA,"waypoint-waypoint-individual"
"Real 375","c","c2-horizontal-offset-row","__jog_530_a","__jog_530_b","HH66K6",5,21.3,25,NA,"waypoint-waypoint-individual"
"Real 375","c","c2-horizontal-offset-row","__jog_530_a","__jog_530_b","3RYHBP",5,21.3,25,NA,"waypoint-waypoint-individual"
"Real 375","c","c2-horizontal-offset-row","__jog_530_a","__jog_530_b","GZFGFQ",5,21.3,25,NA,"waypoint-waypoint-individual"
"Real 375","c","c2-horizontal-offset-row","__jog_530_a","__jog_530_b","FWL00Q",5,21.3,25,NA,"waypoint-waypoint-individual"
"Real 375","c","c2-horizontal-offset-row","__jog_530_a","__jog_530_b","2EHR2W",5,21.3,25,NA,"waypoint-waypoint-individual"
"Real 375","c","c2-horizontal-offset-row","__jog_530_a","__jog_530_b","MQ0ZWN",5,21.3,25,NA,"waypoint-waypoint-individual"
"Real 375","c","c2-horizontal-offset-row","__jog_530_a","__jog_530_b","__dup_FIL6AB_1",5,21.3,25,NA,"waypoint-waypoint-duplicate"
"Real 375","c","c2-horizontal-offset-row","__jog_534_a","__jog_534_b","J1SX9Q",6,13.65,25,NA,"waypoint-waypoint-individual"
"Real 375","c","c2-horizontal-offset-row","__jog_534_a","__jog_534_b","0BNY0G",6,13.65,25,NA,"waypoint-waypoint-individual"
"Real 375","c","c2-horizontal-offset-row","__jog_534_a","__jog_534_b","K9X9T3",6,13.65,25,NA,"waypoint-waypoint-individual"
"Real 375","c","c2-horizontal-offset-row","__jog_534_a","__jog_534_b","K0M2RD",6,13.65,25,NA,"waypoint-waypoint-individual"
"Real 375","c","c2-horizontal-offset-row","__jog_534_a","__jog_534_b","RK53PX",6,13.65,25,NA,"waypoint-waypoint-individual"
"Real 375","c","c2-horizontal-offset-row","__jog_534_a","__jog_534_b","JJ3LDY",6,13.65,25,NA,"waypoint-waypoint-individual"
"Real 375","c","c2-horizontal-offset-row","__jog_534_a","__jog_534_b","__dup_7WQYLL_2",6,13.65,25,NA,"waypoint-waypoint-duplicate"
"Real 375","c","c2-vertical","__jog_306_a","__jog_535_a","J1SX9Q",6,4.20171393600285,25,NA,"waypoint-waypoint-individual"
"Real 375","c","c2-horizontal-offset-row","__jog_535_a","__jog_535_b","J1SX9Q",6,4.20171393600285,25,NA,"waypoint-waypoint-individual"
"Real 375","c","c2-horizontal-offset-row","__jog_535_a","__jog_535_b","0BNY0G",6,4.20000000000005,25,NA,"waypoint-waypoint-individual"
"Real 375","c","c2-horizontal-offset-row","__jog_535_a","__jog_535_b","K9X9T3",6,4.20000000000005,25,NA,"waypoint-waypoint-individual"
"Real 375","c","c2-horizontal-offset-row","__jog_535_a","__jog_535_b","K0M2RD",6,4.20000000000005,25,NA,"waypoint-waypoint-individual"
"Real 375","c","c2-horizontal-offset-row","__jog_535_a","__jog_535_b","JJ3LDY",6,4.20000000000005,25,NA,"waypoint-waypoint-individual"
"Real 375","c","c2-horizontal-offset-row","__jog_535_a","__jog_535_b","__dup_7WQYLL_2",6,4.20000000000005,25,NA,"waypoint-waypoint-duplicate"
"Real 375","c","c2-horizontal-offset-row","__jog_535_a","__jog_535_b","__union_219",6,4.20000000000005,6,NA,"waypoint-waypoint-union"
"Real 375","c","c2-horizontal-offset-row","__jog_535_a","__jog_535_b","__union_227",6,4.20000000000005,6,NA,"waypoint-waypoint-union"
"Real 375","c","c2-horizontal-offset-row","__jog_535_a","__jog_535_b","__union_233",6,4.20000000000005,6,NA,"waypoint-waypoint-union"
"Real 375","c","c2-horizontal-offset-row","__jog_538_a","__jog_538_b","EFZPSL",4,22.65,25,NA,"waypoint-waypoint-individual"
"Real 375","c","c2-horizontal-offset-row","__jog_538_a","__jog_538_b","8GSXTQ",4,22.65,25,NA,"waypoint-waypoint-individual"
"Real 375","c","c2-horizontal-offset-row","__jog_538_a","__jog_538_b","A7YLIQ",4,22.65,25,NA,"waypoint-waypoint-individual"
"Real 375","c","c2-horizontal-offset-row","__jog_538_a","__jog_538_b","9PDPW7",4,22.65,25,NA,"waypoint-waypoint-individual"
"Real 375","c","c2-horizontal-offset-row","__jog_538_a","__jog_538_b","J4ZDIU",4,22.65,25,NA,"waypoint-waypoint-individual"
"Real 375","c","c2-horizontal-offset-row","__jog_538_a","__jog_538_b","SPHGC9",4,22.65,25,NA,"waypoint-waypoint-individual"
"Real 375","c","c2-horizontal-offset-row","__jog_538_a","__jog_538_b","S7MA0G",4,22.65,25,NA,"waypoint-waypoint-individual"
"Real 375","c","c2-horizontal-offset-row","__jog_538_a","__jog_538_b","ZMMIM4",4,22.65,25,NA,"waypoint-waypoint-individual"
"Real 375","c","c2-horizontal-offset-row","__jog_538_a","__jog_538_b","P844CW",4,22.65,25,NA,"waypoint-waypoint-individual"
"Real 375","c","c2-horizontal-offset-row","__jog_538_a","__jog_538_b","IMF6BL",4,22.65,25,NA,"waypoint-waypoint-individual"
"Real 375","c","c2-horizontal-offset-row","__jog_538_a","__jog_538_b","ED5PDV",4,22.65,25,NA,"waypoint-waypoint-individual"
"Real 375","c","c2-horizontal-offset-row","__jog_538_a","__jog_538_b","BR9WT6",4,22.65,25,NA,"waypoint-waypoint-individual"
"Real 375","c","c2-horizontal-offset-row","__jog_538_a","__jog_538_b","__dup_DKMJ2Z_1",4,22.65,25,NA,"waypoint-waypoint-duplicate"
"Real 375","c","c2-horizontal-offset-row","__jog_538_a","__jog_538_b","__dup_B2U6J7_1",4,22.65,25,NA,"waypoint-waypoint-duplicate"
"Real 375","c","c2-vertical","__jog_538_b","__jog_366_b","EFZPSL",4,22.65,25,NA,"waypoint-waypoint-individual"
"Real 375","c","c2-horizontal-offset-row","__jog_539_a","__jog_539_b","8GSXTQ",4,5.10000000000002,25,NA,"waypoint-waypoint-individual"
"Real 375","c","c2-horizontal-offset-row","__jog_539_a","__jog_539_b","A7YLIQ",4,5.10000000000002,25,NA,"waypoint-waypoint-individual"
"Real 375","c","c2-horizontal-offset-row","__jog_539_a","__jog_539_b","9PDPW7",4,5.10000000000002,25,NA,"waypoint-waypoint-individual"
"Real 375","c","c2-horizontal-offset-row","__jog_539_a","__jog_539_b","SPHGC9",4,5.10000000000002,25,NA,"waypoint-waypoint-individual"
"Real 375","c","c2-horizontal-offset-row","__jog_539_a","__jog_539_b","S7MA0G",4,5.10000000000002,25,NA,"waypoint-waypoint-individual"
"Real 375","c","c2-horizontal-offset-row","__jog_539_a","__jog_539_b","ZMMIM4",4,5.10000000000002,25,NA,"waypoint-waypoint-individual"
"Real 375","c","c2-horizontal-offset-row","__jog_539_a","__jog_539_b","P844CW",4,5.10000000000002,25,NA,"waypoint-waypoint-individual"
"Real 375","c","c2-horizontal-offset-row","__jog_539_a","__jog_539_b","IMF6BL",4,5.10000000000002,25,NA,"waypoint-waypoint-individual"
"Real 375","c","c2-horizontal-offset-row","__jog_539_a","__jog_539_b","ED5PDV",4,5.10000000000002,25,NA,"waypoint-waypoint-individual"
"Real 375","c","c2-horizontal-offset-row","__jog_539_a","__jog_539_b","BR9WT6",4,5.10000000000002,25,NA,"waypoint-waypoint-individual"
"Real 375","c","c2-horizontal-offset-row","__jog_539_a","__jog_539_b","__dup_DKMJ2Z_1",4,5.10000000000002,25,NA,"waypoint-waypoint-duplicate"
"Real 375","c","c2-horizontal-offset-row","__jog_539_a","__jog_539_b","__dup_B2U6J7_1",4,5.10000000000002,25,NA,"waypoint-waypoint-duplicate"
"Real 375","c","c2-horizontal-offset-row","__jog_539_a","__jog_539_b","__union_170",4,5.10000000000002,6,NA,"waypoint-waypoint-union"
"Real 375","c","c2-horizontal-offset-row","__jog_539_a","__jog_539_b","__union_173",4,5.10000000000002,6,NA,"waypoint-waypoint-union"
"Real 375","c","c2-horizontal-offset-row","__jog_539_a","__jog_539_b","__union_174",4,5.10000000000002,6,NA,"waypoint-waypoint-union"
"Real 375","c","c2-horizontal-offset-row","__jog_539_a","__jog_539_b","__union_175",4,5.10000000000002,6,NA,"waypoint-waypoint-union"
"Real 375","c","c2-horizontal-offset-row","__jog_539_a","__jog_539_b","__union_184",4,5.10000000000002,6,NA,"waypoint-waypoint-union"
"Real 375","c","c2-horizontal-offset-row","__jog_539_a","__jog_539_b","__union_185",4,5.10000000000002,6,NA,"waypoint-waypoint-union"
"Real 375","c","c2-horizontal-offset-row","__jog_539_a","__jog_539_b","__union_186",4,5.10000000000002,6,NA,"waypoint-waypoint-union"
"Real 375","c","c2-horizontal-offset-row","__jog_539_a","__jog_539_b","__union_195",4,5.10000000000002,6,NA,"waypoint-waypoint-union"
"Real 375","c","c2-vertical","__jog_539_b","__jog_370_b","9PDPW7",4,5.10000000000002,25,NA,"waypoint-waypoint-individual"
"Real 375","c","c2-vertical","__jog_539_b","__jog_370_b","__union_174",4,5.10000000000002,6,NA,"waypoint-waypoint-union"
"Real 375","c","c2-vertical","__jog_372_a","__jog_541_a","HJLX2B",4,13.65,25,NA,"waypoint-waypoint-individual"
"Real 375","c","c2-horizontal-offset-row","__jog_541_a","__jog_541_b","9M5YFR",4,13.65,25,NA,"waypoint-waypoint-individual"
"Real 375","c","c2-horizontal-offset-row","__jog_541_a","__jog_541_b","8GSXTQ",4,13.65,25,NA,"waypoint-waypoint-individual"
"Real 375","c","c2-horizontal-offset-row","__jog_541_a","__jog_541_b","A7YLIQ",4,13.65,25,NA,"waypoint-waypoint-individual"
"Real 375","c","c2-horizontal-offset-row","__jog_541_a","__jog_541_b","HJLX2B",4,13.65,25,NA,"waypoint-waypoint-individual"
"Real 375","c","c2-horizontal-offset-row","__jog_541_a","__jog_541_b","SPHGC9",4,13.65,25,NA,"waypoint-waypoint-individual"
"Real 375","c","c2-horizontal-offset-row","__jog_541_a","__jog_541_b","S7MA0G",4,13.65,25,NA,"waypoint-waypoint-individual"
"Real 375","c","c2-horizontal-offset-row","__jog_541_a","__jog_541_b","P844CW",4,13.65,25,NA,"waypoint-waypoint-individual"
"Real 375","c","c2-horizontal-offset-row","__jog_541_a","__jog_541_b","T5S3BR",4,13.65,25,NA,"waypoint-waypoint-individual"
"Real 375","c","c2-horizontal-offset-row","__jog_541_a","__jog_541_b","IMF6BL",4,13.65,25,NA,"waypoint-waypoint-individual"
"Real 375","c","c2-horizontal-offset-row","__jog_541_a","__jog_541_b","1TGPDW",4,13.65,25,NA,"waypoint-waypoint-individual"
"Real 375","c","c2-horizontal-offset-row","__jog_541_a","__jog_541_b","667KL7",4,13.65,25,NA,"waypoint-waypoint-individual"
"Real 375","c","c2-horizontal-offset-row","__jog_541_a","__jog_541_b","ED5PDV",4,13.65,25,NA,"waypoint-waypoint-individual"
"Real 375","c","c2-horizontal-offset-row","__jog_541_a","__jog_541_b","9LZVTE",4,13.65,25,NA,"waypoint-waypoint-individual"
"Real 375","c","c2-horizontal-offset-row","__jog_541_a","__jog_541_b","__dup_M5DJVP_2",4,13.65,25,NA,"waypoint-waypoint-duplicate"
"Real 375","c","c2-horizontal-offset-row","__jog_541_a","__jog_541_b","__dup_YPHFHF_3",4,13.65,25,NA,"waypoint-waypoint-duplicate"
"Real 375","c","c2-horizontal-offset-row","__jog_541_a","__jog_541_b","__dup_B2U6J7_1",4,13.65,25,NA,"waypoint-waypoint-duplicate"
"Real 375","c","c2-vertical","__jog_541_b","__jog_372_b","S7MA0G",4,13.65,25,NA,"waypoint-waypoint-individual"
"Real 375","c","c2-horizontal-offset-row","__jog_545_a","__jog_545_b","SBKELE",5,22.65,25,NA,"waypoint-waypoint-individual"
"Real 375","c","c2-horizontal-offset-row","__jog_545_a","__jog_545_b","TXIF7D",5,22.65,25,NA,"waypoint-waypoint-individual"
"Real 375","c","c2-horizontal-offset-row","__jog_545_a","__jog_545_b","FWL00Q",5,22.65,25,NA,"waypoint-waypoint-individual"
"Real 375","c","c2-horizontal-offset-row","__jog_545_a","__jog_545_b","LT00CV",5,22.65,25,NA,"waypoint-waypoint-individual"
"Real 375","c","c2-horizontal-offset-row","__jog_545_a","__jog_545_b","GBLFXN",5,22.65,25,NA,"waypoint-waypoint-individual"
"Real 375","c","c2-vertical","__jog_545_b","__jog_390_b","SBKELE",5,22.65,25,NA,"waypoint-waypoint-individual"
"Real 375","c","c2-horizontal-offset-row","__jog_553_a","__jog_553_b","SBKELE",5,13.65,25,NA,"waypoint-waypoint-individual"
"Real 375","c","c2-horizontal-offset-row","__jog_553_a","__jog_553_b","FWL00Q",5,13.65,25,NA,"waypoint-waypoint-individual"
"Real 375","c","c2-horizontal-offset-row","__jog_553_a","__jog_553_b","MQ0ZWN",5,13.65,25,NA,"waypoint-waypoint-individual"
"Real 375","c","c2-horizontal-offset-row","__jog_553_a","__jog_553_b","__dup_FIL6AB_1",5,13.65,25,NA,"waypoint-waypoint-duplicate"
"Real 375","c","c2-vertical","__jog_553_b","__jog_410_b","MQ0ZWN",5,13.65,25,NA,"waypoint-waypoint-individual"
"Real 375","c","c2-vertical","__jog_411_a","__jog_554_a","P9RX04",5,22.65,25,NA,"waypoint-waypoint-individual"
"Real 375","c","c2-horizontal-offset-row","__jog_554_a","__jog_554_b","23T5N2",5,22.65,25,NA,"waypoint-waypoint-individual"
"Real 375","c","c2-horizontal-offset-row","__jog_554_a","__jog_554_b","ZHVYYN",5,22.65,25,NA,"waypoint-waypoint-individual"
"Real 375","c","c2-horizontal-offset-row","__jog_554_a","__jog_554_b","7VEH10",5,22.65,25,NA,"waypoint-waypoint-individual"
"Real 375","c","c2-horizontal-offset-row","__jog_554_a","__jog_554_b","NKNRU0",5,22.65,25,NA,"waypoint-waypoint-individual"
"Real 375","c","c2-horizontal-offset-row","__jog_554_a","__jog_554_b","97D38B",5,22.65,25,NA,"waypoint-waypoint-individual"
"Real 375","c","c2-horizontal-offset-row","__jog_554_a","__jog_554_b","T6UQVX",5,22.65,25,NA,"waypoint-waypoint-individual"
"Real 375","c","c2-horizontal-offset-row","__jog_554_a","__jog_554_b","VTZFWZ",5,22.65,25,NA,"waypoint-waypoint-individual"
"Real 375","c","c2-horizontal-offset-row","__jog_554_a","__jog_554_b","P9RX04",5,22.65,25,NA,"waypoint-waypoint-individual"
"Real 375","c","c2-horizontal-offset-row","__jog_554_a","__jog_554_b","__dup_9JC6RF_1",5,22.65,25,NA,"waypoint-waypoint-duplicate"
"Real 375","c","c2-horizontal-offset-row","__jog_554_a","__jog_554_b","__dup_8GSXTQ_1",5,22.65,25,NA,"waypoint-waypoint-duplicate"
"Real 375","c","c2-horizontal-offset-row","__jog_554_a","__jog_554_b","__dup_81MJXH_1",5,22.65,25,NA,"waypoint-waypoint-duplicate"
"Real 375","c","c2-vertical","__jog_419_a","__jog_558_a","J1SX9Q",6,14.1509716980849,25,NA,"waypoint-waypoint-individual"
"Real 375","c","c2-horizontal-offset-row","__jog_558_a","__jog_558_b","J1SX9Q",6,12.45,25,NA,"waypoint-waypoint-individual"
"Real 375","c","c2-horizontal-offset-row","__jog_558_a","__jog_558_b","0BNY0G",6,12.45,25,NA,"waypoint-waypoint-individual"
"Real 375","c","c2-horizontal-offset-row","__jog_558_a","__jog_558_b","K9X9T3",6,12.45,25,NA,"waypoint-waypoint-individual"
"Real 375","c","c2-horizontal-offset-row","__jog_558_a","__jog_558_b","K0M2RD",6,12.45,25,NA,"waypoint-waypoint-individual"
"Real 375","c","c2-horizontal-offset-row","__jog_558_a","__jog_558_b","JJ3LDY",6,12.45,25,NA,"waypoint-waypoint-individual"
"Real 375","c","c2-horizontal-offset-row","__jog_558_a","__jog_558_b","__dup_7WQYLL_2",6,12.45,25,NA,"waypoint-waypoint-duplicate"
"Real 375","c","c2-vertical","__jog_558_b","__jog_419_b","K9X9T3",6,12,25,NA,"waypoint-waypoint-individual"
"Real 375","c","c2-vertical","__jog_423_a","__jog_559_a","ZP1T7Z",6,23.8594320971812,25,NA,"waypoint-waypoint-individual"
"Real 375","c","c2-horizontal-offset-row","__jog_559_a","__jog_559_b","J1SX9Q",6,22.65,25,NA,"waypoint-waypoint-individual"
"Real 375","c","c2-horizontal-offset-row","__jog_559_a","__jog_559_b","0BNY0G",6,22.65,25,NA,"waypoint-waypoint-individual"
"Real 375","c","c2-horizontal-offset-row","__jog_559_a","__jog_559_b","K0M2RD",6,22.65,25,NA,"waypoint-waypoint-individual"
"Real 375","c","c2-horizontal-offset-row","__jog_559_a","__jog_559_b","JJ3LDY",6,22.65,25,NA,"waypoint-waypoint-individual"
"Real 375","c","c2-horizontal-offset-row","__jog_559_a","__jog_559_b","ZP1T7Z",6,22.65,25,NA,"waypoint-waypoint-individual"
"Real 375","c","c2-horizontal-offset-row","__jog_559_a","__jog_559_b","__dup_7WQYLL_2",6,22.65,25,NA,"waypoint-waypoint-duplicate"
"Real 375","c","c2-vertical","__jog_559_b","__jog_423_b","K0M2RD",6,22.65,25,NA,"waypoint-waypoint-individual"
"Real 375","c","c2-vertical","__jog_427_a","__jog_561_a","RR1711",6,5.10000000000002,25,NA,"waypoint-waypoint-individual"
"Real 375","c","c2-horizontal-offset-row","__jog_561_a","__jog_561_b","LVK7AI",6,5.10000000000002,25,NA,"waypoint-waypoint-individual"
"Real 375","c","c2-horizontal-offset-row","__jog_561_a","__jog_561_b","J1SX9Q",6,5.10000000000002,25,NA,"waypoint-waypoint-individual"
"Real 375","c","c2-horizontal-offset-row","__jog_561_a","__jog_561_b","0BNY0G",6,5.10000000000002,25,NA,"waypoint-waypoint-individual"
"Real 375","c","c2-horizontal-offset-row","__jog_561_a","__jog_561_b","RR1711",6,5.10000000000002,25,NA,"waypoint-waypoint-individual"
"Real 375","c","c2-horizontal-offset-row","__jog_561_a","__jog_561_b","ZP1T7Z",6,5.10000000000002,25,NA,"waypoint-waypoint-individual"
"Real 375","c","c2-horizontal-offset-row","__jog_561_a","__jog_561_b","__dup_7WQYLL_2",6,5.10000000000002,25,NA,"waypoint-waypoint-duplicate"
"Real 375","c","c2-horizontal-offset-row","__jog_561_a","__jog_561_b","__union_219",6,5.10000000000002,6,NA,"waypoint-waypoint-union"
"Real 375","c","c2-horizontal-offset-row","__jog_561_a","__jog_561_b","__union_227",6,5.10000000000002,6,NA,"waypoint-waypoint-union"
"Real 375","c","c2-horizontal-offset-row","__jog_561_a","__jog_561_b","__union_233",6,5.10000000000002,6,NA,"waypoint-waypoint-union"
"Real 375","c","c2-vertical","__jog_433_a","__jog_563_a","ZP1T7Z",6,3,25,NA,"waypoint-waypoint-individual"
"Real 375","c","c2-horizontal-offset-row","__jog_563_a","__jog_563_b","J1SX9Q",6,3.45000000000005,25,NA,"waypoint-waypoint-individual"
"Real 375","c","c2-horizontal-offset-row","__jog_563_a","__jog_563_b","0BNY0G",6,3.45000000000005,25,NA,"waypoint-waypoint-individual"
"Real 375","c","c2-horizontal-offset-row","__jog_563_a","__jog_563_b","K9X9T3",6,3.45000000000005,25,NA,"waypoint-waypoint-individual"
"Real 375","c","c2-horizontal-offset-row","__jog_563_a","__jog_563_b","K0M2RD",6,3.45000000000005,25,NA,"waypoint-waypoint-individual"
"Real 375","c","c2-horizontal-offset-row","__jog_563_a","__jog_563_b","JJ3LDY",6,3.45000000000005,25,NA,"waypoint-waypoint-individual"
"Real 375","c","c2-horizontal-offset-row","__jog_563_a","__jog_563_b","ZP1T7Z",6,3.45000000000005,25,NA,"waypoint-waypoint-individual"
"Real 375","c","c2-horizontal-offset-row","__jog_563_a","__jog_563_b","__dup_7WQYLL_2",6,3.45000000000005,25,NA,"waypoint-waypoint-duplicate"
"Real 375","c","c2-horizontal-offset-row","__jog_563_a","__jog_563_b","__union_219",6,3.45000000000005,6,NA,"waypoint-waypoint-union"
"Real 375","c","c2-horizontal-offset-row","__jog_563_a","__jog_563_b","__union_227",6,3.45000000000005,6,NA,"waypoint-waypoint-union"
"Real 375","c","c2-horizontal-offset-row","__jog_563_a","__jog_563_b","__union_233",6,3.45000000000005,6,NA,"waypoint-waypoint-union"
"Real 375","e","nonfounder-off-union-row","__union_103","G2DMVF","nonAnchor",2,-1,NA,NA,NA
"Real 375","e","mates-on-different-rows","__union_103","QP1WMJ","G2DMVF",2,1,NA,NA,NA
"Real 375","e","nonfounder-off-union-row","__union_109","5LDNWE","nonAnchor",2,-1,NA,NA,NA
"Real 375","e","mates-on-different-rows","__union_109","YPHFHF","5LDNWE",2,1,NA,NA,NA
"Real 375","e","nonfounder-off-union-row","__union_117","0L5AWR","nonAnchor",2,-1,NA,NA,NA
"Real 375","e","mates-on-different-rows","__union_117","LUPGF8","0L5AWR",2,1,NA,NA,NA
"Real 375","e","nonfounder-off-union-row","__union_119","Q7F87W","nonAnchor",2,-1,NA,NA,NA
"Real 375","e","mates-on-different-rows","__union_119","9VGCCV","Q7F87W",2,1,NA,NA,NA
"Real 375","e","nonfounder-off-union-row","__union_121","0ZISJ0","nonAnchor",2,-1,NA,NA,NA
"Real 375","e","mates-on-different-rows","__union_121","4U7JTW","0ZISJ0",2,1,NA,NA,NA
"Real 375","e","nonfounder-off-union-row","__union_131","BH6ZQK","nonAnchor",2,-1,NA,NA,NA
"Real 375","e","mates-on-different-rows","__union_131","YPHFHF","BH6ZQK",2,1,NA,NA,NA
"Real 375","e","nonfounder-off-union-row","__union_134","R0VAQP","nonAnchor",2,-1,NA,NA,NA
"Real 375","e","mates-on-different-rows","__union_134","7U5NJD","R0VAQP",2,1,NA,NA,NA
"Real 375","e","nonfounder-off-union-row","__union_135","D0Z114","nonAnchor",2,-1,NA,NA,NA
"Real 375","e","mates-on-different-rows","__union_135","4CHDK1","D0Z114",2,1,NA,NA,NA
"Real 375","e","nonfounder-off-union-row","__union_137","MK90CB","nonAnchor",2,-1,NA,NA,NA
"Real 375","e","mates-on-different-rows","__union_137","WCPXHD","MK90CB",2,1,NA,NA,NA
"Real 375","e","nonfounder-off-union-row","__union_138","L5KNS5","nonAnchor",3,-2,NA,NA,NA
"Real 375","e","mates-on-different-rows","__union_138","0PADJQ","L5KNS5",3,2,NA,NA,NA
"Real 375","e","nonfounder-off-union-row","__union_139","B6IDBA","nonAnchor",3,-1,NA,NA,NA
"Real 375","e","mates-on-different-rows","__union_139","9JC6RF","B6IDBA",3,1,NA,NA,NA
"Real 375","e","nonfounder-off-union-row","__union_140","9CZSZM","nonAnchor",3,-1,NA,NA,NA
"Real 375","e","mates-on-different-rows","__union_140","PUEUBL","9CZSZM",3,1,NA,NA,NA
"Real 375","e","nonfounder-off-union-row","__union_143","SH0L6S","nonAnchor",3,-2,NA,NA,NA
"Real 375","e","mates-on-different-rows","__union_143","V1X2X3","SH0L6S",3,2,NA,NA,NA
"Real 375","e","nonfounder-off-union-row","__union_145","Q00PB1","nonAnchor",3,-1,NA,NA,NA
"Real 375","e","mates-on-different-rows","__union_145","M5DJVP","Q00PB1",3,1,NA,NA,NA
"Real 375","e","nonfounder-off-union-row","__union_146","79RXRZ","nonAnchor",3,-1,NA,NA,NA
"Real 375","e","mates-on-different-rows","__union_146","S0ZHJP","79RXRZ",3,1,NA,NA,NA
"Real 375","e","nonfounder-off-union-row","__union_147","DU300Q","nonAnchor",3,-2,NA,NA,NA
"Real 375","e","mates-on-different-rows","__union_147","9JC6RF","DU300Q",3,2,NA,NA,NA
"Real 375","e","nonfounder-off-union-row","__union_152","EQNDAY","nonAnchor",3,-2,NA,NA,NA
"Real 375","e","mates-on-different-rows","__union_152","GA204Z","EQNDAY",3,2,NA,NA,NA
"Real 375","e","nonfounder-off-union-row","__union_158","1Y8P15","nonAnchor",3,-1,NA,NA,NA
"Real 375","e","mates-on-different-rows","__union_158","PWY8IQ","1Y8P15",3,1,NA,NA,NA
"Real 375","e","nonfounder-off-union-row","__union_161","6MGJYG","nonAnchor",3,-2,NA,NA,NA
"Real 375","e","mates-on-different-rows","__union_161","CSZ177","6MGJYG",3,2,NA,NA,NA
"Real 375","e","nonfounder-off-union-row","__union_163","WIBIVP","nonAnchor",3,-1,NA,NA,NA
"Real 375","e","mates-on-different-rows","__union_163","GA204Z","WIBIVP",3,1,NA,NA,NA
"Real 375","e","nonfounder-off-union-row","__union_166","GTKL5Z","nonAnchor",3,-2,NA,NA,NA
"Real 375","e","mates-on-different-rows","__union_166","P49ZD1","GTKL5Z",3,2,NA,NA,NA
"Real 375","e","nonfounder-off-union-row","__union_167","6PX6PS","nonAnchor",3,-1,NA,NA,NA
"Real 375","e","mates-on-different-rows","__union_167","H16EC4","6PX6PS",3,1,NA,NA,NA
"Real 375","e","nonfounder-off-union-row","__union_168","8PHUQL","nonAnchor",3,-2,NA,NA,NA
"Real 375","e","mates-on-different-rows","__union_168","S0ZHJP","8PHUQL",3,2,NA,NA,NA
"Real 375","e","nonfounder-off-union-row","__union_169","L07M06","nonAnchor",4,-2,NA,NA,NA
"Real 375","e","mates-on-different-rows","__union_169","3C6G7Y","L07M06",4,2,NA,NA,NA
"Real 375","e","nonfounder-off-union-row","__union_171","6PQJV5","nonAnchor",4,-1,NA,NA,NA
"Real 375","e","mates-on-different-rows","__union_171","SPHGC9","6PQJV5",4,1,NA,NA,NA
"Real 375","e","nonfounder-off-union-row","__union_172","ELGVC6","nonAnchor",4,-2,NA,NA,NA
"Real 375","e","mates-on-different-rows","__union_172","I6M26L","ELGVC6",4,2,NA,NA,NA
"Real 375","e","nonfounder-off-union-row","__union_175","F2H56G","nonAnchor",4,-1,NA,NA,NA
"Real 375","e","mates-on-different-rows","__union_175","SPHGC9","F2H56G",4,1,NA,NA,NA
"Real 375","e","nonfounder-off-union-row","__union_176","KS2ZNP","nonAnchor",4,-3,NA,NA,NA
"Real 375","e","mates-on-different-rows","__union_176","9M5YFR","KS2ZNP",4,3,NA,NA,NA
"Real 375","e","nonfounder-off-union-row","__union_177","ASAF1T","nonAnchor",4,-2,NA,NA,NA
"Real 375","e","mates-on-different-rows","__union_177","8GSXTQ","ASAF1T",4,2,NA,NA,NA
"Real 375","e","nonfounder-off-union-row","__union_179","2FPL16","nonAnchor",4,-1,NA,NA,NA
"Real 375","e","mates-on-different-rows","__union_179","62PLX3","2FPL16",4,1,NA,NA,NA
"Real 375","e","nonfounder-off-union-row","__union_182","L81S8M","nonAnchor",4,-3,NA,NA,NA
"Real 375","e","mates-on-different-rows","__union_182","9M5YFR","L81S8M",4,3,NA,NA,NA
"Real 375","e","nonfounder-off-union-row","__union_185","772Q3D","nonAnchor",4,-2,NA,NA,NA
"Real 375","e","mates-on-different-rows","__union_185","HJLX2B","772Q3D",4,2,NA,NA,NA
"Real 375","e","nonfounder-off-union-row","__union_186","J33BE0","nonAnchor",4,-2,NA,NA,NA
"Real 375","e","mates-on-different-rows","__union_186","9LZVTE","J33BE0",4,2,NA,NA,NA
"Real 375","e","nonfounder-off-union-row","__union_188","KY4G8M","nonAnchor",4,-1,NA,NA,NA
"Real 375","e","mates-on-different-rows","__union_188","F3QIL7","KY4G8M",4,1,NA,NA,NA
"Real 375","e","nonfounder-off-union-row","__union_196","270UK6","nonAnchor",4,-2,NA,NA,NA
"Real 375","e","mates-on-different-rows","__union_196","A792ZU","270UK6",4,2,NA,NA,NA
"Real 375","e","nonfounder-off-union-row","__union_198","1TGPDW","nonAnchor",5,-1,NA,NA,NA
"Real 375","e","mates-on-different-rows","__union_198","VTZFWZ","1TGPDW",5,1,NA,NA,NA
"Real 375","e","nonfounder-off-union-row","__union_203","7WQYLL","nonAnchor",5,-1,NA,NA,NA
"Real 375","e","mates-on-different-rows","__union_203","MZQCZB","7WQYLL",5,1,NA,NA,NA
"Real 375","e","nonfounder-off-union-row","__union_206","HWQS19","nonAnchor",5,-2,NA,NA,NA
"Real 375","e","mates-on-different-rows","__union_206","FIL6AB","HWQS19",5,2,NA,NA,NA
"Real 375","e","nonfounder-off-union-row","__union_208","YJXSIZ","nonAnchor",5,-2,NA,NA,NA
"Real 375","e","mates-on-different-rows","__union_208","F5M8IL","YJXSIZ",5,2,NA,NA,NA
"Real 375","e","nonfounder-off-union-row","__union_211","LLYLLX","nonAnchor",5,-2,NA,NA,NA
"Real 375","e","mates-on-different-rows","__union_211","VTZFWZ","LLYLLX",5,2,NA,NA,NA
"Real 375","e","nonfounder-off-union-row","__union_212","0P4BCQ","nonAnchor",5,-2,NA,NA,NA
"Real 375","e","mates-on-different-rows","__union_212","MQ0ZWN","0P4BCQ",5,2,NA,NA,NA
"Real 375","e","nonfounder-off-union-row","__union_213","A7YLIQ","nonAnchor",5,-1,NA,NA,NA
"Real 375","e","mates-on-different-rows","__union_213","GZFGFQ","A7YLIQ",5,1,NA,NA,NA
"Real 375","e","nonfounder-off-union-row","__union_214","S7MA0G","nonAnchor",5,-1,NA,NA,NA
"Real 375","e","mates-on-different-rows","__union_214","2EHR2W","S7MA0G",5,1,NA,NA,NA
"Real 375","e","nonfounder-off-union-row","__union_216","Q82XRQ","nonAnchor",5,-2,NA,NA,NA
"Real 375","e","mates-on-different-rows","__union_216","KUY2ED","Q82XRQ",5,2,NA,NA,NA
"Real 375","e","nonfounder-off-union-row","__union_218","IQLWH8","nonAnchor",5,-4,NA,NA,NA
"Real 375","e","mates-on-different-rows","__union_218","GBLFXN","IQLWH8",5,4,NA,NA,NA
"Real 375","e","nonfounder-off-union-row","__union_219","EKP7IN","nonAnchor",6,-3,NA,NA,NA
"Real 375","e","mates-on-different-rows","__union_219","ZP1T7Z","EKP7IN",6,3,NA,NA,NA
"Real 375","e","nonfounder-off-union-row","__union_220","5LLJMI","nonAnchor",6,-3,NA,NA,NA
"Real 375","e","mates-on-different-rows","__union_220","LVK7AI","5LLJMI",6,3,NA,NA,NA
"Real 375","e","nonfounder-off-union-row","__union_222","7VEH10","nonAnchor",6,-1,NA,NA,NA
"Real 375","e","mates-on-different-rows","__union_222","306H5X","7VEH10",6,1,NA,NA,NA
"Real 375","e","nonfounder-off-union-row","__union_225","EFZPSL","nonAnchor",6,-2,NA,NA,NA
"Real 375","e","mates-on-different-rows","__union_225","JR9YMU","EFZPSL",6,2,NA,NA,NA
"Real 375","e","nonfounder-off-union-row","__union_226","5LXR2A","nonAnchor",6,-3,NA,NA,NA
"Real 375","e","mates-on-different-rows","__union_226","LVK7AI","5LXR2A",6,3,NA,NA,NA
"Real 375","e","nonfounder-off-union-row","__union_228","8NQX52","nonAnchor",6,-2,NA,NA,NA
"Real 375","e","mates-on-different-rows","__union_228","LVK7AI","8NQX52",6,2,NA,NA,NA
"Real 375","e","nonfounder-off-union-row","__union_229","BB0JP9","nonAnchor",6,-3,NA,NA,NA
"Real 375","e","mates-on-different-rows","__union_229","8W81GT","BB0JP9",6,3,NA,NA,NA
"Real 375","e","nonfounder-off-union-row","__union_230","J4ZDIU","nonAnchor",6,-2,NA,NA,NA
"Real 375","e","mates-on-different-rows","__union_230","TFSCLL","J4ZDIU",6,2,NA,NA,NA
"Real 375","e","nonfounder-off-union-row","__union_231","9PDPW7","nonAnchor",6,-2,NA,NA,NA
"Real 375","e","mates-on-different-rows","__union_231","RR1711","9PDPW7",6,2,NA,NA,NA
"Real 375","e","nonfounder-off-union-row","__union_234","J85R4L","nonAnchor",6,-1,NA,NA,NA
"Real 375","e","mates-on-different-rows","__union_234","RR1711","J85R4L",6,1,NA,NA,NA
"Real 375","e","nonfounder-off-union-row","__union_235","HH66K6","nonAnchor",7,-2,NA,NA,NA
"Real 375","e","mates-on-different-rows","__union_235","6CVAJM","HH66K6",7,2,NA,NA,NA
