"fixture","class","subclass","idA","idB","idC","row","value","limit","relation","note"
"Track C","c","c-curved-chord","Y","__dup_Y_1","W",1,NA,NA,NA,"individual-duplicate-individual"
"Track C","d","adjacent","__dup_Y_2","Y","__union_4",1,120,120,"self-duplicate",NA
"Real 375","b","off-centre","__union_75","6XYG9B","__dup_C6E1D9_1",1,-2.34209331514042e-07,1.94773732410082,"B1","anchor founder: FALSE"
"Real 375","b","off-centre","__union_97","KUENM8","__dup_P87V3K_1",1,0.499999999999864,1.99999999997173,"genuine","anchor founder: FALSE"
"Real 375","b","off-centre","__union_114","WCPXHD","7KWRZK",2,0.500000000026034,2.00000000004909,"B1","anchor founder: FALSE"
"Real 375","b","off-centre","__union_130","WCPXHD","SQ908D",2,1.0000000000176,3.00000000005261,"B1","anchor founder: FALSE"
"Real 375","b","off-centre","__union_132","A3UZAN","X20HK8",2,8.69522030673882e-09,0.999999997507708,"B1","anchor founder: FALSE"
"Real 375","b","off-centre","__union_137","WCPXHD","__dup_MK90CB_1",2,1.50000000001845,4.00000000003712,"genuine","anchor founder: FALSE"
"Real 375","b","off-centre","__union_191","HV7LZ3","B2U6J7",4,0.999999999999924,2.99999999998495,"B1","anchor founder: FALSE"
"Real 375","b","off-centre","__union_228","LVK7AI","__dup_8NQX52_1",6,0.499999999999955,2.00000000000001,"genuine","anchor founder: FALSE"
"Real 375","c","c-curved-chord","__dup_IP1TGT_1","IP1TGT","WDBGPF",0,NA,NA,NA,"duplicate-individual-individual"
"Real 375","c","c-curved-chord","WDBGPF","__dup_WDBGPF_1","ZLS786",0,NA,NA,NA,"individual-duplicate-individual"
"Real 375","c","c-curved-chord","WDBGPF","__dup_WDBGPF_1","RXPJPP",0,NA,NA,NA,"individual-duplicate-individual"
"Real 375","c","c-curved-chord","WDBGPF","__dup_WDBGPF_1","HDJ52R",0,NA,NA,NA,"individual-duplicate-individual"
"Real 375","c","c-curved-chord","WDBGPF","__dup_WDBGPF_1","C3IFT0",0,NA,NA,NA,"individual-duplicate-individual"
"Real 375","c","c-curved-chord","WDBGPF","__dup_WDBGPF_1","EZ97J5",0,NA,NA,NA,"individual-duplicate-individual"
"Real 375","c","c-curved-chord","WDBGPF","__dup_WDBGPF_1","Q8MRCZ",0,NA,NA,NA,"individual-duplicate-individual"
"Real 375","c","c-curved-chord","WDBGPF","__dup_WDBGPF_1","8DKELJ",0,NA,NA,NA,"individual-duplicate-individual"
"Real 375","c","c-curved-chord","WDBGPF","__dup_WDBGPF_1","G8EBU9",0,NA,NA,NA,"individual-duplicate-individual"
"Real 375","c","c-curved-chord","WDBGPF","__dup_WDBGPF_1","LVP52A",0,NA,NA,NA,"individual-duplicate-individual"
"Real 375","c","c-curved-chord","WDBGPF","__dup_WDBGPF_1","KWKJXQ",0,NA,NA,NA,"individual-duplicate-individual"
"Real 375","c","c-curved-chord","WDBGPF","__dup_WDBGPF_1","1ZERVB",0,NA,NA,NA,"individual-duplicate-individual"
"Real 375","c","c-curved-chord","WDBGPF","__dup_WDBGPF_1","MTSHHY",0,NA,NA,NA,"individual-duplicate-individual"
"Real 375","c","c-curved-chord","WDBGPF","__dup_WDBGPF_1","4EEKV7",0,NA,NA,NA,"individual-duplicate-individual"
"Real 375","c","c-curved-chord","WDBGPF","__dup_WDBGPF_1","BM40IX",0,NA,NA,NA,"individual-duplicate-individual"
"Real 375","c","c-curved-chord","WDBGPF","__dup_WDBGPF_1","A3A34I",0,NA,NA,NA,"individual-duplicate-individual"
"Real 375","c","c-curved-chord","WDBGPF","__dup_WDBGPF_1","L2I39Y",0,NA,NA,NA,"individual-duplicate-individual"
"Real 375","c","c-curved-chord","WDBGPF","__dup_WDBGPF_1","NPYENA",0,NA,NA,NA,"individual-duplicate-individual"
"Real 375","c","c-curved-chord","WDBGPF","__dup_WDBGPF_1","5A6DFT",0,NA,NA,NA,"individual-duplicate-individual"
"Real 375","c","c-curved-chord","WDBGPF","__dup_WDBGPF_1","I8ABQE",0,NA,NA,NA,"individual-duplicate-individual"
"Real 375","c","c-curved-chord","WDBGPF","__dup_WDBGPF_1","6S4HCB",0,NA,NA,NA,"individual-duplicate-individual"
"Real 375","c","c-curved-chord","WDBGPF","__dup_WDBGPF_1","5GQC24",0,NA,NA,NA,"individual-duplicate-individual"
"Real 375","c","c-curved-chord","WDBGPF","__dup_WDBGPF_1","YAV1NW",0,NA,NA,NA,"individual-duplicate-individual"
"Real 375","c","c-curved-chord","WDBGPF","__dup_WDBGPF_1","D8FYZV",0,NA,NA,NA,"individual-duplicate-individual"
"Real 375","c","c-curved-chord","WDBGPF","__dup_WDBGPF_1","BJ4J7G",0,NA,NA,NA,"individual-duplicate-individual"
"Real 375","c","c-curved-chord","WDBGPF","__dup_WDBGPF_1","C2YD43",0,NA,NA,NA,"individual-duplicate-individual"
"Real 375","c","c-curved-chord","WDBGPF","__dup_WDBGPF_1","AE08C8",0,NA,NA,NA,"individual-duplicate-individual"
"Real 375","c","c-curved-chord","WDBGPF","__dup_WDBGPF_1","MY1AEU",0,NA,NA,NA,"individual-duplicate-individual"
"Real 375","c","c-curved-chord","WDBGPF","__dup_WDBGPF_1","ZK6NM2",0,NA,NA,NA,"individual-duplicate-individual"
"Real 375","c","c-curved-chord","WDBGPF","__dup_WDBGPF_1","IP1TGT",0,NA,NA,NA,"individual-duplicate-individual"
"Real 375","c","c-curved-chord","WDBGPF","__dup_WDBGPF_1","TUILLQ",0,NA,NA,NA,"individual-duplicate-individual"
"Real 375","c","c-curved-chord","WDBGPF","__dup_WDBGPF_1","CBLNYE",0,NA,NA,NA,"individual-duplicate-individual"
"Real 375","c","c-curved-chord","WDBGPF","__dup_WDBGPF_1","B948B1",0,NA,NA,NA,"individual-duplicate-individual"
"Real 375","c","c-curved-chord","WDBGPF","__dup_WDBGPF_1","QWUKUY",0,NA,NA,NA,"individual-duplicate-individual"
"Real 375","c","c-curved-chord","WDBGPF","__dup_WDBGPF_1","1X40V5",0,NA,NA,NA,"individual-duplicate-individual"
"Real 375","c","c-curved-chord","WDBGPF","__dup_WDBGPF_1","C6E1D9",0,NA,NA,NA,"individual-duplicate-individual"
"Real 375","c","c-curved-chord","WDBGPF","__dup_WDBGPF_1","28XSME",0,NA,NA,NA,"individual-duplicate-individual"
"Real 375","c","c-curved-chord","WDBGPF","__dup_WDBGPF_1","7NBKWE",0,NA,NA,NA,"individual-duplicate-individual"
"Real 375","c","c-curved-chord","WDBGPF","__dup_WDBGPF_1","RD3WB2",0,NA,NA,NA,"individual-duplicate-individual"
"Real 375","c","c-curved-chord","WDBGPF","__dup_WDBGPF_1","L31S6S",0,NA,NA,NA,"individual-duplicate-individual"
"Real 375","c","c-curved-chord","WDBGPF","__dup_WDBGPF_1","7U5H8G",0,NA,NA,NA,"individual-duplicate-individual"
"Real 375","c","c-curved-chord","WDBGPF","__dup_WDBGPF_1","HCY8QM",0,NA,NA,NA,"individual-duplicate-individual"
"Real 375","c","c-curved-chord","WDBGPF","__dup_WDBGPF_1","LWV138",0,NA,NA,NA,"individual-duplicate-individual"
"Real 375","c","c-curved-chord","WDBGPF","__dup_WDBGPF_1","R3BBV1",0,NA,NA,NA,"individual-duplicate-individual"
"Real 375","c","c-curved-chord","WDBGPF","__dup_WDBGPF_1","UCXEK5",0,NA,NA,NA,"individual-duplicate-individual"
"Real 375","c","c-curved-chord","WDBGPF","__dup_WDBGPF_1","UUNQ4J",0,NA,NA,NA,"individual-duplicate-individual"
"Real 375","c","c-curved-chord","WDBGPF","__dup_WDBGPF_1","ULQFEZ",0,NA,NA,NA,"individual-duplicate-individual"
"Real 375","c","c-curved-chord","WDBGPF","__dup_WDBGPF_1","UTU9S7",0,NA,NA,NA,"individual-duplicate-individual"
"Real 375","c","c-curved-chord","WDBGPF","__dup_WDBGPF_1","__dup_7NBKWE_1",0,NA,NA,NA,"individual-duplicate-duplicate"
"Real 375","c","c-curved-chord","WDBGPF","__dup_WDBGPF_1","__dup_7NBKWE_2",0,NA,NA,NA,"individual-duplicate-duplicate"
"Real 375","c","c-curved-chord","WDBGPF","__dup_WDBGPF_1","__dup_L31S6S_2",0,NA,NA,NA,"individual-duplicate-duplicate"
"Real 375","c","c-curved-chord","WDBGPF","__dup_WDBGPF_1","__dup_5A6DFT_1",0,NA,NA,NA,"individual-duplicate-duplicate"
"Real 375","c","c-curved-chord","WDBGPF","__dup_WDBGPF_1","__dup_PQX22G_2",0,NA,NA,NA,"individual-duplicate-duplicate"
"Real 375","c","c-curved-chord","WDBGPF","__dup_WDBGPF_1","__dup_5A6DFT_2",0,NA,NA,NA,"individual-duplicate-duplicate"
"Real 375","c","c-curved-chord","WDBGPF","__dup_WDBGPF_1","__dup_QWUKUY_2",0,NA,NA,NA,"individual-duplicate-duplicate"
"Real 375","c","c-curved-chord","WDBGPF","__dup_WDBGPF_1","__dup_6S4HCB_1",0,NA,NA,NA,"individual-duplicate-duplicate"
"Real 375","c","c-curved-chord","WDBGPF","__dup_WDBGPF_1","__dup_I8ABQE_1",0,NA,NA,NA,"individual-duplicate-duplicate"
"Real 375","c","c-curved-chord","WDBGPF","__dup_WDBGPF_1","__dup_MY1AEU_2",0,NA,NA,NA,"individual-duplicate-duplicate"
"Real 375","c","c-curved-chord","WDBGPF","__dup_WDBGPF_1","__dup_RD3WB2_1",0,NA,NA,NA,"individual-duplicate-duplicate"
"Real 375","c","c-curved-chord","WDBGPF","__dup_WDBGPF_1","__union_10",0,NA,NA,NA,"individual-duplicate-union"
"Real 375","c","c-curved-chord","WDBGPF","__dup_WDBGPF_1","__union_12",0,NA,NA,NA,"individual-duplicate-union"
"Real 375","c","c-curved-chord","WDBGPF","__dup_WDBGPF_1","__union_13",0,NA,NA,NA,"individual-duplicate-union"
"Real 375","c","c-curved-chord","WDBGPF","__dup_WDBGPF_1","__union_14",0,NA,NA,NA,"individual-duplicate-union"
"Real 375","c","c-curved-chord","WDBGPF","__dup_WDBGPF_1","__union_15",0,NA,NA,NA,"individual-duplicate-union"
"Real 375","c","c-curved-chord","WDBGPF","__dup_WDBGPF_1","__union_18",0,NA,NA,NA,"individual-duplicate-union"
"Real 375","c","c-curved-chord","WDBGPF","__dup_WDBGPF_1","__union_21",0,NA,NA,NA,"individual-duplicate-union"
"Real 375","c","c-curved-chord","WDBGPF","__dup_WDBGPF_1","__union_23",0,NA,NA,NA,"individual-duplicate-union"
"Real 375","c","c-curved-chord","WDBGPF","__dup_WDBGPF_1","__union_24",0,NA,NA,NA,"individual-duplicate-union"
"Real 375","c","c-curved-chord","WDBGPF","__dup_WDBGPF_1","__union_25",0,NA,NA,NA,"individual-duplicate-union"
"Real 375","c","c-curved-chord","WDBGPF","__dup_WDBGPF_1","__union_26",0,NA,NA,NA,"individual-duplicate-union"
"Real 375","c","c-curved-chord","WDBGPF","__dup_WDBGPF_1","__union_27",0,NA,NA,NA,"individual-duplicate-union"
"Real 375","c","c-curved-chord","WDBGPF","__dup_WDBGPF_1","__union_28",0,NA,NA,NA,"individual-duplicate-union"
"Real 375","c","c-curved-chord","WDBGPF","__dup_WDBGPF_1","__union_29",0,NA,NA,NA,"individual-duplicate-union"
"Real 375","c","c-curved-chord","WDBGPF","__dup_WDBGPF_1","__union_30",0,NA,NA,NA,"individual-duplicate-union"
"Real 375","c","c-curved-chord","WDBGPF","__dup_WDBGPF_1","__union_31",0,NA,NA,NA,"individual-duplicate-union"
"Real 375","c","c-curved-chord","WDBGPF","__dup_WDBGPF_1","__union_32",0,NA,NA,NA,"individual-duplicate-union"
"Real 375","c","c-curved-chord","WDBGPF","__dup_WDBGPF_1","__union_35",0,NA,NA,NA,"individual-duplicate-union"
"Real 375","c","c-curved-chord","WDBGPF","__dup_WDBGPF_1","__union_38",0,NA,NA,NA,"individual-duplicate-union"
"Real 375","c","c-curved-chord","WDBGPF","__dup_WDBGPF_1","__union_39",0,NA,NA,NA,"individual-duplicate-union"
"Real 375","c","c-curved-chord","WDBGPF","__dup_WDBGPF_1","__union_40",0,NA,NA,NA,"individual-duplicate-union"
"Real 375","c","c-curved-chord","WDBGPF","__dup_WDBGPF_1","__union_43",0,NA,NA,NA,"individual-duplicate-union"
"Real 375","c","c-curved-chord","WDBGPF","__dup_WDBGPF_1","__union_48",0,NA,NA,NA,"individual-duplicate-union"
"Real 375","c","c-curved-chord","WDBGPF","__dup_WDBGPF_1","__union_49",0,NA,NA,NA,"individual-duplicate-union"
"Real 375","c","c-curved-chord","WDBGPF","__dup_WDBGPF_1","__union_50",0,NA,NA,NA,"individual-duplicate-union"
"Real 375","c","c-curved-chord","WDBGPF","__dup_WDBGPF_1","__union_52",0,NA,NA,NA,"individual-duplicate-union"
"Real 375","c","c-curved-chord","WDBGPF","__dup_WDBGPF_1","__union_53",0,NA,NA,NA,"individual-duplicate-union"
"Real 375","c","c-curved-chord","WDBGPF","__dup_WDBGPF_1","__union_55",0,NA,NA,NA,"individual-duplicate-union"
"Real 375","c","c-curved-chord","WDBGPF","__dup_WDBGPF_1","__union_56",0,NA,NA,NA,"individual-duplicate-union"
"Real 375","c","c-curved-chord","L31S6S","__dup_L31S6S_1","ZLS786",0,NA,NA,NA,"individual-duplicate-individual"
"Real 375","c","c-curved-chord","L31S6S","__dup_L31S6S_1","RXPJPP",0,NA,NA,NA,"individual-duplicate-individual"
"Real 375","c","c-curved-chord","L31S6S","__dup_L31S6S_1","HDJ52R",0,NA,NA,NA,"individual-duplicate-individual"
"Real 375","c","c-curved-chord","L31S6S","__dup_L31S6S_1","P87V3K",0,NA,NA,NA,"individual-duplicate-individual"
"Real 375","c","c-curved-chord","L31S6S","__dup_L31S6S_1","C3IFT0",0,NA,NA,NA,"individual-duplicate-individual"
"Real 375","c","c-curved-chord","L31S6S","__dup_L31S6S_1","RKBTHH",0,NA,NA,NA,"individual-duplicate-individual"
"Real 375","c","c-curved-chord","L31S6S","__dup_L31S6S_1","Y7IUMX",0,NA,NA,NA,"individual-duplicate-individual"
"Real 375","c","c-curved-chord","L31S6S","__dup_L31S6S_1","LVS6QV",0,NA,NA,NA,"individual-duplicate-individual"
"Real 375","c","c-curved-chord","L31S6S","__dup_L31S6S_1","E2D59U",0,NA,NA,NA,"individual-duplicate-individual"
"Real 375","c","c-curved-chord","L31S6S","__dup_L31S6S_1","KWKJXQ",0,NA,NA,NA,"individual-duplicate-individual"
"Real 375","c","c-curved-chord","L31S6S","__dup_L31S6S_1","WUPTU8",0,NA,NA,NA,"individual-duplicate-individual"
"Real 375","c","c-curved-chord","L31S6S","__dup_L31S6S_1","DPUHBA",0,NA,NA,NA,"individual-duplicate-individual"
"Real 375","c","c-curved-chord","L31S6S","__dup_L31S6S_1","KXU1ZH",0,NA,NA,NA,"individual-duplicate-individual"
"Real 375","c","c-curved-chord","L31S6S","__dup_L31S6S_1","5A6DFT",0,NA,NA,NA,"individual-duplicate-individual"
"Real 375","c","c-curved-chord","L31S6S","__dup_L31S6S_1","I8ABQE",0,NA,NA,NA,"individual-duplicate-individual"
"Real 375","c","c-curved-chord","L31S6S","__dup_L31S6S_1","TTE0Z7",0,NA,NA,NA,"individual-duplicate-individual"
"Real 375","c","c-curved-chord","L31S6S","__dup_L31S6S_1","BD7MNF",0,NA,NA,NA,"individual-duplicate-individual"
"Real 375","c","c-curved-chord","L31S6S","__dup_L31S6S_1","FG9RYY",0,NA,NA,NA,"individual-duplicate-individual"
"Real 375","c","c-curved-chord","L31S6S","__dup_L31S6S_1","D8FYZV",0,NA,NA,NA,"individual-duplicate-individual"
"Real 375","c","c-curved-chord","L31S6S","__dup_L31S6S_1","C2YD43",0,NA,NA,NA,"individual-duplicate-individual"
"Real 375","c","c-curved-chord","L31S6S","__dup_L31S6S_1","AE08C8",0,NA,NA,NA,"individual-duplicate-individual"
"Real 375","c","c-curved-chord","L31S6S","__dup_L31S6S_1","IX0KKP",0,NA,NA,NA,"individual-duplicate-individual"
"Real 375","c","c-curved-chord","L31S6S","__dup_L31S6S_1","MY1AEU",0,NA,NA,NA,"individual-duplicate-individual"
"Real 375","c","c-curved-chord","L31S6S","__dup_L31S6S_1","ZK6NM2",0,NA,NA,NA,"individual-duplicate-individual"
"Real 375","c","c-curved-chord","L31S6S","__dup_L31S6S_1","97Y192",0,NA,NA,NA,"individual-duplicate-individual"
"Real 375","c","c-curved-chord","L31S6S","__dup_L31S6S_1","QWUKUY",0,NA,NA,NA,"individual-duplicate-individual"
"Real 375","c","c-curved-chord","L31S6S","__dup_L31S6S_1","ESZ6I3",0,NA,NA,NA,"individual-duplicate-individual"
"Real 375","c","c-curved-chord","L31S6S","__dup_L31S6S_1","RJHF0G",0,NA,NA,NA,"individual-duplicate-individual"
"Real 375","c","c-curved-chord","L31S6S","__dup_L31S6S_1","7NBKWE",0,NA,NA,NA,"individual-duplicate-individual"
"Real 375","c","c-curved-chord","L31S6S","__dup_L31S6S_1","HCY8QM",0,NA,NA,NA,"individual-duplicate-individual"
"Real 375","c","c-curved-chord","L31S6S","__dup_L31S6S_1","UCXEK5",0,NA,NA,NA,"individual-duplicate-individual"
"Real 375","c","c-curved-chord","L31S6S","__dup_L31S6S_1","UUNQ4J",0,NA,NA,NA,"individual-duplicate-individual"
"Real 375","c","c-curved-chord","L31S6S","__dup_L31S6S_1","UZCIN5",0,NA,NA,NA,"individual-duplicate-individual"
"Real 375","c","c-curved-chord","L31S6S","__dup_L31S6S_1","__dup_WDBGPF_1",0,NA,NA,NA,"individual-duplicate-duplicate"
"Real 375","c","c-curved-chord","L31S6S","__dup_L31S6S_1","__dup_QWUKUY_1",0,NA,NA,NA,"individual-duplicate-duplicate"
"Real 375","c","c-curved-chord","L31S6S","__dup_L31S6S_1","__dup_PQX22G_1",0,NA,NA,NA,"individual-duplicate-duplicate"
"Real 375","c","c-curved-chord","L31S6S","__dup_L31S6S_1","__dup_WDBGPF_2",0,NA,NA,NA,"individual-duplicate-duplicate"
"Real 375","c","c-curved-chord","L31S6S","__dup_L31S6S_1","__dup_5A6DFT_2",0,NA,NA,NA,"individual-duplicate-duplicate"
"Real 375","c","c-curved-chord","L31S6S","__dup_L31S6S_1","__dup_MY1AEU_1",0,NA,NA,NA,"individual-duplicate-duplicate"
"Real 375","c","c-curved-chord","L31S6S","__dup_L31S6S_1","__dup_MY1AEU_2",0,NA,NA,NA,"individual-duplicate-duplicate"
"Real 375","c","c-curved-chord","L31S6S","__dup_L31S6S_1","__dup_MY1AEU_3",0,NA,NA,NA,"individual-duplicate-duplicate"
"Real 375","c","c-curved-chord","L31S6S","__dup_L31S6S_1","__dup_28XSME_1",0,NA,NA,NA,"individual-duplicate-duplicate"
"Real 375","c","c-curved-chord","L31S6S","__dup_L31S6S_1","__union_12",0,NA,NA,NA,"individual-duplicate-union"
"Real 375","c","c-curved-chord","L31S6S","__dup_L31S6S_1","__union_13",0,NA,NA,NA,"individual-duplicate-union"
"Real 375","c","c-curved-chord","L31S6S","__dup_L31S6S_1","__union_14",0,NA,NA,NA,"individual-duplicate-union"
"Real 375","c","c-curved-chord","L31S6S","__dup_L31S6S_1","__union_16",0,NA,NA,NA,"individual-duplicate-union"
"Real 375","c","c-curved-chord","L31S6S","__dup_L31S6S_1","__union_18",0,NA,NA,NA,"individual-duplicate-union"
"Real 375","c","c-curved-chord","L31S6S","__dup_L31S6S_1","__union_20",0,NA,NA,NA,"individual-duplicate-union"
"Real 375","c","c-curved-chord","L31S6S","__dup_L31S6S_1","__union_21",0,NA,NA,NA,"individual-duplicate-union"
"Real 375","c","c-curved-chord","L31S6S","__dup_L31S6S_1","__union_33",0,NA,NA,NA,"individual-duplicate-union"
"Real 375","c","c-curved-chord","L31S6S","__dup_L31S6S_1","__union_34",0,NA,NA,NA,"individual-duplicate-union"
"Real 375","c","c-curved-chord","L31S6S","__dup_L31S6S_1","__union_36",0,NA,NA,NA,"individual-duplicate-union"
"Real 375","c","c-curved-chord","L31S6S","__dup_L31S6S_1","__union_38",0,NA,NA,NA,"individual-duplicate-union"
"Real 375","c","c-curved-chord","L31S6S","__dup_L31S6S_1","__union_39",0,NA,NA,NA,"individual-duplicate-union"
"Real 375","c","c-curved-chord","L31S6S","__dup_L31S6S_1","__union_42",0,NA,NA,NA,"individual-duplicate-union"
"Real 375","c","c-curved-chord","L31S6S","__dup_L31S6S_1","__union_44",0,NA,NA,NA,"individual-duplicate-union"
"Real 375","c","c-curved-chord","L31S6S","__dup_L31S6S_1","__union_46",0,NA,NA,NA,"individual-duplicate-union"
"Real 375","c","c-curved-chord","L31S6S","__dup_L31S6S_1","__union_47",0,NA,NA,NA,"individual-duplicate-union"
"Real 375","c","c-curved-chord","L31S6S","__dup_L31S6S_1","__union_50",0,NA,NA,NA,"individual-duplicate-union"
"Real 375","c","c-curved-chord","L31S6S","__dup_L31S6S_1","__union_51",0,NA,NA,NA,"individual-duplicate-union"
"Real 375","c","c-curved-chord","L31S6S","__dup_L31S6S_1","__union_53",0,NA,NA,NA,"individual-duplicate-union"
"Real 375","c","c-curved-chord","L31S6S","__dup_L31S6S_1","__union_54",0,NA,NA,NA,"individual-duplicate-union"
"Real 375","c","c-curved-chord","L31S6S","__dup_L31S6S_1","__union_58",0,NA,NA,NA,"individual-duplicate-union"
"Real 375","c","c-curved-chord","QWUKUY","__dup_QWUKUY_1","P87V3K",0,NA,NA,NA,"individual-duplicate-individual"
"Real 375","c","c-curved-chord","QWUKUY","__dup_QWUKUY_1","Y7IUMX",0,NA,NA,NA,"individual-duplicate-individual"
"Real 375","c","c-curved-chord","QWUKUY","__dup_QWUKUY_1","KXU1ZH",0,NA,NA,NA,"individual-duplicate-individual"
"Real 375","c","c-curved-chord","QWUKUY","__dup_QWUKUY_1","5A6DFT",0,NA,NA,NA,"individual-duplicate-individual"
"Real 375","c","c-curved-chord","QWUKUY","__dup_QWUKUY_1","TTE0Z7",0,NA,NA,NA,"individual-duplicate-individual"
"Real 375","c","c-curved-chord","QWUKUY","__dup_QWUKUY_1","BD7MNF",0,NA,NA,NA,"individual-duplicate-individual"
"Real 375","c","c-curved-chord","QWUKUY","__dup_QWUKUY_1","FG9RYY",0,NA,NA,NA,"individual-duplicate-individual"
"Real 375","c","c-curved-chord","QWUKUY","__dup_QWUKUY_1","C2YD43",0,NA,NA,NA,"individual-duplicate-individual"
"Real 375","c","c-curved-chord","QWUKUY","__dup_QWUKUY_1","IX0KKP",0,NA,NA,NA,"individual-duplicate-individual"
"Real 375","c","c-curved-chord","QWUKUY","__dup_QWUKUY_1","97Y192",0,NA,NA,NA,"individual-duplicate-individual"
"Real 375","c","c-curved-chord","QWUKUY","__dup_QWUKUY_1","RJHF0G",0,NA,NA,NA,"individual-duplicate-individual"
"Real 375","c","c-curved-chord","QWUKUY","__dup_QWUKUY_1","HCY8QM",0,NA,NA,NA,"individual-duplicate-individual"
"Real 375","c","c-curved-chord","QWUKUY","__dup_QWUKUY_1","UZCIN5",0,NA,NA,NA,"individual-duplicate-individual"
"Real 375","c","c-curved-chord","QWUKUY","__dup_QWUKUY_1","__dup_WDBGPF_1",0,NA,NA,NA,"individual-duplicate-duplicate"
"Real 375","c","c-curved-chord","QWUKUY","__dup_QWUKUY_1","__dup_L31S6S_3",0,NA,NA,NA,"individual-duplicate-duplicate"
"Real 375","c","c-curved-chord","QWUKUY","__dup_QWUKUY_1","__union_12",0,NA,NA,NA,"individual-duplicate-union"
"Real 375","c","c-curved-chord","QWUKUY","__dup_QWUKUY_1","__union_16",0,NA,NA,NA,"individual-duplicate-union"
"Real 375","c","c-curved-chord","QWUKUY","__dup_QWUKUY_1","__union_33",0,NA,NA,NA,"individual-duplicate-union"
"Real 375","c","c-curved-chord","QWUKUY","__dup_QWUKUY_1","__union_44",0,NA,NA,NA,"individual-duplicate-union"
"Real 375","c","c-curved-chord","QWUKUY","__dup_QWUKUY_1","__union_46",0,NA,NA,NA,"individual-duplicate-union"
"Real 375","c","c-curved-chord","QWUKUY","__dup_QWUKUY_1","__union_47",0,NA,NA,NA,"individual-duplicate-union"
"Real 375","c","c-curved-chord","QWUKUY","__dup_QWUKUY_1","__union_58",0,NA,NA,NA,"individual-duplicate-union"
"Real 375","c","c-curved-chord","__dup_7NBKWE_1","7NBKWE","ZLS786",0,NA,NA,NA,"duplicate-individual-individual"
"Real 375","c","c-curved-chord","__dup_7NBKWE_1","7NBKWE","HDJ52R",0,NA,NA,NA,"duplicate-individual-individual"
"Real 375","c","c-curved-chord","__dup_7NBKWE_1","7NBKWE","C3IFT0",0,NA,NA,NA,"duplicate-individual-individual"
"Real 375","c","c-curved-chord","__dup_7NBKWE_1","7NBKWE","EZ97J5",0,NA,NA,NA,"duplicate-individual-individual"
"Real 375","c","c-curved-chord","__dup_7NBKWE_1","7NBKWE","Q8MRCZ",0,NA,NA,NA,"duplicate-individual-individual"
"Real 375","c","c-curved-chord","__dup_7NBKWE_1","7NBKWE","8DKELJ",0,NA,NA,NA,"duplicate-individual-individual"
"Real 375","c","c-curved-chord","__dup_7NBKWE_1","7NBKWE","G8EBU9",0,NA,NA,NA,"duplicate-individual-individual"
"Real 375","c","c-curved-chord","__dup_7NBKWE_1","7NBKWE","LVP52A",0,NA,NA,NA,"duplicate-individual-individual"
"Real 375","c","c-curved-chord","__dup_7NBKWE_1","7NBKWE","KWKJXQ",0,NA,NA,NA,"duplicate-individual-individual"
"Real 375","c","c-curved-chord","__dup_7NBKWE_1","7NBKWE","1ZERVB",0,NA,NA,NA,"duplicate-individual-individual"
"Real 375","c","c-curved-chord","__dup_7NBKWE_1","7NBKWE","MTSHHY",0,NA,NA,NA,"duplicate-individual-individual"
"Real 375","c","c-curved-chord","__dup_7NBKWE_1","7NBKWE","4EEKV7",0,NA,NA,NA,"duplicate-individual-individual"
"Real 375","c","c-curved-chord","__dup_7NBKWE_1","7NBKWE","BM40IX",0,NA,NA,NA,"duplicate-individual-individual"
"Real 375","c","c-curved-chord","__dup_7NBKWE_1","7NBKWE","A3A34I",0,NA,NA,NA,"duplicate-individual-individual"
"Real 375","c","c-curved-chord","__dup_7NBKWE_1","7NBKWE","L2I39Y",0,NA,NA,NA,"duplicate-individual-individual"
"Real 375","c","c-curved-chord","__dup_7NBKWE_1","7NBKWE","NPYENA",0,NA,NA,NA,"duplicate-individual-individual"
"Real 375","c","c-curved-chord","__dup_7NBKWE_1","7NBKWE","I8ABQE",0,NA,NA,NA,"duplicate-individual-individual"
"Real 375","c","c-curved-chord","__dup_7NBKWE_1","7NBKWE","6S4HCB",0,NA,NA,NA,"duplicate-individual-individual"
"Real 375","c","c-curved-chord","__dup_7NBKWE_1","7NBKWE","5GQC24",0,NA,NA,NA,"duplicate-individual-individual"
"Real 375","c","c-curved-chord","__dup_7NBKWE_1","7NBKWE","YAV1NW",0,NA,NA,NA,"duplicate-individual-individual"
"Real 375","c","c-curved-chord","__dup_7NBKWE_1","7NBKWE","D8FYZV",0,NA,NA,NA,"duplicate-individual-individual"
"Real 375","c","c-curved-chord","__dup_7NBKWE_1","7NBKWE","BJ4J7G",0,NA,NA,NA,"duplicate-individual-individual"
"Real 375","c","c-curved-chord","__dup_7NBKWE_1","7NBKWE","AE08C8",0,NA,NA,NA,"duplicate-individual-individual"
"Real 375","c","c-curved-chord","__dup_7NBKWE_1","7NBKWE","MY1AEU",0,NA,NA,NA,"duplicate-individual-individual"
"Real 375","c","c-curved-chord","__dup_7NBKWE_1","7NBKWE","ZK6NM2",0,NA,NA,NA,"duplicate-individual-individual"
"Real 375","c","c-curved-chord","__dup_7NBKWE_1","7NBKWE","TUILLQ",0,NA,NA,NA,"duplicate-individual-individual"
"Real 375","c","c-curved-chord","__dup_7NBKWE_1","7NBKWE","CBLNYE",0,NA,NA,NA,"duplicate-individual-individual"
"Real 375","c","c-curved-chord","__dup_7NBKWE_1","7NBKWE","B948B1",0,NA,NA,NA,"duplicate-individual-individual"
"Real 375","c","c-curved-chord","__dup_7NBKWE_1","7NBKWE","1X40V5",0,NA,NA,NA,"duplicate-individual-individual"
"Real 375","c","c-curved-chord","__dup_7NBKWE_1","7NBKWE","C6E1D9",0,NA,NA,NA,"duplicate-individual-individual"
"Real 375","c","c-curved-chord","__dup_7NBKWE_1","7NBKWE","28XSME",0,NA,NA,NA,"duplicate-individual-individual"
"Real 375","c","c-curved-chord","__dup_7NBKWE_1","7NBKWE","RD3WB2",0,NA,NA,NA,"duplicate-individual-individual"
"Real 375","c","c-curved-chord","__dup_7NBKWE_1","7NBKWE","L31S6S",0,NA,NA,NA,"duplicate-individual-individual"
"Real 375","c","c-curved-chord","__dup_7NBKWE_1","7NBKWE","7U5H8G",0,NA,NA,NA,"duplicate-individual-individual"
"Real 375","c","c-curved-chord","__dup_7NBKWE_1","7NBKWE","LWV138",0,NA,NA,NA,"duplicate-individual-individual"
"Real 375","c","c-curved-chord","__dup_7NBKWE_1","7NBKWE","R3BBV1",0,NA,NA,NA,"duplicate-individual-individual"
"Real 375","c","c-curved-chord","__dup_7NBKWE_1","7NBKWE","UCXEK5",0,NA,NA,NA,"duplicate-individual-individual"
"Real 375","c","c-curved-chord","__dup_7NBKWE_1","7NBKWE","UUNQ4J",0,NA,NA,NA,"duplicate-individual-individual"
"Real 375","c","c-curved-chord","__dup_7NBKWE_1","7NBKWE","ULQFEZ",0,NA,NA,NA,"duplicate-individual-individual"
"Real 375","c","c-curved-chord","__dup_7NBKWE_1","7NBKWE","UTU9S7",0,NA,NA,NA,"duplicate-individual-individual"
"Real 375","c","c-curved-chord","__dup_7NBKWE_1","7NBKWE","__dup_L31S6S_2",0,NA,NA,NA,"duplicate-individual-duplicate"
"Real 375","c","c-curved-chord","__dup_7NBKWE_1","7NBKWE","__dup_5A6DFT_1",0,NA,NA,NA,"duplicate-individual-duplicate"
"Real 375","c","c-curved-chord","__dup_7NBKWE_1","7NBKWE","__dup_PQX22G_2",0,NA,NA,NA,"duplicate-individual-duplicate"
"Real 375","c","c-curved-chord","__dup_7NBKWE_1","7NBKWE","__dup_5A6DFT_2",0,NA,NA,NA,"duplicate-individual-duplicate"
"Real 375","c","c-curved-chord","__dup_7NBKWE_1","7NBKWE","__dup_QWUKUY_2",0,NA,NA,NA,"duplicate-individual-duplicate"
"Real 375","c","c-curved-chord","__dup_7NBKWE_1","7NBKWE","__dup_6S4HCB_1",0,NA,NA,NA,"duplicate-individual-duplicate"
"Real 375","c","c-curved-chord","__dup_7NBKWE_1","7NBKWE","__dup_I8ABQE_1",0,NA,NA,NA,"duplicate-individual-duplicate"
"Real 375","c","c-curved-chord","__dup_7NBKWE_1","7NBKWE","__dup_MY1AEU_2",0,NA,NA,NA,"duplicate-individual-duplicate"
"Real 375","c","c-curved-chord","__dup_7NBKWE_1","7NBKWE","__dup_RD3WB2_1",0,NA,NA,NA,"duplicate-individual-duplicate"
"Real 375","c","c-curved-chord","__dup_7NBKWE_1","7NBKWE","__union_10",0,NA,NA,NA,"duplicate-individual-union"
"Real 375","c","c-curved-chord","__dup_7NBKWE_1","7NBKWE","__union_14",0,NA,NA,NA,"duplicate-individual-union"
"Real 375","c","c-curved-chord","__dup_7NBKWE_1","7NBKWE","__union_15",0,NA,NA,NA,"duplicate-individual-union"
"Real 375","c","c-curved-chord","__dup_7NBKWE_1","7NBKWE","__union_21",0,NA,NA,NA,"duplicate-individual-union"
"Real 375","c","c-curved-chord","__dup_7NBKWE_1","7NBKWE","__union_23",0,NA,NA,NA,"duplicate-individual-union"
"Real 375","c","c-curved-chord","__dup_7NBKWE_1","7NBKWE","__union_25",0,NA,NA,NA,"duplicate-individual-union"
"Real 375","c","c-curved-chord","__dup_7NBKWE_1","7NBKWE","__union_26",0,NA,NA,NA,"duplicate-individual-union"
"Real 375","c","c-curved-chord","__dup_7NBKWE_1","7NBKWE","__union_27",0,NA,NA,NA,"duplicate-individual-union"
"Real 375","c","c-curved-chord","__dup_7NBKWE_1","7NBKWE","__union_28",0,NA,NA,NA,"duplicate-individual-union"
"Real 375","c","c-curved-chord","__dup_7NBKWE_1","7NBKWE","__union_29",0,NA,NA,NA,"duplicate-individual-union"
"Real 375","c","c-curved-chord","__dup_7NBKWE_1","7NBKWE","__union_30",0,NA,NA,NA,"duplicate-individual-union"
"Real 375","c","c-curved-chord","__dup_7NBKWE_1","7NBKWE","__union_31",0,NA,NA,NA,"duplicate-individual-union"
"Real 375","c","c-curved-chord","__dup_7NBKWE_1","7NBKWE","__union_32",0,NA,NA,NA,"duplicate-individual-union"
"Real 375","c","c-curved-chord","__dup_7NBKWE_1","7NBKWE","__union_35",0,NA,NA,NA,"duplicate-individual-union"
"Real 375","c","c-curved-chord","__dup_7NBKWE_1","7NBKWE","__union_38",0,NA,NA,NA,"duplicate-individual-union"
"Real 375","c","c-curved-chord","__dup_7NBKWE_1","7NBKWE","__union_39",0,NA,NA,NA,"duplicate-individual-union"
"Real 375","c","c-curved-chord","__dup_7NBKWE_1","7NBKWE","__union_40",0,NA,NA,NA,"duplicate-individual-union"
"Real 375","c","c-curved-chord","__dup_7NBKWE_1","7NBKWE","__union_43",0,NA,NA,NA,"duplicate-individual-union"
"Real 375","c","c-curved-chord","__dup_7NBKWE_1","7NBKWE","__union_48",0,NA,NA,NA,"duplicate-individual-union"
"Real 375","c","c-curved-chord","__dup_7NBKWE_1","7NBKWE","__union_49",0,NA,NA,NA,"duplicate-individual-union"
"Real 375","c","c-curved-chord","__dup_7NBKWE_1","7NBKWE","__union_50",0,NA,NA,NA,"duplicate-individual-union"
"Real 375","c","c-curved-chord","__dup_7NBKWE_1","7NBKWE","__union_52",0,NA,NA,NA,"duplicate-individual-union"
"Real 375","c","c-curved-chord","__dup_7NBKWE_1","7NBKWE","__union_53",0,NA,NA,NA,"duplicate-individual-union"
"Real 375","c","c-curved-chord","__dup_7NBKWE_1","7NBKWE","__union_55",0,NA,NA,NA,"duplicate-individual-union"
"Real 375","c","c-curved-chord","__dup_7NBKWE_1","7NBKWE","__union_56",0,NA,NA,NA,"duplicate-individual-union"
"Real 375","c","c-curved-chord","__dup_7NBKWE_2","7NBKWE","ZLS786",0,NA,NA,NA,"duplicate-individual-individual"
"Real 375","c","c-curved-chord","__dup_7NBKWE_2","7NBKWE","HDJ52R",0,NA,NA,NA,"duplicate-individual-individual"
"Real 375","c","c-curved-chord","__dup_7NBKWE_2","7NBKWE","C3IFT0",0,NA,NA,NA,"duplicate-individual-individual"
"Real 375","c","c-curved-chord","__dup_7NBKWE_2","7NBKWE","KWKJXQ",0,NA,NA,NA,"duplicate-individual-individual"
"Real 375","c","c-curved-chord","__dup_7NBKWE_2","7NBKWE","1ZERVB",0,NA,NA,NA,"duplicate-individual-individual"
"Real 375","c","c-curved-chord","__dup_7NBKWE_2","7NBKWE","MTSHHY",0,NA,NA,NA,"duplicate-individual-individual"
"Real 375","c","c-curved-chord","__dup_7NBKWE_2","7NBKWE","BM40IX",0,NA,NA,NA,"duplicate-individual-individual"
"Real 375","c","c-curved-chord","__dup_7NBKWE_2","7NBKWE","I8ABQE",0,NA,NA,NA,"duplicate-individual-individual"
"Real 375","c","c-curved-chord","__dup_7NBKWE_2","7NBKWE","D8FYZV",0,NA,NA,NA,"duplicate-individual-individual"
"Real 375","c","c-curved-chord","__dup_7NBKWE_2","7NBKWE","AE08C8",0,NA,NA,NA,"duplicate-individual-individual"
"Real 375","c","c-curved-chord","__dup_7NBKWE_2","7NBKWE","MY1AEU",0,NA,NA,NA,"duplicate-individual-individual"
"Real 375","c","c-curved-chord","__dup_7NBKWE_2","7NBKWE","ZK6NM2",0,NA,NA,NA,"duplicate-individual-individual"
"Real 375","c","c-curved-chord","__dup_7NBKWE_2","7NBKWE","B948B1",0,NA,NA,NA,"duplicate-individual-individual"
"Real 375","c","c-curved-chord","__dup_7NBKWE_2","7NBKWE","L31S6S",0,NA,NA,NA,"duplicate-individual-individual"
"Real 375","c","c-curved-chord","__dup_7NBKWE_2","7NBKWE","R3BBV1",0,NA,NA,NA,"duplicate-individual-individual"
"Real 375","c","c-curved-chord","__dup_7NBKWE_2","7NBKWE","UCXEK5",0,NA,NA,NA,"duplicate-individual-individual"
"Real 375","c","c-curved-chord","__dup_7NBKWE_2","7NBKWE","UUNQ4J",0,NA,NA,NA,"duplicate-individual-individual"
"Real 375","c","c-curved-chord","__dup_7NBKWE_2","7NBKWE","__dup_PQX22G_2",0,NA,NA,NA,"duplicate-individual-duplicate"
"Real 375","c","c-curved-chord","__dup_7NBKWE_2","7NBKWE","__dup_5A6DFT_2",0,NA,NA,NA,"duplicate-individual-duplicate"
"Real 375","c","c-curved-chord","__dup_7NBKWE_2","7NBKWE","__dup_MY1AEU_2",0,NA,NA,NA,"duplicate-individual-duplicate"
"Real 375","c","c-curved-chord","__dup_7NBKWE_2","7NBKWE","__dup_RD3WB2_1",0,NA,NA,NA,"duplicate-individual-duplicate"
"Real 375","c","c-curved-chord","__dup_7NBKWE_2","7NBKWE","__union_10",0,NA,NA,NA,"duplicate-individual-union"
"Real 375","c","c-curved-chord","__dup_7NBKWE_2","7NBKWE","__union_14",0,NA,NA,NA,"duplicate-individual-union"
"Real 375","c","c-curved-chord","__dup_7NBKWE_2","7NBKWE","__union_21",0,NA,NA,NA,"duplicate-individual-union"
"Real 375","c","c-curved-chord","__dup_7NBKWE_2","7NBKWE","__union_28",0,NA,NA,NA,"duplicate-individual-union"
"Real 375","c","c-curved-chord","__dup_7NBKWE_2","7NBKWE","__union_35",0,NA,NA,NA,"duplicate-individual-union"
"Real 375","c","c-curved-chord","__dup_7NBKWE_2","7NBKWE","__union_38",0,NA,NA,NA,"duplicate-individual-union"
"Real 375","c","c-curved-chord","__dup_7NBKWE_2","7NBKWE","__union_39",0,NA,NA,NA,"duplicate-individual-union"
"Real 375","c","c-curved-chord","__dup_7NBKWE_2","7NBKWE","__union_50",0,NA,NA,NA,"duplicate-individual-union"
"Real 375","c","c-curved-chord","__dup_7NBKWE_2","7NBKWE","__union_53",0,NA,NA,NA,"duplicate-individual-union"
"Real 375","c","c-curved-chord","__dup_7NBKWE_2","7NBKWE","__union_55",0,NA,NA,NA,"duplicate-individual-union"
"Real 375","c","c-curved-chord","__dup_L31S6S_2","L31S6S","EZ97J5",0,NA,NA,NA,"duplicate-individual-individual"
"Real 375","c","c-curved-chord","__dup_L31S6S_2","L31S6S","Q8MRCZ",0,NA,NA,NA,"duplicate-individual-individual"
"Real 375","c","c-curved-chord","__dup_L31S6S_2","L31S6S","8DKELJ",0,NA,NA,NA,"duplicate-individual-individual"
"Real 375","c","c-curved-chord","__dup_L31S6S_2","L31S6S","G8EBU9",0,NA,NA,NA,"duplicate-individual-individual"
"Real 375","c","c-curved-chord","__dup_L31S6S_2","L31S6S","1ZERVB",0,NA,NA,NA,"duplicate-individual-individual"
"Real 375","c","c-curved-chord","__dup_L31S6S_2","L31S6S","MTSHHY",0,NA,NA,NA,"duplicate-individual-individual"
"Real 375","c","c-curved-chord","__dup_L31S6S_2","L31S6S","4EEKV7",0,NA,NA,NA,"duplicate-individual-individual"
"Real 375","c","c-curved-chord","__dup_L31S6S_2","L31S6S","BM40IX",0,NA,NA,NA,"duplicate-individual-individual"
"Real 375","c","c-curved-chord","__dup_L31S6S_2","L31S6S","A3A34I",0,NA,NA,NA,"duplicate-individual-individual"
"Real 375","c","c-curved-chord","__dup_L31S6S_2","L31S6S","6S4HCB",0,NA,NA,NA,"duplicate-individual-individual"
"Real 375","c","c-curved-chord","__dup_L31S6S_2","L31S6S","5GQC24",0,NA,NA,NA,"duplicate-individual-individual"
"Real 375","c","c-curved-chord","__dup_L31S6S_2","L31S6S","YAV1NW",0,NA,NA,NA,"duplicate-individual-individual"
"Real 375","c","c-curved-chord","__dup_L31S6S_2","L31S6S","BJ4J7G",0,NA,NA,NA,"duplicate-individual-individual"
"Real 375","c","c-curved-chord","__dup_L31S6S_2","L31S6S","CBLNYE",0,NA,NA,NA,"duplicate-individual-individual"
"Real 375","c","c-curved-chord","__dup_L31S6S_2","L31S6S","B948B1",0,NA,NA,NA,"duplicate-individual-individual"
"Real 375","c","c-curved-chord","__dup_L31S6S_2","L31S6S","1X40V5",0,NA,NA,NA,"duplicate-individual-individual"
"Real 375","c","c-curved-chord","__dup_L31S6S_2","L31S6S","C6E1D9",0,NA,NA,NA,"duplicate-individual-individual"
"Real 375","c","c-curved-chord","__dup_L31S6S_2","L31S6S","RD3WB2",0,NA,NA,NA,"duplicate-individual-individual"
"Real 375","c","c-curved-chord","__dup_L31S6S_2","L31S6S","7U5H8G",0,NA,NA,NA,"duplicate-individual-individual"
"Real 375","c","c-curved-chord","__dup_L31S6S_2","L31S6S","R3BBV1",0,NA,NA,NA,"duplicate-individual-individual"
"Real 375","c","c-curved-chord","__dup_L31S6S_2","L31S6S","UTU9S7",0,NA,NA,NA,"duplicate-individual-individual"
"Real 375","c","c-curved-chord","__dup_L31S6S_2","L31S6S","__dup_7NBKWE_2",0,NA,NA,NA,"duplicate-individual-duplicate"
"Real 375","c","c-curved-chord","__dup_L31S6S_2","L31S6S","__dup_5A6DFT_1",0,NA,NA,NA,"duplicate-individual-duplicate"
"Real 375","c","c-curved-chord","__dup_L31S6S_2","L31S6S","__dup_PQX22G_2",0,NA,NA,NA,"duplicate-individual-duplicate"
"Real 375","c","c-curved-chord","__dup_L31S6S_2","L31S6S","__dup_QWUKUY_2",0,NA,NA,NA,"duplicate-individual-duplicate"
"Real 375","c","c-curved-chord","__dup_L31S6S_2","L31S6S","__dup_6S4HCB_1",0,NA,NA,NA,"duplicate-individual-duplicate"
"Real 375","c","c-curved-chord","__dup_L31S6S_2","L31S6S","__dup_I8ABQE_1",0,NA,NA,NA,"duplicate-individual-duplicate"
"Real 375","c","c-curved-chord","__dup_L31S6S_2","L31S6S","__dup_RD3WB2_1",0,NA,NA,NA,"duplicate-individual-duplicate"
"Real 375","c","c-curved-chord","__dup_L31S6S_2","L31S6S","__union_15",0,NA,NA,NA,"duplicate-individual-union"
"Real 375","c","c-curved-chord","__dup_L31S6S_2","L31S6S","__union_25",0,NA,NA,NA,"duplicate-individual-union"
"Real 375","c","c-curved-chord","__dup_L31S6S_2","L31S6S","__union_28",0,NA,NA,NA,"duplicate-individual-union"
"Real 375","c","c-curved-chord","__dup_L31S6S_2","L31S6S","__union_29",0,NA,NA,NA,"duplicate-individual-union"
"Real 375","c","c-curved-chord","__dup_L31S6S_2","L31S6S","__union_30",0,NA,NA,NA,"duplicate-individual-union"
"Real 375","c","c-curved-chord","__dup_L31S6S_2","L31S6S","__union_31",0,NA,NA,NA,"duplicate-individual-union"
"Real 375","c","c-curved-chord","__dup_L31S6S_2","L31S6S","__union_35",0,NA,NA,NA,"duplicate-individual-union"
"Real 375","c","c-curved-chord","__dup_L31S6S_2","L31S6S","__union_40",0,NA,NA,NA,"duplicate-individual-union"
"Real 375","c","c-curved-chord","__dup_L31S6S_2","L31S6S","__union_43",0,NA,NA,NA,"duplicate-individual-union"
"Real 375","c","c-curved-chord","__dup_L31S6S_2","L31S6S","__union_48",0,NA,NA,NA,"duplicate-individual-union"
"Real 375","c","c-curved-chord","__dup_L31S6S_2","L31S6S","__union_49",0,NA,NA,NA,"duplicate-individual-union"
"Real 375","c","c-curved-chord","__dup_L31S6S_2","L31S6S","__union_52",0,NA,NA,NA,"duplicate-individual-union"
"Real 375","c","c-curved-chord","__dup_L31S6S_2","L31S6S","__union_55",0,NA,NA,NA,"duplicate-individual-union"
"Real 375","c","c-curved-chord","__dup_L31S6S_2","L31S6S","__union_56",0,NA,NA,NA,"duplicate-individual-union"
"Real 375","c","c-curved-chord","__dup_5A6DFT_1","5A6DFT","ZLS786",0,NA,NA,NA,"duplicate-individual-individual"
"Real 375","c","c-curved-chord","__dup_5A6DFT_1","5A6DFT","RXPJPP",0,NA,NA,NA,"duplicate-individual-individual"
"Real 375","c","c-curved-chord","__dup_5A6DFT_1","5A6DFT","HDJ52R",0,NA,NA,NA,"duplicate-individual-individual"
"Real 375","c","c-curved-chord","__dup_5A6DFT_1","5A6DFT","C3IFT0",0,NA,NA,NA,"duplicate-individual-individual"
"Real 375","c","c-curved-chord","__dup_5A6DFT_1","5A6DFT","EZ97J5",0,NA,NA,NA,"duplicate-individual-individual"
"Real 375","c","c-curved-chord","__dup_5A6DFT_1","5A6DFT","Q8MRCZ",0,NA,NA,NA,"duplicate-individual-individual"
"Real 375","c","c-curved-chord","__dup_5A6DFT_1","5A6DFT","G8EBU9",0,NA,NA,NA,"duplicate-individual-individual"
"Real 375","c","c-curved-chord","__dup_5A6DFT_1","5A6DFT","KWKJXQ",0,NA,NA,NA,"duplicate-individual-individual"
"Real 375","c","c-curved-chord","__dup_5A6DFT_1","5A6DFT","1ZERVB",0,NA,NA,NA,"duplicate-individual-individual"
"Real 375","c","c-curved-chord","__dup_5A6DFT_1","5A6DFT","MTSHHY",0,NA,NA,NA,"duplicate-individual-individual"
"Real 375","c","c-curved-chord","__dup_5A6DFT_1","5A6DFT","4EEKV7",0,NA,NA,NA,"duplicate-individual-individual"
"Real 375","c","c-curved-chord","__dup_5A6DFT_1","5A6DFT","BM40IX",0,NA,NA,NA,"duplicate-individual-individual"
"Real 375","c","c-curved-chord","__dup_5A6DFT_1","5A6DFT","I8ABQE",0,NA,NA,NA,"duplicate-individual-individual"
"Real 375","c","c-curved-chord","__dup_5A6DFT_1","5A6DFT","6S4HCB",0,NA,NA,NA,"duplicate-individual-individual"
"Real 375","c","c-curved-chord","__dup_5A6DFT_1","5A6DFT","5GQC24",0,NA,NA,NA,"duplicate-individual-individual"
"Real 375","c","c-curved-chord","__dup_5A6DFT_1","5A6DFT","YAV1NW",0,NA,NA,NA,"duplicate-individual-individual"
"Real 375","c","c-curved-chord","__dup_5A6DFT_1","5A6DFT","D8FYZV",0,NA,NA,NA,"duplicate-individual-individual"
"Real 375","c","c-curved-chord","__dup_5A6DFT_1","5A6DFT","BJ4J7G",0,NA,NA,NA,"duplicate-individual-individual"
"Real 375","c","c-curved-chord","__dup_5A6DFT_1","5A6DFT","C2YD43",0,NA,NA,NA,"duplicate-individual-individual"
"Real 375","c","c-curved-chord","__dup_5A6DFT_1","5A6DFT","AE08C8",0,NA,NA,NA,"duplicate-individual-individual"
"Real 375","c","c-curved-chord","__dup_5A6DFT_1","5A6DFT","MY1AEU",0,NA,NA,NA,"duplicate-individual-individual"
"Real 375","c","c-curved-chord","__dup_5A6DFT_1","5A6DFT","ZK6NM2",0,NA,NA,NA,"duplicate-individual-individual"
"Real 375","c","c-curved-chord","__dup_5A6DFT_1","5A6DFT","CBLNYE",0,NA,NA,NA,"duplicate-individual-individual"
"Real 375","c","c-curved-chord","__dup_5A6DFT_1","5A6DFT","B948B1",0,NA,NA,NA,"duplicate-individual-individual"
"Real 375","c","c-curved-chord","__dup_5A6DFT_1","5A6DFT","QWUKUY",0,NA,NA,NA,"duplicate-individual-individual"
"Real 375","c","c-curved-chord","__dup_5A6DFT_1","5A6DFT","1X40V5",0,NA,NA,NA,"duplicate-individual-individual"
"Real 375","c","c-curved-chord","__dup_5A6DFT_1","5A6DFT","7NBKWE",0,NA,NA,NA,"duplicate-individual-individual"
"Real 375","c","c-curved-chord","__dup_5A6DFT_1","5A6DFT","RD3WB2",0,NA,NA,NA,"duplicate-individual-individual"
"Real 375","c","c-curved-chord","__dup_5A6DFT_1","5A6DFT","L31S6S",0,NA,NA,NA,"duplicate-individual-individual"
"Real 375","c","c-curved-chord","__dup_5A6DFT_1","5A6DFT","7U5H8G",0,NA,NA,NA,"duplicate-individual-individual"
"Real 375","c","c-curved-chord","__dup_5A6DFT_1","5A6DFT","R3BBV1",0,NA,NA,NA,"duplicate-individual-individual"
"Real 375","c","c-curved-chord","__dup_5A6DFT_1","5A6DFT","UCXEK5",0,NA,NA,NA,"duplicate-individual-individual"
"Real 375","c","c-curved-chord","__dup_5A6DFT_1","5A6DFT","UUNQ4J",0,NA,NA,NA,"duplicate-individual-individual"
"Real 375","c","c-curved-chord","__dup_5A6DFT_1","5A6DFT","UTU9S7",0,NA,NA,NA,"duplicate-individual-individual"
"Real 375","c","c-curved-chord","__dup_5A6DFT_1","5A6DFT","__dup_7NBKWE_2",0,NA,NA,NA,"duplicate-individual-duplicate"
"Real 375","c","c-curved-chord","__dup_5A6DFT_1","5A6DFT","__dup_PQX22G_2",0,NA,NA,NA,"duplicate-individual-duplicate"
"Real 375","c","c-curved-chord","__dup_5A6DFT_1","5A6DFT","__dup_QWUKUY_2",0,NA,NA,NA,"duplicate-individual-duplicate"
"Real 375","c","c-curved-chord","__dup_5A6DFT_1","5A6DFT","__dup_6S4HCB_1",0,NA,NA,NA,"duplicate-individual-duplicate"
"Real 375","c","c-curved-chord","__dup_5A6DFT_1","5A6DFT","__dup_I8ABQE_1",0,NA,NA,NA,"duplicate-individual-duplicate"
"Real 375","c","c-curved-chord","__dup_5A6DFT_1","5A6DFT","__dup_MY1AEU_2",0,NA,NA,NA,"duplicate-individual-duplicate"
"Real 375","c","c-curved-chord","__dup_5A6DFT_1","5A6DFT","__dup_RD3WB2_1",0,NA,NA,NA,"duplicate-individual-duplicate"
"Real 375","c","c-curved-chord","__dup_5A6DFT_1","5A6DFT","__union_10",0,NA,NA,NA,"duplicate-individual-union"
"Real 375","c","c-curved-chord","__dup_5A6DFT_1","5A6DFT","__union_13",0,NA,NA,NA,"duplicate-individual-union"
"Real 375","c","c-curved-chord","__dup_5A6DFT_1","5A6DFT","__union_14",0,NA,NA,NA,"duplicate-individual-union"
"Real 375","c","c-curved-chord","__dup_5A6DFT_1","5A6DFT","__union_15",0,NA,NA,NA,"duplicate-individual-union"
"Real 375","c","c-curved-chord","__dup_5A6DFT_1","5A6DFT","__union_18",0,NA,NA,NA,"duplicate-individual-union"
"Real 375","c","c-curved-chord","__dup_5A6DFT_1","5A6DFT","__union_21",0,NA,NA,NA,"duplicate-individual-union"
"Real 375","c","c-curved-chord","__dup_5A6DFT_1","5A6DFT","__union_25",0,NA,NA,NA,"duplicate-individual-union"
"Real 375","c","c-curved-chord","__dup_5A6DFT_1","5A6DFT","__union_28",0,NA,NA,NA,"duplicate-individual-union"
"Real 375","c","c-curved-chord","__dup_5A6DFT_1","5A6DFT","__union_31",0,NA,NA,NA,"duplicate-individual-union"
"Real 375","c","c-curved-chord","__dup_5A6DFT_1","5A6DFT","__union_35",0,NA,NA,NA,"duplicate-individual-union"
"Real 375","c","c-curved-chord","__dup_5A6DFT_1","5A6DFT","__union_38",0,NA,NA,NA,"duplicate-individual-union"
"Real 375","c","c-curved-chord","__dup_5A6DFT_1","5A6DFT","__union_39",0,NA,NA,NA,"duplicate-individual-union"
"Real 375","c","c-curved-chord","__dup_5A6DFT_1","5A6DFT","__union_40",0,NA,NA,NA,"duplicate-individual-union"
"Real 375","c","c-curved-chord","__dup_5A6DFT_1","5A6DFT","__union_43",0,NA,NA,NA,"duplicate-individual-union"
"Real 375","c","c-curved-chord","__dup_5A6DFT_1","5A6DFT","__union_48",0,NA,NA,NA,"duplicate-individual-union"
"Real 375","c","c-curved-chord","__dup_5A6DFT_1","5A6DFT","__union_49",0,NA,NA,NA,"duplicate-individual-union"
"Real 375","c","c-curved-chord","__dup_5A6DFT_1","5A6DFT","__union_50",0,NA,NA,NA,"duplicate-individual-union"
"Real 375","c","c-curved-chord","__dup_5A6DFT_1","5A6DFT","__union_52",0,NA,NA,NA,"duplicate-individual-union"
"Real 375","c","c-curved-chord","__dup_5A6DFT_1","5A6DFT","__union_53",0,NA,NA,NA,"duplicate-individual-union"
"Real 375","c","c-curved-chord","__dup_5A6DFT_1","5A6DFT","__union_55",0,NA,NA,NA,"duplicate-individual-union"
"Real 375","c","c-curved-chord","__dup_5A6DFT_1","5A6DFT","__union_56",0,NA,NA,NA,"duplicate-individual-union"
"Real 375","c","c-curved-chord","PQX22G","__dup_PQX22G_1","ZLS786",0,NA,NA,NA,"individual-duplicate-individual"
"Real 375","c","c-curved-chord","PQX22G","__dup_PQX22G_1","RXPJPP",0,NA,NA,NA,"individual-duplicate-individual"
"Real 375","c","c-curved-chord","PQX22G","__dup_PQX22G_1","HDJ52R",0,NA,NA,NA,"individual-duplicate-individual"
"Real 375","c","c-curved-chord","PQX22G","__dup_PQX22G_1","P87V3K",0,NA,NA,NA,"individual-duplicate-individual"
"Real 375","c","c-curved-chord","PQX22G","__dup_PQX22G_1","C3IFT0",0,NA,NA,NA,"individual-duplicate-individual"
"Real 375","c","c-curved-chord","PQX22G","__dup_PQX22G_1","RKBTHH",0,NA,NA,NA,"individual-duplicate-individual"
"Real 375","c","c-curved-chord","PQX22G","__dup_PQX22G_1","EZ97J5",0,NA,NA,NA,"individual-duplicate-individual"
"Real 375","c","c-curved-chord","PQX22G","__dup_PQX22G_1","Y7IUMX",0,NA,NA,NA,"individual-duplicate-individual"
"Real 375","c","c-curved-chord","PQX22G","__dup_PQX22G_1","Q8MRCZ",0,NA,NA,NA,"individual-duplicate-individual"
"Real 375","c","c-curved-chord","PQX22G","__dup_PQX22G_1","8DKELJ",0,NA,NA,NA,"individual-duplicate-individual"
"Real 375","c","c-curved-chord","PQX22G","__dup_PQX22G_1","G8EBU9",0,NA,NA,NA,"individual-duplicate-individual"
"Real 375","c","c-curved-chord","PQX22G","__dup_PQX22G_1","E2D59U",0,NA,NA,NA,"individual-duplicate-individual"
"Real 375","c","c-curved-chord","PQX22G","__dup_PQX22G_1","LVP52A",0,NA,NA,NA,"individual-duplicate-individual"
"Real 375","c","c-curved-chord","PQX22G","__dup_PQX22G_1","KWKJXQ",0,NA,NA,NA,"individual-duplicate-individual"
"Real 375","c","c-curved-chord","PQX22G","__dup_PQX22G_1","1ZERVB",0,NA,NA,NA,"individual-duplicate-individual"
"Real 375","c","c-curved-chord","PQX22G","__dup_PQX22G_1","MTSHHY",0,NA,NA,NA,"individual-duplicate-individual"
"Real 375","c","c-curved-chord","PQX22G","__dup_PQX22G_1","4EEKV7",0,NA,NA,NA,"individual-duplicate-individual"
"Real 375","c","c-curved-chord","PQX22G","__dup_PQX22G_1","BM40IX",0,NA,NA,NA,"individual-duplicate-individual"
"Real 375","c","c-curved-chord","PQX22G","__dup_PQX22G_1","A3A34I",0,NA,NA,NA,"individual-duplicate-individual"
"Real 375","c","c-curved-chord","PQX22G","__dup_PQX22G_1","L2I39Y",0,NA,NA,NA,"individual-duplicate-individual"
"Real 375","c","c-curved-chord","PQX22G","__dup_PQX22G_1","NPYENA",0,NA,NA,NA,"individual-duplicate-individual"
"Real 375","c","c-curved-chord","PQX22G","__dup_PQX22G_1","KXU1ZH",0,NA,NA,NA,"individual-duplicate-individual"
"Real 375","c","c-curved-chord","PQX22G","__dup_PQX22G_1","0FKJ81",0,NA,NA,NA,"individual-duplicate-individual"
"Real 375","c","c-curved-chord","PQX22G","__dup_PQX22G_1","5A6DFT",0,NA,NA,NA,"individual-duplicate-individual"
"Real 375","c","c-curved-chord","PQX22G","__dup_PQX22G_1","I8ABQE",0,NA,NA,NA,"individual-duplicate-individual"
"Real 375","c","c-curved-chord","PQX22G","__dup_PQX22G_1","6S4HCB",0,NA,NA,NA,"individual-duplicate-individual"
"Real 375","c","c-curved-chord","PQX22G","__dup_PQX22G_1","5GQC24",0,NA,NA,NA,"individual-duplicate-individual"
"Real 375","c","c-curved-chord","PQX22G","__dup_PQX22G_1","YAV1NW",0,NA,NA,NA,"individual-duplicate-individual"
"Real 375","c","c-curved-chord","PQX22G","__dup_PQX22G_1","TTE0Z7",0,NA,NA,NA,"individual-duplicate-individual"
"Real 375","c","c-curved-chord","PQX22G","__dup_PQX22G_1","BD7MNF",0,NA,NA,NA,"individual-duplicate-individual"
"Real 375","c","c-curved-chord","PQX22G","__dup_PQX22G_1","FG9RYY",0,NA,NA,NA,"individual-duplicate-individual"
"Real 375","c","c-curved-chord","PQX22G","__dup_PQX22G_1","D8FYZV",0,NA,NA,NA,"individual-duplicate-individual"
"Real 375","c","c-curved-chord","PQX22G","__dup_PQX22G_1","BJ4J7G",0,NA,NA,NA,"individual-duplicate-individual"
"Real 375","c","c-curved-chord","PQX22G","__dup_PQX22G_1","C2YD43",0,NA,NA,NA,"individual-duplicate-individual"
"Real 375","c","c-curved-chord","PQX22G","__dup_PQX22G_1","AE08C8",0,NA,NA,NA,"individual-duplicate-individual"
"Real 375","c","c-curved-chord","PQX22G","__dup_PQX22G_1","IX0KKP",0,NA,NA,NA,"individual-duplicate-individual"
"Real 375","c","c-curved-chord","PQX22G","__dup_PQX22G_1","MY1AEU",0,NA,NA,NA,"individual-duplicate-individual"
"Real 375","c","c-curved-chord","PQX22G","__dup_PQX22G_1","ZK6NM2",0,NA,NA,NA,"individual-duplicate-individual"
"Real 375","c","c-curved-chord","PQX22G","__dup_PQX22G_1","IP1TGT",0,NA,NA,NA,"individual-duplicate-individual"
"Real 375","c","c-curved-chord","PQX22G","__dup_PQX22G_1","97Y192",0,NA,NA,NA,"individual-duplicate-individual"
"Real 375","c","c-curved-chord","PQX22G","__dup_PQX22G_1","TUILLQ",0,NA,NA,NA,"individual-duplicate-individual"
"Real 375","c","c-curved-chord","PQX22G","__dup_PQX22G_1","CBLNYE",0,NA,NA,NA,"individual-duplicate-individual"
"Real 375","c","c-curved-chord","PQX22G","__dup_PQX22G_1","B948B1",0,NA,NA,NA,"individual-duplicate-individual"
"Real 375","c","c-curved-chord","PQX22G","__dup_PQX22G_1","QWUKUY",0,NA,NA,NA,"individual-duplicate-individual"
"Real 375","c","c-curved-chord","PQX22G","__dup_PQX22G_1","1X40V5",0,NA,NA,NA,"individual-duplicate-individual"
"Real 375","c","c-curved-chord","PQX22G","__dup_PQX22G_1","WDBGPF",0,NA,NA,NA,"individual-duplicate-individual"
"Real 375","c","c-curved-chord","PQX22G","__dup_PQX22G_1","C6E1D9",0,NA,NA,NA,"individual-duplicate-individual"
"Real 375","c","c-curved-chord","PQX22G","__dup_PQX22G_1","ESZ6I3",0,NA,NA,NA,"individual-duplicate-individual"
"Real 375","c","c-curved-chord","PQX22G","__dup_PQX22G_1","RJHF0G",0,NA,NA,NA,"individual-duplicate-individual"
"Real 375","c","c-curved-chord","PQX22G","__dup_PQX22G_1","8ZK9LV",0,NA,NA,NA,"individual-duplicate-individual"
"Real 375","c","c-curved-chord","PQX22G","__dup_PQX22G_1","28XSME",0,NA,NA,NA,"individual-duplicate-individual"
"Real 375","c","c-curved-chord","PQX22G","__dup_PQX22G_1","7NBKWE",0,NA,NA,NA,"individual-duplicate-individual"
"Real 375","c","c-curved-chord","PQX22G","__dup_PQX22G_1","RD3WB2",0,NA,NA,NA,"individual-duplicate-individual"
"Real 375","c","c-curved-chord","PQX22G","__dup_PQX22G_1","L31S6S",0,NA,NA,NA,"individual-duplicate-individual"
"Real 375","c","c-curved-chord","PQX22G","__dup_PQX22G_1","7U5H8G",0,NA,NA,NA,"individual-duplicate-individual"
"Real 375","c","c-curved-chord","PQX22G","__dup_PQX22G_1","HCY8QM",0,NA,NA,NA,"individual-duplicate-individual"
"Real 375","c","c-curved-chord","PQX22G","__dup_PQX22G_1","LWV138",0,NA,NA,NA,"individual-duplicate-individual"
"Real 375","c","c-curved-chord","PQX22G","__dup_PQX22G_1","R3BBV1",0,NA,NA,NA,"individual-duplicate-individual"
"Real 375","c","c-curved-chord","PQX22G","__dup_PQX22G_1","UYZ1DD",0,NA,NA,NA,"individual-duplicate-individual"
"Real 375","c","c-curved-chord","PQX22G","__dup_PQX22G_1","UCXEK5",0,NA,NA,NA,"individual-duplicate-individual"
"Real 375","c","c-curved-chord","PQX22G","__dup_PQX22G_1","UUNQ4J",0,NA,NA,NA,"individual-duplicate-individual"
"Real 375","c","c-curved-chord","PQX22G","__dup_PQX22G_1","ULQFEZ",0,NA,NA,NA,"individual-duplicate-individual"
"Real 375","c","c-curved-chord","PQX22G","__dup_PQX22G_1","UTU9S7",0,NA,NA,NA,"individual-duplicate-individual"
"Real 375","c","c-curved-chord","PQX22G","__dup_PQX22G_1","UZCIN5",0,NA,NA,NA,"individual-duplicate-individual"
"Real 375","c","c-curved-chord","PQX22G","__dup_PQX22G_1","__dup_IP1TGT_1",0,NA,NA,NA,"individual-duplicate-duplicate"
"Real 375","c","c-curved-chord","PQX22G","__dup_PQX22G_1","__dup_WDBGPF_1",0,NA,NA,NA,"individual-duplicate-duplicate"
"Real 375","c","c-curved-chord","PQX22G","__dup_PQX22G_1","__dup_QWUKUY_1",0,NA,NA,NA,"individual-duplicate-duplicate"
"Real 375","c","c-curved-chord","PQX22G","__dup_PQX22G_1","__dup_7NBKWE_1",0,NA,NA,NA,"individual-duplicate-duplicate"
"Real 375","c","c-curved-chord","PQX22G","__dup_PQX22G_1","__dup_7NBKWE_2",0,NA,NA,NA,"individual-duplicate-duplicate"
"Real 375","c","c-curved-chord","PQX22G","__dup_PQX22G_1","__dup_L31S6S_2",0,NA,NA,NA,"individual-duplicate-duplicate"
"Real 375","c","c-curved-chord","PQX22G","__dup_PQX22G_1","__dup_5A6DFT_1",0,NA,NA,NA,"individual-duplicate-duplicate"
"Real 375","c","c-curved-chord","PQX22G","__dup_PQX22G_1","__dup_WDBGPF_2",0,NA,NA,NA,"individual-duplicate-duplicate"
"Real 375","c","c-curved-chord","PQX22G","__dup_PQX22G_1","__dup_5A6DFT_2",0,NA,NA,NA,"individual-duplicate-duplicate"
"Real 375","c","c-curved-chord","PQX22G","__dup_PQX22G_1","__dup_QWUKUY_2",0,NA,NA,NA,"individual-duplicate-duplicate"
"Real 375","c","c-curved-chord","PQX22G","__dup_PQX22G_1","__dup_L31S6S_3",0,NA,NA,NA,"individual-duplicate-duplicate"
"Real 375","c","c-curved-chord","PQX22G","__dup_PQX22G_1","__dup_6S4HCB_1",0,NA,NA,NA,"individual-duplicate-duplicate"
"Real 375","c","c-curved-chord","PQX22G","__dup_PQX22G_1","__dup_I8ABQE_1",0,NA,NA,NA,"individual-duplicate-duplicate"
"Real 375","c","c-curved-chord","PQX22G","__dup_PQX22G_1","__dup_MY1AEU_2",0,NA,NA,NA,"individual-duplicate-duplicate"
"Real 375","c","c-curved-chord","PQX22G","__dup_PQX22G_1","__dup_MY1AEU_3",0,NA,NA,NA,"individual-duplicate-duplicate"
"Real 375","c","c-curved-chord","PQX22G","__dup_PQX22G_1","__dup_RD3WB2_1",0,NA,NA,NA,"individual-duplicate-duplicate"
"Real 375","c","c-curved-chord","PQX22G","__dup_PQX22G_1","__dup_5A6DFT_3",0,NA,NA,NA,"individual-duplicate-duplicate"
"Real 375","c","c-curved-chord","PQX22G","__dup_PQX22G_1","__union_9",0,NA,NA,NA,"individual-duplicate-union"
"Real 375","c","c-curved-chord","PQX22G","__dup_PQX22G_1","__union_10",0,NA,NA,NA,"individual-duplicate-union"
"Real 375","c","c-curved-chord","PQX22G","__dup_PQX22G_1","__union_11",0,NA,NA,NA,"individual-duplicate-union"
"Real 375","c","c-curved-chord","PQX22G","__dup_PQX22G_1","__union_12",0,NA,NA,NA,"individual-duplicate-union"
"Real 375","c","c-curved-chord","PQX22G","__dup_PQX22G_1","__union_13",0,NA,NA,NA,"individual-duplicate-union"
"Real 375","c","c-curved-chord","PQX22G","__dup_PQX22G_1","__union_14",0,NA,NA,NA,"individual-duplicate-union"
"Real 375","c","c-curved-chord","PQX22G","__dup_PQX22G_1","__union_15",0,NA,NA,NA,"individual-duplicate-union"
"Real 375","c","c-curved-chord","PQX22G","__dup_PQX22G_1","__union_16",0,NA,NA,NA,"individual-duplicate-union"
"Real 375","c","c-curved-chord","PQX22G","__dup_PQX22G_1","__union_18",0,NA,NA,NA,"individual-duplicate-union"
"Real 375","c","c-curved-chord","PQX22G","__dup_PQX22G_1","__union_20",0,NA,NA,NA,"individual-duplicate-union"
"Real 375","c","c-curved-chord","PQX22G","__dup_PQX22G_1","__union_21",0,NA,NA,NA,"individual-duplicate-union"
"Real 375","c","c-curved-chord","PQX22G","__dup_PQX22G_1","__union_23",0,NA,NA,NA,"individual-duplicate-union"
"Real 375","c","c-curved-chord","PQX22G","__dup_PQX22G_1","__union_24",0,NA,NA,NA,"individual-duplicate-union"
"Real 375","c","c-curved-chord","PQX22G","__dup_PQX22G_1","__union_25",0,NA,NA,NA,"individual-duplicate-union"
"Real 375","c","c-curved-chord","PQX22G","__dup_PQX22G_1","__union_26",0,NA,NA,NA,"individual-duplicate-union"
"Real 375","c","c-curved-chord","PQX22G","__dup_PQX22G_1","__union_27",0,NA,NA,NA,"individual-duplicate-union"
"Real 375","c","c-curved-chord","PQX22G","__dup_PQX22G_1","__union_28",0,NA,NA,NA,"individual-duplicate-union"
"Real 375","c","c-curved-chord","PQX22G","__dup_PQX22G_1","__union_29",0,NA,NA,NA,"individual-duplicate-union"
"Real 375","c","c-curved-chord","PQX22G","__dup_PQX22G_1","__union_30",0,NA,NA,NA,"individual-duplicate-union"
"Real 375","c","c-curved-chord","PQX22G","__dup_PQX22G_1","__union_31",0,NA,NA,NA,"individual-duplicate-union"
"Real 375","c","c-curved-chord","PQX22G","__dup_PQX22G_1","__union_32",0,NA,NA,NA,"individual-duplicate-union"
"Real 375","c","c-curved-chord","PQX22G","__dup_PQX22G_1","__union_33",0,NA,NA,NA,"individual-duplicate-union"
"Real 375","c","c-curved-chord","PQX22G","__dup_PQX22G_1","__union_35",0,NA,NA,NA,"individual-duplicate-union"
"Real 375","c","c-curved-chord","PQX22G","__dup_PQX22G_1","__union_36",0,NA,NA,NA,"individual-duplicate-union"
"Real 375","c","c-curved-chord","PQX22G","__dup_PQX22G_1","__union_38",0,NA,NA,NA,"individual-duplicate-union"
"Real 375","c","c-curved-chord","PQX22G","__dup_PQX22G_1","__union_39",0,NA,NA,NA,"individual-duplicate-union"
"Real 375","c","c-curved-chord","PQX22G","__dup_PQX22G_1","__union_40",0,NA,NA,NA,"individual-duplicate-union"
"Real 375","c","c-curved-chord","PQX22G","__dup_PQX22G_1","__union_43",0,NA,NA,NA,"individual-duplicate-union"
"Real 375","c","c-curved-chord","PQX22G","__dup_PQX22G_1","__union_44",0,NA,NA,NA,"individual-duplicate-union"
"Real 375","c","c-curved-chord","PQX22G","__dup_PQX22G_1","__union_46",0,NA,NA,NA,"individual-duplicate-union"
"Real 375","c","c-curved-chord","PQX22G","__dup_PQX22G_1","__union_47",0,NA,NA,NA,"individual-duplicate-union"
"Real 375","c","c-curved-chord","PQX22G","__dup_PQX22G_1","__union_48",0,NA,NA,NA,"individual-duplicate-union"
"Real 375","c","c-curved-chord","PQX22G","__dup_PQX22G_1","__union_49",0,NA,NA,NA,"individual-duplicate-union"
"Real 375","c","c-curved-chord","PQX22G","__dup_PQX22G_1","__union_50",0,NA,NA,NA,"individual-duplicate-union"
"Real 375","c","c-curved-chord","PQX22G","__dup_PQX22G_1","__union_51",0,NA,NA,NA,"individual-duplicate-union"
"Real 375","c","c-curved-chord","PQX22G","__dup_PQX22G_1","__union_52",0,NA,NA,NA,"individual-duplicate-union"
"Real 375","c","c-curved-chord","PQX22G","__dup_PQX22G_1","__union_53",0,NA,NA,NA,"individual-duplicate-union"
"Real 375","c","c-curved-chord","PQX22G","__dup_PQX22G_1","__union_55",0,NA,NA,NA,"individual-duplicate-union"
"Real 375","c","c-curved-chord","PQX22G","__dup_PQX22G_1","__union_56",0,NA,NA,NA,"individual-duplicate-union"
"Real 375","c","c-curved-chord","PQX22G","__dup_PQX22G_1","__union_57",0,NA,NA,NA,"individual-duplicate-union"
"Real 375","c","c-curved-chord","PQX22G","__dup_PQX22G_1","__union_58",0,NA,NA,NA,"individual-duplicate-union"
"Real 375","c","c-curved-chord","PQX22G","__dup_PQX22G_2","EZ97J5",0,NA,NA,NA,"individual-duplicate-individual"
"Real 375","c","c-curved-chord","PQX22G","__dup_PQX22G_2","Q8MRCZ",0,NA,NA,NA,"individual-duplicate-individual"
"Real 375","c","c-curved-chord","PQX22G","__dup_PQX22G_2","8DKELJ",0,NA,NA,NA,"individual-duplicate-individual"
"Real 375","c","c-curved-chord","PQX22G","__dup_PQX22G_2","G8EBU9",0,NA,NA,NA,"individual-duplicate-individual"
"Real 375","c","c-curved-chord","PQX22G","__dup_PQX22G_2","LVP52A",0,NA,NA,NA,"individual-duplicate-individual"
"Real 375","c","c-curved-chord","PQX22G","__dup_PQX22G_2","1ZERVB",0,NA,NA,NA,"individual-duplicate-individual"
"Real 375","c","c-curved-chord","PQX22G","__dup_PQX22G_2","MTSHHY",0,NA,NA,NA,"individual-duplicate-individual"
"Real 375","c","c-curved-chord","PQX22G","__dup_PQX22G_2","4EEKV7",0,NA,NA,NA,"individual-duplicate-individual"
"Real 375","c","c-curved-chord","PQX22G","__dup_PQX22G_2","BM40IX",0,NA,NA,NA,"individual-duplicate-individual"
"Real 375","c","c-curved-chord","PQX22G","__dup_PQX22G_2","A3A34I",0,NA,NA,NA,"individual-duplicate-individual"
"Real 375","c","c-curved-chord","PQX22G","__dup_PQX22G_2","L2I39Y",0,NA,NA,NA,"individual-duplicate-individual"
"Real 375","c","c-curved-chord","PQX22G","__dup_PQX22G_2","NPYENA",0,NA,NA,NA,"individual-duplicate-individual"
"Real 375","c","c-curved-chord","PQX22G","__dup_PQX22G_2","0FKJ81",0,NA,NA,NA,"individual-duplicate-individual"
"Real 375","c","c-curved-chord","PQX22G","__dup_PQX22G_2","6S4HCB",0,NA,NA,NA,"individual-duplicate-individual"
"Real 375","c","c-curved-chord","PQX22G","__dup_PQX22G_2","5GQC24",0,NA,NA,NA,"individual-duplicate-individual"
"Real 375","c","c-curved-chord","PQX22G","__dup_PQX22G_2","YAV1NW",0,NA,NA,NA,"individual-duplicate-individual"
"Real 375","c","c-curved-chord","PQX22G","__dup_PQX22G_2","BJ4J7G",0,NA,NA,NA,"individual-duplicate-individual"
"Real 375","c","c-curved-chord","PQX22G","__dup_PQX22G_2","IP1TGT",0,NA,NA,NA,"individual-duplicate-individual"
"Real 375","c","c-curved-chord","PQX22G","__dup_PQX22G_2","TUILLQ",0,NA,NA,NA,"individual-duplicate-individual"
"Real 375","c","c-curved-chord","PQX22G","__dup_PQX22G_2","CBLNYE",0,NA,NA,NA,"individual-duplicate-individual"
"Real 375","c","c-curved-chord","PQX22G","__dup_PQX22G_2","1X40V5",0,NA,NA,NA,"individual-duplicate-individual"
"Real 375","c","c-curved-chord","PQX22G","__dup_PQX22G_2","WDBGPF",0,NA,NA,NA,"individual-duplicate-individual"
"Real 375","c","c-curved-chord","PQX22G","__dup_PQX22G_2","C6E1D9",0,NA,NA,NA,"individual-duplicate-individual"
"Real 375","c","c-curved-chord","PQX22G","__dup_PQX22G_2","8ZK9LV",0,NA,NA,NA,"individual-duplicate-individual"
"Real 375","c","c-curved-chord","PQX22G","__dup_PQX22G_2","28XSME",0,NA,NA,NA,"individual-duplicate-individual"
"Real 375","c","c-curved-chord","PQX22G","__dup_PQX22G_2","RD3WB2",0,NA,NA,NA,"individual-duplicate-individual"
"Real 375","c","c-curved-chord","PQX22G","__dup_PQX22G_2","7U5H8G",0,NA,NA,NA,"individual-duplicate-individual"
"Real 375","c","c-curved-chord","PQX22G","__dup_PQX22G_2","LWV138",0,NA,NA,NA,"individual-duplicate-individual"
"Real 375","c","c-curved-chord","PQX22G","__dup_PQX22G_2","R3BBV1",0,NA,NA,NA,"individual-duplicate-individual"
"Real 375","c","c-curved-chord","PQX22G","__dup_PQX22G_2","UYZ1DD",0,NA,NA,NA,"individual-duplicate-individual"
"Real 375","c","c-curved-chord","PQX22G","__dup_PQX22G_2","ULQFEZ",0,NA,NA,NA,"individual-duplicate-individual"
"Real 375","c","c-curved-chord","PQX22G","__dup_PQX22G_2","UTU9S7",0,NA,NA,NA,"individual-duplicate-individual"
"Real 375","c","c-curved-chord","PQX22G","__dup_PQX22G_2","__dup_IP1TGT_1",0,NA,NA,NA,"individual-duplicate-duplicate"
"Real 375","c","c-curved-chord","PQX22G","__dup_PQX22G_2","__dup_7NBKWE_1",0,NA,NA,NA,"individual-duplicate-duplicate"
"Real 375","c","c-curved-chord","PQX22G","__dup_PQX22G_2","__dup_7NBKWE_2",0,NA,NA,NA,"individual-duplicate-duplicate"
"Real 375","c","c-curved-chord","PQX22G","__dup_PQX22G_2","__dup_L31S6S_2",0,NA,NA,NA,"individual-duplicate-duplicate"
"Real 375","c","c-curved-chord","PQX22G","__dup_PQX22G_2","__dup_5A6DFT_1",0,NA,NA,NA,"individual-duplicate-duplicate"
"Real 375","c","c-curved-chord","PQX22G","__dup_PQX22G_2","__dup_QWUKUY_2",0,NA,NA,NA,"individual-duplicate-duplicate"
"Real 375","c","c-curved-chord","PQX22G","__dup_PQX22G_2","__dup_6S4HCB_1",0,NA,NA,NA,"individual-duplicate-duplicate"
"Real 375","c","c-curved-chord","PQX22G","__dup_PQX22G_2","__dup_I8ABQE_1",0,NA,NA,NA,"individual-duplicate-duplicate"
"Real 375","c","c-curved-chord","PQX22G","__dup_PQX22G_2","__dup_RD3WB2_1",0,NA,NA,NA,"individual-duplicate-duplicate"
"Real 375","c","c-curved-chord","PQX22G","__dup_PQX22G_2","__dup_5A6DFT_3",0,NA,NA,NA,"individual-duplicate-duplicate"
"Real 375","c","c-curved-chord","PQX22G","__dup_PQX22G_2","__union_9",0,NA,NA,NA,"individual-duplicate-union"
"Real 375","c","c-curved-chord","PQX22G","__dup_PQX22G_2","__union_11",0,NA,NA,NA,"individual-duplicate-union"
"Real 375","c","c-curved-chord","PQX22G","__dup_PQX22G_2","__union_15",0,NA,NA,NA,"individual-duplicate-union"
"Real 375","c","c-curved-chord","PQX22G","__dup_PQX22G_2","__union_23",0,NA,NA,NA,"individual-duplicate-union"
"Real 375","c","c-curved-chord","PQX22G","__dup_PQX22G_2","__union_24",0,NA,NA,NA,"individual-duplicate-union"
"Real 375","c","c-curved-chord","PQX22G","__dup_PQX22G_2","__union_25",0,NA,NA,NA,"individual-duplicate-union"
"Real 375","c","c-curved-chord","PQX22G","__dup_PQX22G_2","__union_26",0,NA,NA,NA,"individual-duplicate-union"
"Real 375","c","c-curved-chord","PQX22G","__dup_PQX22G_2","__union_27",0,NA,NA,NA,"individual-duplicate-union"
"Real 375","c","c-curved-chord","PQX22G","__dup_PQX22G_2","__union_28",0,NA,NA,NA,"individual-duplicate-union"
"Real 375","c","c-curved-chord","PQX22G","__dup_PQX22G_2","__union_29",0,NA,NA,NA,"individual-duplicate-union"
"Real 375","c","c-curved-chord","PQX22G","__dup_PQX22G_2","__union_30",0,NA,NA,NA,"individual-duplicate-union"
"Real 375","c","c-curved-chord","PQX22G","__dup_PQX22G_2","__union_31",0,NA,NA,NA,"individual-duplicate-union"
"Real 375","c","c-curved-chord","PQX22G","__dup_PQX22G_2","__union_32",0,NA,NA,NA,"individual-duplicate-union"
"Real 375","c","c-curved-chord","PQX22G","__dup_PQX22G_2","__union_40",0,NA,NA,NA,"individual-duplicate-union"
"Real 375","c","c-curved-chord","PQX22G","__dup_PQX22G_2","__union_43",0,NA,NA,NA,"individual-duplicate-union"
"Real 375","c","c-curved-chord","PQX22G","__dup_PQX22G_2","__union_48",0,NA,NA,NA,"individual-duplicate-union"
"Real 375","c","c-curved-chord","PQX22G","__dup_PQX22G_2","__union_49",0,NA,NA,NA,"individual-duplicate-union"
"Real 375","c","c-curved-chord","PQX22G","__dup_PQX22G_2","__union_52",0,NA,NA,NA,"individual-duplicate-union"
"Real 375","c","c-curved-chord","PQX22G","__dup_PQX22G_2","__union_55",0,NA,NA,NA,"individual-duplicate-union"
"Real 375","c","c-curved-chord","PQX22G","__dup_PQX22G_2","__union_56",0,NA,NA,NA,"individual-duplicate-union"
"Real 375","c","c-curved-chord","PQX22G","__dup_PQX22G_2","__union_57",0,NA,NA,NA,"individual-duplicate-union"
"Real 375","c","c-curved-chord","WDBGPF","__dup_WDBGPF_2","ZLS786",0,NA,NA,NA,"individual-duplicate-individual"
"Real 375","c","c-curved-chord","WDBGPF","__dup_WDBGPF_2","RXPJPP",0,NA,NA,NA,"individual-duplicate-individual"
"Real 375","c","c-curved-chord","WDBGPF","__dup_WDBGPF_2","HDJ52R",0,NA,NA,NA,"individual-duplicate-individual"
"Real 375","c","c-curved-chord","WDBGPF","__dup_WDBGPF_2","P87V3K",0,NA,NA,NA,"individual-duplicate-individual"
"Real 375","c","c-curved-chord","WDBGPF","__dup_WDBGPF_2","C3IFT0",0,NA,NA,NA,"individual-duplicate-individual"
"Real 375","c","c-curved-chord","WDBGPF","__dup_WDBGPF_2","EZ97J5",0,NA,NA,NA,"individual-duplicate-individual"
"Real 375","c","c-curved-chord","WDBGPF","__dup_WDBGPF_2","Y7IUMX",0,NA,NA,NA,"individual-duplicate-individual"
"Real 375","c","c-curved-chord","WDBGPF","__dup_WDBGPF_2","Q8MRCZ",0,NA,NA,NA,"individual-duplicate-individual"
"Real 375","c","c-curved-chord","WDBGPF","__dup_WDBGPF_2","8DKELJ",0,NA,NA,NA,"individual-duplicate-individual"
"Real 375","c","c-curved-chord","WDBGPF","__dup_WDBGPF_2","G8EBU9",0,NA,NA,NA,"individual-duplicate-individual"
"Real 375","c","c-curved-chord","WDBGPF","__dup_WDBGPF_2","E2D59U",0,NA,NA,NA,"individual-duplicate-individual"
"Real 375","c","c-curved-chord","WDBGPF","__dup_WDBGPF_2","LVP52A",0,NA,NA,NA,"individual-duplicate-individual"
"Real 375","c","c-curved-chord","WDBGPF","__dup_WDBGPF_2","KWKJXQ",0,NA,NA,NA,"individual-duplicate-individual"
"Real 375","c","c-curved-chord","WDBGPF","__dup_WDBGPF_2","1ZERVB",0,NA,NA,NA,"individual-duplicate-individual"
"Real 375","c","c-curved-chord","WDBGPF","__dup_WDBGPF_2","MTSHHY",0,NA,NA,NA,"individual-duplicate-individual"
"Real 375","c","c-curved-chord","WDBGPF","__dup_WDBGPF_2","4EEKV7",0,NA,NA,NA,"individual-duplicate-individual"
"Real 375","c","c-curved-chord","WDBGPF","__dup_WDBGPF_2","BM40IX",0,NA,NA,NA,"individual-duplicate-individual"
"Real 375","c","c-curved-chord","WDBGPF","__dup_WDBGPF_2","A3A34I",0,NA,NA,NA,"individual-duplicate-individual"
"Real 375","c","c-curved-chord","WDBGPF","__dup_WDBGPF_2","L2I39Y",0,NA,NA,NA,"individual-duplicate-individual"
"Real 375","c","c-curved-chord","WDBGPF","__dup_WDBGPF_2","NPYENA",0,NA,NA,NA,"individual-duplicate-individual"
"Real 375","c","c-curved-chord","WDBGPF","__dup_WDBGPF_2","KXU1ZH",0,NA,NA,NA,"individual-duplicate-individual"
"Real 375","c","c-curved-chord","WDBGPF","__dup_WDBGPF_2","5A6DFT",0,NA,NA,NA,"individual-duplicate-individual"
"Real 375","c","c-curved-chord","WDBGPF","__dup_WDBGPF_2","I8ABQE",0,NA,NA,NA,"individual-duplicate-individual"
"Real 375","c","c-curved-chord","WDBGPF","__dup_WDBGPF_2","6S4HCB",0,NA,NA,NA,"individual-duplicate-individual"
"Real 375","c","c-curved-chord","WDBGPF","__dup_WDBGPF_2","5GQC24",0,NA,NA,NA,"individual-duplicate-individual"
"Real 375","c","c-curved-chord","WDBGPF","__dup_WDBGPF_2","YAV1NW",0,NA,NA,NA,"individual-duplicate-individual"
"Real 375","c","c-curved-chord","WDBGPF","__dup_WDBGPF_2","TTE0Z7",0,NA,NA,NA,"individual-duplicate-individual"
"Real 375","c","c-curved-chord","WDBGPF","__dup_WDBGPF_2","BD7MNF",0,NA,NA,NA,"individual-duplicate-individual"
"Real 375","c","c-curved-chord","WDBGPF","__dup_WDBGPF_2","FG9RYY",0,NA,NA,NA,"individual-duplicate-individual"
"Real 375","c","c-curved-chord","WDBGPF","__dup_WDBGPF_2","D8FYZV",0,NA,NA,NA,"individual-duplicate-individual"
"Real 375","c","c-curved-chord","WDBGPF","__dup_WDBGPF_2","BJ4J7G",0,NA,NA,NA,"individual-duplicate-individual"
"Real 375","c","c-curved-chord","WDBGPF","__dup_WDBGPF_2","C2YD43",0,NA,NA,NA,"individual-duplicate-individual"
"Real 375","c","c-curved-chord","WDBGPF","__dup_WDBGPF_2","AE08C8",0,NA,NA,NA,"individual-duplicate-individual"
"Real 375","c","c-curved-chord","WDBGPF","__dup_WDBGPF_2","IX0KKP",0,NA,NA,NA,"individual-duplicate-individual"
"Real 375","c","c-curved-chord","WDBGPF","__dup_WDBGPF_2","MY1AEU",0,NA,NA,NA,"individual-duplicate-individual"
"Real 375","c","c-curved-chord","WDBGPF","__dup_WDBGPF_2","ZK6NM2",0,NA,NA,NA,"individual-duplicate-individual"
"Real 375","c","c-curved-chord","WDBGPF","__dup_WDBGPF_2","IP1TGT",0,NA,NA,NA,"individual-duplicate-individual"
"Real 375","c","c-curved-chord","WDBGPF","__dup_WDBGPF_2","97Y192",0,NA,NA,NA,"individual-duplicate-individual"
"Real 375","c","c-curved-chord","WDBGPF","__dup_WDBGPF_2","TUILLQ",0,NA,NA,NA,"individual-duplicate-individual"
"Real 375","c","c-curved-chord","WDBGPF","__dup_WDBGPF_2","CBLNYE",0,NA,NA,NA,"individual-duplicate-individual"
"Real 375","c","c-curved-chord","WDBGPF","__dup_WDBGPF_2","B948B1",0,NA,NA,NA,"individual-duplicate-individual"
"Real 375","c","c-curved-chord","WDBGPF","__dup_WDBGPF_2","QWUKUY",0,NA,NA,NA,"individual-duplicate-individual"
"Real 375","c","c-curved-chord","WDBGPF","__dup_WDBGPF_2","1X40V5",0,NA,NA,NA,"individual-duplicate-individual"
"Real 375","c","c-curved-chord","WDBGPF","__dup_WDBGPF_2","C6E1D9",0,NA,NA,NA,"individual-duplicate-individual"
"Real 375","c","c-curved-chord","WDBGPF","__dup_WDBGPF_2","RJHF0G",0,NA,NA,NA,"individual-duplicate-individual"
"Real 375","c","c-curved-chord","WDBGPF","__dup_WDBGPF_2","28XSME",0,NA,NA,NA,"individual-duplicate-individual"
"Real 375","c","c-curved-chord","WDBGPF","__dup_WDBGPF_2","7NBKWE",0,NA,NA,NA,"individual-duplicate-individual"
"Real 375","c","c-curved-chord","WDBGPF","__dup_WDBGPF_2","RD3WB2",0,NA,NA,NA,"individual-duplicate-individual"
"Real 375","c","c-curved-chord","WDBGPF","__dup_WDBGPF_2","L31S6S",0,NA,NA,NA,"individual-duplicate-individual"
"Real 375","c","c-curved-chord","WDBGPF","__dup_WDBGPF_2","7U5H8G",0,NA,NA,NA,"individual-duplicate-individual"
"Real 375","c","c-curved-chord","WDBGPF","__dup_WDBGPF_2","HCY8QM",0,NA,NA,NA,"individual-duplicate-individual"
"Real 375","c","c-curved-chord","WDBGPF","__dup_WDBGPF_2","LWV138",0,NA,NA,NA,"individual-duplicate-individual"
"Real 375","c","c-curved-chord","WDBGPF","__dup_WDBGPF_2","R3BBV1",0,NA,NA,NA,"individual-duplicate-individual"
"Real 375","c","c-curved-chord","WDBGPF","__dup_WDBGPF_2","UCXEK5",0,NA,NA,NA,"individual-duplicate-individual"
"Real 375","c","c-curved-chord","WDBGPF","__dup_WDBGPF_2","UUNQ4J",0,NA,NA,NA,"individual-duplicate-individual"
"Real 375","c","c-curved-chord","WDBGPF","__dup_WDBGPF_2","ULQFEZ",0,NA,NA,NA,"individual-duplicate-individual"
"Real 375","c","c-curved-chord","WDBGPF","__dup_WDBGPF_2","UTU9S7",0,NA,NA,NA,"individual-duplicate-individual"
"Real 375","c","c-curved-chord","WDBGPF","__dup_WDBGPF_2","UZCIN5",0,NA,NA,NA,"individual-duplicate-individual"
"Real 375","c","c-curved-chord","WDBGPF","__dup_WDBGPF_2","__dup_QWUKUY_1",0,NA,NA,NA,"individual-duplicate-duplicate"
"Real 375","c","c-curved-chord","WDBGPF","__dup_WDBGPF_2","__dup_7NBKWE_1",0,NA,NA,NA,"individual-duplicate-duplicate"
"Real 375","c","c-curved-chord","WDBGPF","__dup_WDBGPF_2","__dup_7NBKWE_2",0,NA,NA,NA,"individual-duplicate-duplicate"
"Real 375","c","c-curved-chord","WDBGPF","__dup_WDBGPF_2","__dup_L31S6S_2",0,NA,NA,NA,"individual-duplicate-duplicate"
"Real 375","c","c-curved-chord","WDBGPF","__dup_WDBGPF_2","__dup_5A6DFT_1",0,NA,NA,NA,"individual-duplicate-duplicate"
"Real 375","c","c-curved-chord","WDBGPF","__dup_WDBGPF_2","__dup_PQX22G_2",0,NA,NA,NA,"individual-duplicate-duplicate"
"Real 375","c","c-curved-chord","WDBGPF","__dup_WDBGPF_2","__dup_5A6DFT_2",0,NA,NA,NA,"individual-duplicate-duplicate"
"Real 375","c","c-curved-chord","WDBGPF","__dup_WDBGPF_2","__dup_QWUKUY_2",0,NA,NA,NA,"individual-duplicate-duplicate"
"Real 375","c","c-curved-chord","WDBGPF","__dup_WDBGPF_2","__dup_L31S6S_3",0,NA,NA,NA,"individual-duplicate-duplicate"
"Real 375","c","c-curved-chord","WDBGPF","__dup_WDBGPF_2","__dup_6S4HCB_1",0,NA,NA,NA,"individual-duplicate-duplicate"
"Real 375","c","c-curved-chord","WDBGPF","__dup_WDBGPF_2","__dup_I8ABQE_1",0,NA,NA,NA,"individual-duplicate-duplicate"
"Real 375","c","c-curved-chord","WDBGPF","__dup_WDBGPF_2","__dup_MY1AEU_2",0,NA,NA,NA,"individual-duplicate-duplicate"
"Real 375","c","c-curved-chord","WDBGPF","__dup_WDBGPF_2","__dup_RD3WB2_1",0,NA,NA,NA,"individual-duplicate-duplicate"
"Real 375","c","c-curved-chord","WDBGPF","__dup_WDBGPF_2","__union_10",0,NA,NA,NA,"individual-duplicate-union"
"Real 375","c","c-curved-chord","WDBGPF","__dup_WDBGPF_2","__union_12",0,NA,NA,NA,"individual-duplicate-union"
"Real 375","c","c-curved-chord","WDBGPF","__dup_WDBGPF_2","__union_13",0,NA,NA,NA,"individual-duplicate-union"
"Real 375","c","c-curved-chord","WDBGPF","__dup_WDBGPF_2","__union_14",0,NA,NA,NA,"individual-duplicate-union"
"Real 375","c","c-curved-chord","WDBGPF","__dup_WDBGPF_2","__union_15",0,NA,NA,NA,"individual-duplicate-union"
"Real 375","c","c-curved-chord","WDBGPF","__dup_WDBGPF_2","__union_16",0,NA,NA,NA,"individual-duplicate-union"
"Real 375","c","c-curved-chord","WDBGPF","__dup_WDBGPF_2","__union_18",0,NA,NA,NA,"individual-duplicate-union"
"Real 375","c","c-curved-chord","WDBGPF","__dup_WDBGPF_2","__union_20",0,NA,NA,NA,"individual-duplicate-union"
"Real 375","c","c-curved-chord","WDBGPF","__dup_WDBGPF_2","__union_21",0,NA,NA,NA,"individual-duplicate-union"
"Real 375","c","c-curved-chord","WDBGPF","__dup_WDBGPF_2","__union_23",0,NA,NA,NA,"individual-duplicate-union"
"Real 375","c","c-curved-chord","WDBGPF","__dup_WDBGPF_2","__union_24",0,NA,NA,NA,"individual-duplicate-union"
"Real 375","c","c-curved-chord","WDBGPF","__dup_WDBGPF_2","__union_25",0,NA,NA,NA,"individual-duplicate-union"
"Real 375","c","c-curved-chord","WDBGPF","__dup_WDBGPF_2","__union_26",0,NA,NA,NA,"individual-duplicate-union"
"Real 375","c","c-curved-chord","WDBGPF","__dup_WDBGPF_2","__union_27",0,NA,NA,NA,"individual-duplicate-union"
"Real 375","c","c-curved-chord","WDBGPF","__dup_WDBGPF_2","__union_28",0,NA,NA,NA,"individual-duplicate-union"
"Real 375","c","c-curved-chord","WDBGPF","__dup_WDBGPF_2","__union_29",0,NA,NA,NA,"individual-duplicate-union"
"Real 375","c","c-curved-chord","WDBGPF","__dup_WDBGPF_2","__union_30",0,NA,NA,NA,"individual-duplicate-union"
"Real 375","c","c-curved-chord","WDBGPF","__dup_WDBGPF_2","__union_31",0,NA,NA,NA,"individual-duplicate-union"
"Real 375","c","c-curved-chord","WDBGPF","__dup_WDBGPF_2","__union_32",0,NA,NA,NA,"individual-duplicate-union"
"Real 375","c","c-curved-chord","WDBGPF","__dup_WDBGPF_2","__union_33",0,NA,NA,NA,"individual-duplicate-union"
"Real 375","c","c-curved-chord","WDBGPF","__dup_WDBGPF_2","__union_35",0,NA,NA,NA,"individual-duplicate-union"
"Real 375","c","c-curved-chord","WDBGPF","__dup_WDBGPF_2","__union_38",0,NA,NA,NA,"individual-duplicate-union"
"Real 375","c","c-curved-chord","WDBGPF","__dup_WDBGPF_2","__union_39",0,NA,NA,NA,"individual-duplicate-union"
"Real 375","c","c-curved-chord","WDBGPF","__dup_WDBGPF_2","__union_40",0,NA,NA,NA,"individual-duplicate-union"
"Real 375","c","c-curved-chord","WDBGPF","__dup_WDBGPF_2","__union_43",0,NA,NA,NA,"individual-duplicate-union"
"Real 375","c","c-curved-chord","WDBGPF","__dup_WDBGPF_2","__union_44",0,NA,NA,NA,"individual-duplicate-union"
"Real 375","c","c-curved-chord","WDBGPF","__dup_WDBGPF_2","__union_46",0,NA,NA,NA,"individual-duplicate-union"
"Real 375","c","c-curved-chord","WDBGPF","__dup_WDBGPF_2","__union_47",0,NA,NA,NA,"individual-duplicate-union"
"Real 375","c","c-curved-chord","WDBGPF","__dup_WDBGPF_2","__union_48",0,NA,NA,NA,"individual-duplicate-union"
"Real 375","c","c-curved-chord","WDBGPF","__dup_WDBGPF_2","__union_49",0,NA,NA,NA,"individual-duplicate-union"
"Real 375","c","c-curved-chord","WDBGPF","__dup_WDBGPF_2","__union_50",0,NA,NA,NA,"individual-duplicate-union"
"Real 375","c","c-curved-chord","WDBGPF","__dup_WDBGPF_2","__union_52",0,NA,NA,NA,"individual-duplicate-union"
"Real 375","c","c-curved-chord","WDBGPF","__dup_WDBGPF_2","__union_53",0,NA,NA,NA,"individual-duplicate-union"
"Real 375","c","c-curved-chord","WDBGPF","__dup_WDBGPF_2","__union_55",0,NA,NA,NA,"individual-duplicate-union"
"Real 375","c","c-curved-chord","WDBGPF","__dup_WDBGPF_2","__union_56",0,NA,NA,NA,"individual-duplicate-union"
"Real 375","c","c-curved-chord","WDBGPF","__dup_WDBGPF_2","__union_58",0,NA,NA,NA,"individual-duplicate-union"
"Real 375","c","c-curved-chord","BZ8K78","__dup_BZ8K78_1","C1BAND",0,NA,NA,NA,"individual-duplicate-individual"
"Real 375","c","c-curved-chord","BZ8K78","__dup_BZ8K78_1","C3V2V6",0,NA,NA,NA,"individual-duplicate-individual"
"Real 375","c","c-curved-chord","BZ8K78","__dup_BZ8K78_1","__dup_1X40V5_1",0,NA,NA,NA,"individual-duplicate-duplicate"
"Real 375","c","c-curved-chord","BZ8K78","__dup_BZ8K78_1","__union_41",0,NA,NA,NA,"individual-duplicate-union"
"Real 375","c","c-curved-chord","__dup_5A6DFT_2","5A6DFT","RXPJPP",0,NA,NA,NA,"duplicate-individual-individual"
"Real 375","c","c-curved-chord","__dup_5A6DFT_2","5A6DFT","C3IFT0",0,NA,NA,NA,"duplicate-individual-individual"
"Real 375","c","c-curved-chord","__dup_5A6DFT_2","5A6DFT","I8ABQE",0,NA,NA,NA,"duplicate-individual-individual"
"Real 375","c","c-curved-chord","__dup_5A6DFT_2","5A6DFT","C2YD43",0,NA,NA,NA,"duplicate-individual-individual"
"Real 375","c","c-curved-chord","__dup_5A6DFT_2","5A6DFT","ZK6NM2",0,NA,NA,NA,"duplicate-individual-individual"
"Real 375","c","c-curved-chord","__dup_5A6DFT_2","5A6DFT","QWUKUY",0,NA,NA,NA,"duplicate-individual-individual"
"Real 375","c","c-curved-chord","__dup_5A6DFT_2","5A6DFT","7NBKWE",0,NA,NA,NA,"duplicate-individual-individual"
"Real 375","c","c-curved-chord","__dup_5A6DFT_2","5A6DFT","UCXEK5",0,NA,NA,NA,"duplicate-individual-individual"
"Real 375","c","c-curved-chord","__dup_5A6DFT_2","5A6DFT","__dup_MY1AEU_2",0,NA,NA,NA,"duplicate-individual-duplicate"
"Real 375","c","c-curved-chord","__dup_5A6DFT_2","5A6DFT","__union_13",0,NA,NA,NA,"duplicate-individual-union"
"Real 375","c","c-curved-chord","__dup_5A6DFT_2","5A6DFT","__union_14",0,NA,NA,NA,"duplicate-individual-union"
"Real 375","c","c-curved-chord","__dup_5A6DFT_2","5A6DFT","__union_18",0,NA,NA,NA,"duplicate-individual-union"
"Real 375","c","c-curved-chord","__dup_5A6DFT_2","5A6DFT","__union_50",0,NA,NA,NA,"duplicate-individual-union"
"Real 375","c","c-curved-chord","__dup_QWUKUY_2","QWUKUY","ZLS786",0,NA,NA,NA,"duplicate-individual-individual"
"Real 375","c","c-curved-chord","__dup_QWUKUY_2","QWUKUY","RXPJPP",0,NA,NA,NA,"duplicate-individual-individual"
"Real 375","c","c-curved-chord","__dup_QWUKUY_2","QWUKUY","HDJ52R",0,NA,NA,NA,"duplicate-individual-individual"
"Real 375","c","c-curved-chord","__dup_QWUKUY_2","QWUKUY","C3IFT0",0,NA,NA,NA,"duplicate-individual-individual"
"Real 375","c","c-curved-chord","__dup_QWUKUY_2","QWUKUY","EZ97J5",0,NA,NA,NA,"duplicate-individual-individual"
"Real 375","c","c-curved-chord","__dup_QWUKUY_2","QWUKUY","Q8MRCZ",0,NA,NA,NA,"duplicate-individual-individual"
"Real 375","c","c-curved-chord","__dup_QWUKUY_2","QWUKUY","G8EBU9",0,NA,NA,NA,"duplicate-individual-individual"
"Real 375","c","c-curved-chord","__dup_QWUKUY_2","QWUKUY","KWKJXQ",0,NA,NA,NA,"duplicate-individual-individual"
"Real 375","c","c-curved-chord","__dup_QWUKUY_2","QWUKUY","1ZERVB",0,NA,NA,NA,"duplicate-individual-individual"
"Real 375","c","c-curved-chord","__dup_QWUKUY_2","QWUKUY","MTSHHY",0,NA,NA,NA,"duplicate-individual-individual"
"Real 375","c","c-curved-chord","__dup_QWUKUY_2","QWUKUY","4EEKV7",0,NA,NA,NA,"duplicate-individual-individual"
"Real 375","c","c-curved-chord","__dup_QWUKUY_2","QWUKUY","BM40IX",0,NA,NA,NA,"duplicate-individual-individual"
"Real 375","c","c-curved-chord","__dup_QWUKUY_2","QWUKUY","I8ABQE",0,NA,NA,NA,"duplicate-individual-individual"
"Real 375","c","c-curved-chord","__dup_QWUKUY_2","QWUKUY","6S4HCB",0,NA,NA,NA,"duplicate-individual-individual"
"Real 375","c","c-curved-chord","__dup_QWUKUY_2","QWUKUY","5GQC24",0,NA,NA,NA,"duplicate-individual-individual"
"Real 375","c","c-curved-chord","__dup_QWUKUY_2","QWUKUY","YAV1NW",0,NA,NA,NA,"duplicate-individual-individual"
"Real 375","c","c-curved-chord","__dup_QWUKUY_2","QWUKUY","D8FYZV",0,NA,NA,NA,"duplicate-individual-individual"
"Real 375","c","c-curved-chord","__dup_QWUKUY_2","QWUKUY","BJ4J7G",0,NA,NA,NA,"duplicate-individual-individual"
"Real 375","c","c-curved-chord","__dup_QWUKUY_2","QWUKUY","AE08C8",0,NA,NA,NA,"duplicate-individual-individual"
"Real 375","c","c-curved-chord","__dup_QWUKUY_2","QWUKUY","MY1AEU",0,NA,NA,NA,"duplicate-individual-individual"
"Real 375","c","c-curved-chord","__dup_QWUKUY_2","QWUKUY","ZK6NM2",0,NA,NA,NA,"duplicate-individual-individual"
"Real 375","c","c-curved-chord","__dup_QWUKUY_2","QWUKUY","B948B1",0,NA,NA,NA,"duplicate-individual-individual"
"Real 375","c","c-curved-chord","__dup_QWUKUY_2","QWUKUY","7NBKWE",0,NA,NA,NA,"duplicate-individual-individual"
"Real 375","c","c-curved-chord","__dup_QWUKUY_2","QWUKUY","RD3WB2",0,NA,NA,NA,"duplicate-individual-individual"
"Real 375","c","c-curved-chord","__dup_QWUKUY_2","QWUKUY","L31S6S",0,NA,NA,NA,"duplicate-individual-individual"
"Real 375","c","c-curved-chord","__dup_QWUKUY_2","QWUKUY","7U5H8G",0,NA,NA,NA,"duplicate-individual-individual"
"Real 375","c","c-curved-chord","__dup_QWUKUY_2","QWUKUY","R3BBV1",0,NA,NA,NA,"duplicate-individual-individual"
"Real 375","c","c-curved-chord","__dup_QWUKUY_2","QWUKUY","UCXEK5",0,NA,NA,NA,"duplicate-individual-individual"
"Real 375","c","c-curved-chord","__dup_QWUKUY_2","QWUKUY","UUNQ4J",0,NA,NA,NA,"duplicate-individual-individual"
"Real 375","c","c-curved-chord","__dup_QWUKUY_2","QWUKUY","UTU9S7",0,NA,NA,NA,"duplicate-individual-individual"
"Real 375","c","c-curved-chord","__dup_QWUKUY_2","QWUKUY","__dup_7NBKWE_2",0,NA,NA,NA,"duplicate-individual-duplicate"
"Real 375","c","c-curved-chord","__dup_QWUKUY_2","QWUKUY","__dup_PQX22G_2",0,NA,NA,NA,"duplicate-individual-duplicate"
"Real 375","c","c-curved-chord","__dup_QWUKUY_2","QWUKUY","__dup_5A6DFT_2",0,NA,NA,NA,"duplicate-individual-duplicate"
"Real 375","c","c-curved-chord","__dup_QWUKUY_2","QWUKUY","__dup_6S4HCB_1",0,NA,NA,NA,"duplicate-individual-duplicate"
"Real 375","c","c-curved-chord","__dup_QWUKUY_2","QWUKUY","__dup_I8ABQE_1",0,NA,NA,NA,"duplicate-individual-duplicate"
"Real 375","c","c-curved-chord","__dup_QWUKUY_2","QWUKUY","__dup_MY1AEU_2",0,NA,NA,NA,"duplicate-individual-duplicate"
"Real 375","c","c-curved-chord","__dup_QWUKUY_2","QWUKUY","__dup_RD3WB2_1",0,NA,NA,NA,"duplicate-individual-duplicate"
"Real 375","c","c-curved-chord","__dup_QWUKUY_2","QWUKUY","__union_10",0,NA,NA,NA,"duplicate-individual-union"
"Real 375","c","c-curved-chord","__dup_QWUKUY_2","QWUKUY","__union_14",0,NA,NA,NA,"duplicate-individual-union"
"Real 375","c","c-curved-chord","__dup_QWUKUY_2","QWUKUY","__union_18",0,NA,NA,NA,"duplicate-individual-union"
"Real 375","c","c-curved-chord","__dup_QWUKUY_2","QWUKUY","__union_21",0,NA,NA,NA,"duplicate-individual-union"
"Real 375","c","c-curved-chord","__dup_QWUKUY_2","QWUKUY","__union_25",0,NA,NA,NA,"duplicate-individual-union"
"Real 375","c","c-curved-chord","__dup_QWUKUY_2","QWUKUY","__union_28",0,NA,NA,NA,"duplicate-individual-union"
"Real 375","c","c-curved-chord","__dup_QWUKUY_2","QWUKUY","__union_31",0,NA,NA,NA,"duplicate-individual-union"
"Real 375","c","c-curved-chord","__dup_QWUKUY_2","QWUKUY","__union_35",0,NA,NA,NA,"duplicate-individual-union"
"Real 375","c","c-curved-chord","__dup_QWUKUY_2","QWUKUY","__union_38",0,NA,NA,NA,"duplicate-individual-union"
"Real 375","c","c-curved-chord","__dup_QWUKUY_2","QWUKUY","__union_39",0,NA,NA,NA,"duplicate-individual-union"
"Real 375","c","c-curved-chord","__dup_QWUKUY_2","QWUKUY","__union_43",0,NA,NA,NA,"duplicate-individual-union"
"Real 375","c","c-curved-chord","__dup_QWUKUY_2","QWUKUY","__union_48",0,NA,NA,NA,"duplicate-individual-union"
"Real 375","c","c-curved-chord","__dup_QWUKUY_2","QWUKUY","__union_49",0,NA,NA,NA,"duplicate-individual-union"
"Real 375","c","c-curved-chord","__dup_QWUKUY_2","QWUKUY","__union_50",0,NA,NA,NA,"duplicate-individual-union"
"Real 375","c","c-curved-chord","__dup_QWUKUY_2","QWUKUY","__union_52",0,NA,NA,NA,"duplicate-individual-union"
"Real 375","c","c-curved-chord","__dup_QWUKUY_2","QWUKUY","__union_53",0,NA,NA,NA,"duplicate-individual-union"
"Real 375","c","c-curved-chord","__dup_QWUKUY_2","QWUKUY","__union_55",0,NA,NA,NA,"duplicate-individual-union"
"Real 375","c","c-curved-chord","__dup_QWUKUY_2","QWUKUY","__union_56",0,NA,NA,NA,"duplicate-individual-union"
"Real 375","c","c-curved-chord","__dup_1X40V5_1","1X40V5","9A1LWF",0,NA,NA,NA,"duplicate-individual-individual"
"Real 375","c","c-curved-chord","__dup_1X40V5_1","1X40V5","8DKELJ",0,NA,NA,NA,"duplicate-individual-individual"
"Real 375","c","c-curved-chord","__dup_1X40V5_1","1X40V5","IYYFP6",0,NA,NA,NA,"duplicate-individual-individual"
"Real 375","c","c-curved-chord","__dup_1X40V5_1","1X40V5","LVP52A",0,NA,NA,NA,"duplicate-individual-individual"
"Real 375","c","c-curved-chord","__dup_1X40V5_1","1X40V5","PQX22G",0,NA,NA,NA,"duplicate-individual-individual"
"Real 375","c","c-curved-chord","__dup_1X40V5_1","1X40V5","A3A34I",0,NA,NA,NA,"duplicate-individual-individual"
"Real 375","c","c-curved-chord","__dup_1X40V5_1","1X40V5","L2I39Y",0,NA,NA,NA,"duplicate-individual-individual"
"Real 375","c","c-curved-chord","__dup_1X40V5_1","1X40V5","NPYENA",0,NA,NA,NA,"duplicate-individual-individual"
"Real 375","c","c-curved-chord","__dup_1X40V5_1","1X40V5","0FKJ81",0,NA,NA,NA,"duplicate-individual-individual"
"Real 375","c","c-curved-chord","__dup_1X40V5_1","1X40V5","IP1TGT",0,NA,NA,NA,"duplicate-individual-individual"
"Real 375","c","c-curved-chord","__dup_1X40V5_1","1X40V5","TUILLQ",0,NA,NA,NA,"duplicate-individual-individual"
"Real 375","c","c-curved-chord","__dup_1X40V5_1","1X40V5","WDBGPF",0,NA,NA,NA,"duplicate-individual-individual"
"Real 375","c","c-curved-chord","__dup_1X40V5_1","1X40V5","C3V2V6",0,NA,NA,NA,"duplicate-individual-individual"
"Real 375","c","c-curved-chord","__dup_1X40V5_1","1X40V5","C6E1D9",0,NA,NA,NA,"duplicate-individual-individual"
"Real 375","c","c-curved-chord","__dup_1X40V5_1","1X40V5","8ZK9LV",0,NA,NA,NA,"duplicate-individual-individual"
"Real 375","c","c-curved-chord","__dup_1X40V5_1","1X40V5","3XP1ZD",0,NA,NA,NA,"duplicate-individual-individual"
"Real 375","c","c-curved-chord","__dup_1X40V5_1","1X40V5","28XSME",0,NA,NA,NA,"duplicate-individual-individual"
"Real 375","c","c-curved-chord","__dup_1X40V5_1","1X40V5","LWV138",0,NA,NA,NA,"duplicate-individual-individual"
"Real 375","c","c-curved-chord","__dup_1X40V5_1","1X40V5","UYZ1DD",0,NA,NA,NA,"duplicate-individual-individual"
"Real 375","c","c-curved-chord","__dup_1X40V5_1","1X40V5","ULQFEZ",0,NA,NA,NA,"duplicate-individual-individual"
"Real 375","c","c-curved-chord","__dup_1X40V5_1","1X40V5","__dup_IP1TGT_1",0,NA,NA,NA,"duplicate-individual-duplicate"
"Real 375","c","c-curved-chord","__dup_1X40V5_1","1X40V5","__dup_7NBKWE_1",0,NA,NA,NA,"duplicate-individual-duplicate"
"Real 375","c","c-curved-chord","__dup_1X40V5_1","1X40V5","__dup_L31S6S_2",0,NA,NA,NA,"duplicate-individual-duplicate"
"Real 375","c","c-curved-chord","__dup_1X40V5_1","1X40V5","__dup_5A6DFT_1",0,NA,NA,NA,"duplicate-individual-duplicate"
"Real 375","c","c-curved-chord","__dup_1X40V5_1","1X40V5","__dup_BZ8K78_1",0,NA,NA,NA,"duplicate-individual-duplicate"
"Real 375","c","c-curved-chord","__dup_1X40V5_1","1X40V5","__dup_5A6DFT_3",0,NA,NA,NA,"duplicate-individual-duplicate"
"Real 375","c","c-curved-chord","__dup_1X40V5_1","1X40V5","__union_9",0,NA,NA,NA,"duplicate-individual-union"
"Real 375","c","c-curved-chord","__dup_1X40V5_1","1X40V5","__union_11",0,NA,NA,NA,"duplicate-individual-union"
"Real 375","c","c-curved-chord","__dup_1X40V5_1","1X40V5","__union_19",0,NA,NA,NA,"duplicate-individual-union"
"Real 375","c","c-curved-chord","__dup_1X40V5_1","1X40V5","__union_22",0,NA,NA,NA,"duplicate-individual-union"
"Real 375","c","c-curved-chord","__dup_1X40V5_1","1X40V5","__union_23",0,NA,NA,NA,"duplicate-individual-union"
"Real 375","c","c-curved-chord","__dup_1X40V5_1","1X40V5","__union_24",0,NA,NA,NA,"duplicate-individual-union"
"Real 375","c","c-curved-chord","__dup_1X40V5_1","1X40V5","__union_26",0,NA,NA,NA,"duplicate-individual-union"
"Real 375","c","c-curved-chord","__dup_1X40V5_1","1X40V5","__union_27",0,NA,NA,NA,"duplicate-individual-union"
"Real 375","c","c-curved-chord","__dup_1X40V5_1","1X40V5","__union_29",0,NA,NA,NA,"duplicate-individual-union"
"Real 375","c","c-curved-chord","__dup_1X40V5_1","1X40V5","__union_30",0,NA,NA,NA,"duplicate-individual-union"
"Real 375","c","c-curved-chord","__dup_1X40V5_1","1X40V5","__union_32",0,NA,NA,NA,"duplicate-individual-union"
"Real 375","c","c-curved-chord","__dup_1X40V5_1","1X40V5","__union_37",0,NA,NA,NA,"duplicate-individual-union"
"Real 375","c","c-curved-chord","__dup_1X40V5_1","1X40V5","__union_57",0,NA,NA,NA,"duplicate-individual-union"
"Real 375","c","c-curved-chord","MY1AEU","__dup_MY1AEU_1","RXPJPP",0,NA,NA,NA,"individual-duplicate-individual"
"Real 375","c","c-curved-chord","MY1AEU","__dup_MY1AEU_1","HDJ52R",0,NA,NA,NA,"individual-duplicate-individual"
"Real 375","c","c-curved-chord","MY1AEU","__dup_MY1AEU_1","P87V3K",0,NA,NA,NA,"individual-duplicate-individual"
"Real 375","c","c-curved-chord","MY1AEU","__dup_MY1AEU_1","C3IFT0",0,NA,NA,NA,"individual-duplicate-individual"
"Real 375","c","c-curved-chord","MY1AEU","__dup_MY1AEU_1","RKBTHH",0,NA,NA,NA,"individual-duplicate-individual"
"Real 375","c","c-curved-chord","MY1AEU","__dup_MY1AEU_1","Y7IUMX",0,NA,NA,NA,"individual-duplicate-individual"
"Real 375","c","c-curved-chord","MY1AEU","__dup_MY1AEU_1","E2D59U",0,NA,NA,NA,"individual-duplicate-individual"
"Real 375","c","c-curved-chord","MY1AEU","__dup_MY1AEU_1","DPUHBA",0,NA,NA,NA,"individual-duplicate-individual"
"Real 375","c","c-curved-chord","MY1AEU","__dup_MY1AEU_1","KXU1ZH",0,NA,NA,NA,"individual-duplicate-individual"
"Real 375","c","c-curved-chord","MY1AEU","__dup_MY1AEU_1","5A6DFT",0,NA,NA,NA,"individual-duplicate-individual"
"Real 375","c","c-curved-chord","MY1AEU","__dup_MY1AEU_1","I8ABQE",0,NA,NA,NA,"individual-duplicate-individual"
"Real 375","c","c-curved-chord","MY1AEU","__dup_MY1AEU_1","TTE0Z7",0,NA,NA,NA,"individual-duplicate-individual"
"Real 375","c","c-curved-chord","MY1AEU","__dup_MY1AEU_1","BD7MNF",0,NA,NA,NA,"individual-duplicate-individual"
"Real 375","c","c-curved-chord","MY1AEU","__dup_MY1AEU_1","FG9RYY",0,NA,NA,NA,"individual-duplicate-individual"
"Real 375","c","c-curved-chord","MY1AEU","__dup_MY1AEU_1","C2YD43",0,NA,NA,NA,"individual-duplicate-individual"
"Real 375","c","c-curved-chord","MY1AEU","__dup_MY1AEU_1","IX0KKP",0,NA,NA,NA,"individual-duplicate-individual"
"Real 375","c","c-curved-chord","MY1AEU","__dup_MY1AEU_1","ZK6NM2",0,NA,NA,NA,"individual-duplicate-individual"
"Real 375","c","c-curved-chord","MY1AEU","__dup_MY1AEU_1","97Y192",0,NA,NA,NA,"individual-duplicate-individual"
"Real 375","c","c-curved-chord","MY1AEU","__dup_MY1AEU_1","QWUKUY",0,NA,NA,NA,"individual-duplicate-individual"
"Real 375","c","c-curved-chord","MY1AEU","__dup_MY1AEU_1","ESZ6I3",0,NA,NA,NA,"individual-duplicate-individual"
"Real 375","c","c-curved-chord","MY1AEU","__dup_MY1AEU_1","RJHF0G",0,NA,NA,NA,"individual-duplicate-individual"
"Real 375","c","c-curved-chord","MY1AEU","__dup_MY1AEU_1","7NBKWE",0,NA,NA,NA,"individual-duplicate-individual"
"Real 375","c","c-curved-chord","MY1AEU","__dup_MY1AEU_1","HCY8QM",0,NA,NA,NA,"individual-duplicate-individual"
"Real 375","c","c-curved-chord","MY1AEU","__dup_MY1AEU_1","UCXEK5",0,NA,NA,NA,"individual-duplicate-individual"
"Real 375","c","c-curved-chord","MY1AEU","__dup_MY1AEU_1","UZCIN5",0,NA,NA,NA,"individual-duplicate-individual"
"Real 375","c","c-curved-chord","MY1AEU","__dup_MY1AEU_1","__dup_WDBGPF_1",0,NA,NA,NA,"individual-duplicate-duplicate"
"Real 375","c","c-curved-chord","MY1AEU","__dup_MY1AEU_1","__dup_QWUKUY_1",0,NA,NA,NA,"individual-duplicate-duplicate"
"Real 375","c","c-curved-chord","MY1AEU","__dup_MY1AEU_1","__dup_PQX22G_1",0,NA,NA,NA,"individual-duplicate-duplicate"
"Real 375","c","c-curved-chord","MY1AEU","__dup_MY1AEU_1","__dup_WDBGPF_2",0,NA,NA,NA,"individual-duplicate-duplicate"
"Real 375","c","c-curved-chord","MY1AEU","__dup_MY1AEU_1","__dup_5A6DFT_2",0,NA,NA,NA,"individual-duplicate-duplicate"
"Real 375","c","c-curved-chord","MY1AEU","__dup_MY1AEU_1","__dup_L31S6S_3",0,NA,NA,NA,"individual-duplicate-duplicate"
"Real 375","c","c-curved-chord","MY1AEU","__dup_MY1AEU_1","__union_12",0,NA,NA,NA,"individual-duplicate-union"
"Real 375","c","c-curved-chord","MY1AEU","__dup_MY1AEU_1","__union_13",0,NA,NA,NA,"individual-duplicate-union"
"Real 375","c","c-curved-chord","MY1AEU","__dup_MY1AEU_1","__union_14",0,NA,NA,NA,"individual-duplicate-union"
"Real 375","c","c-curved-chord","MY1AEU","__dup_MY1AEU_1","__union_16",0,NA,NA,NA,"individual-duplicate-union"
"Real 375","c","c-curved-chord","MY1AEU","__dup_MY1AEU_1","__union_18",0,NA,NA,NA,"individual-duplicate-union"
"Real 375","c","c-curved-chord","MY1AEU","__dup_MY1AEU_1","__union_20",0,NA,NA,NA,"individual-duplicate-union"
"Real 375","c","c-curved-chord","MY1AEU","__dup_MY1AEU_1","__union_33",0,NA,NA,NA,"individual-duplicate-union"
"Real 375","c","c-curved-chord","MY1AEU","__dup_MY1AEU_1","__union_34",0,NA,NA,NA,"individual-duplicate-union"
"Real 375","c","c-curved-chord","MY1AEU","__dup_MY1AEU_1","__union_36",0,NA,NA,NA,"individual-duplicate-union"
"Real 375","c","c-curved-chord","MY1AEU","__dup_MY1AEU_1","__union_38",0,NA,NA,NA,"individual-duplicate-union"
"Real 375","c","c-curved-chord","MY1AEU","__dup_MY1AEU_1","__union_44",0,NA,NA,NA,"individual-duplicate-union"
"Real 375","c","c-curved-chord","MY1AEU","__dup_MY1AEU_1","__union_46",0,NA,NA,NA,"individual-duplicate-union"
"Real 375","c","c-curved-chord","MY1AEU","__dup_MY1AEU_1","__union_47",0,NA,NA,NA,"individual-duplicate-union"
"Real 375","c","c-curved-chord","MY1AEU","__dup_MY1AEU_1","__union_50",0,NA,NA,NA,"individual-duplicate-union"
"Real 375","c","c-curved-chord","MY1AEU","__dup_MY1AEU_1","__union_51",0,NA,NA,NA,"individual-duplicate-union"
"Real 375","c","c-curved-chord","MY1AEU","__dup_MY1AEU_1","__union_58",0,NA,NA,NA,"individual-duplicate-union"
"Real 375","c","c-curved-chord","L31S6S","__dup_L31S6S_3","ZLS786",0,NA,NA,NA,"individual-duplicate-individual"
"Real 375","c","c-curved-chord","L31S6S","__dup_L31S6S_3","RXPJPP",0,NA,NA,NA,"individual-duplicate-individual"
"Real 375","c","c-curved-chord","L31S6S","__dup_L31S6S_3","HDJ52R",0,NA,NA,NA,"individual-duplicate-individual"
"Real 375","c","c-curved-chord","L31S6S","__dup_L31S6S_3","C3IFT0",0,NA,NA,NA,"individual-duplicate-individual"
"Real 375","c","c-curved-chord","L31S6S","__dup_L31S6S_3","Y7IUMX",0,NA,NA,NA,"individual-duplicate-individual"
"Real 375","c","c-curved-chord","L31S6S","__dup_L31S6S_3","KWKJXQ",0,NA,NA,NA,"individual-duplicate-individual"
"Real 375","c","c-curved-chord","L31S6S","__dup_L31S6S_3","5A6DFT",0,NA,NA,NA,"individual-duplicate-individual"
"Real 375","c","c-curved-chord","L31S6S","__dup_L31S6S_3","I8ABQE",0,NA,NA,NA,"individual-duplicate-individual"
"Real 375","c","c-curved-chord","L31S6S","__dup_L31S6S_3","BD7MNF",0,NA,NA,NA,"individual-duplicate-individual"
"Real 375","c","c-curved-chord","L31S6S","__dup_L31S6S_3","D8FYZV",0,NA,NA,NA,"individual-duplicate-individual"
"Real 375","c","c-curved-chord","L31S6S","__dup_L31S6S_3","C2YD43",0,NA,NA,NA,"individual-duplicate-individual"
"Real 375","c","c-curved-chord","L31S6S","__dup_L31S6S_3","AE08C8",0,NA,NA,NA,"individual-duplicate-individual"
"Real 375","c","c-curved-chord","L31S6S","__dup_L31S6S_3","IX0KKP",0,NA,NA,NA,"individual-duplicate-individual"
"Real 375","c","c-curved-chord","L31S6S","__dup_L31S6S_3","MY1AEU",0,NA,NA,NA,"individual-duplicate-individual"
"Real 375","c","c-curved-chord","L31S6S","__dup_L31S6S_3","ZK6NM2",0,NA,NA,NA,"individual-duplicate-individual"
"Real 375","c","c-curved-chord","L31S6S","__dup_L31S6S_3","QWUKUY",0,NA,NA,NA,"individual-duplicate-individual"
"Real 375","c","c-curved-chord","L31S6S","__dup_L31S6S_3","RJHF0G",0,NA,NA,NA,"individual-duplicate-individual"
"Real 375","c","c-curved-chord","L31S6S","__dup_L31S6S_3","7NBKWE",0,NA,NA,NA,"individual-duplicate-individual"
"Real 375","c","c-curved-chord","L31S6S","__dup_L31S6S_3","HCY8QM",0,NA,NA,NA,"individual-duplicate-individual"
"Real 375","c","c-curved-chord","L31S6S","__dup_L31S6S_3","UCXEK5",0,NA,NA,NA,"individual-duplicate-individual"
"Real 375","c","c-curved-chord","L31S6S","__dup_L31S6S_3","UUNQ4J",0,NA,NA,NA,"individual-duplicate-individual"
"Real 375","c","c-curved-chord","L31S6S","__dup_L31S6S_3","UZCIN5",0,NA,NA,NA,"individual-duplicate-individual"
"Real 375","c","c-curved-chord","L31S6S","__dup_L31S6S_3","__dup_WDBGPF_1",0,NA,NA,NA,"individual-duplicate-duplicate"
"Real 375","c","c-curved-chord","L31S6S","__dup_L31S6S_3","__dup_5A6DFT_2",0,NA,NA,NA,"individual-duplicate-duplicate"
"Real 375","c","c-curved-chord","L31S6S","__dup_L31S6S_3","__dup_MY1AEU_2",0,NA,NA,NA,"individual-duplicate-duplicate"
"Real 375","c","c-curved-chord","L31S6S","__dup_L31S6S_3","__union_12",0,NA,NA,NA,"individual-duplicate-union"
"Real 375","c","c-curved-chord","L31S6S","__dup_L31S6S_3","__union_13",0,NA,NA,NA,"individual-duplicate-union"
"Real 375","c","c-curved-chord","L31S6S","__dup_L31S6S_3","__union_14",0,NA,NA,NA,"individual-duplicate-union"
"Real 375","c","c-curved-chord","L31S6S","__dup_L31S6S_3","__union_16",0,NA,NA,NA,"individual-duplicate-union"
"Real 375","c","c-curved-chord","L31S6S","__dup_L31S6S_3","__union_18",0,NA,NA,NA,"individual-duplicate-union"
"Real 375","c","c-curved-chord","L31S6S","__dup_L31S6S_3","__union_21",0,NA,NA,NA,"individual-duplicate-union"
"Real 375","c","c-curved-chord","L31S6S","__dup_L31S6S_3","__union_38",0,NA,NA,NA,"individual-duplicate-union"
"Real 375","c","c-curved-chord","L31S6S","__dup_L31S6S_3","__union_39",0,NA,NA,NA,"individual-duplicate-union"
"Real 375","c","c-curved-chord","L31S6S","__dup_L31S6S_3","__union_44",0,NA,NA,NA,"individual-duplicate-union"
"Real 375","c","c-curved-chord","L31S6S","__dup_L31S6S_3","__union_50",0,NA,NA,NA,"individual-duplicate-union"
"Real 375","c","c-curved-chord","L31S6S","__dup_L31S6S_3","__union_53",0,NA,NA,NA,"individual-duplicate-union"
"Real 375","c","c-curved-chord","L31S6S","__dup_L31S6S_3","__union_58",0,NA,NA,NA,"individual-duplicate-union"
"Real 375","c","c-curved-chord","6S4HCB","__dup_6S4HCB_1","__dup_I8ABQE_1",0,NA,NA,NA,"individual-duplicate-duplicate"
"Real 375","c","c-curved-chord","__dup_I8ABQE_1","I8ABQE","ZLS786",0,NA,NA,NA,"duplicate-individual-individual"
"Real 375","c","c-curved-chord","__dup_I8ABQE_1","I8ABQE","HDJ52R",0,NA,NA,NA,"duplicate-individual-individual"
"Real 375","c","c-curved-chord","__dup_I8ABQE_1","I8ABQE","EZ97J5",0,NA,NA,NA,"duplicate-individual-individual"
"Real 375","c","c-curved-chord","__dup_I8ABQE_1","I8ABQE","KWKJXQ",0,NA,NA,NA,"duplicate-individual-individual"
"Real 375","c","c-curved-chord","__dup_I8ABQE_1","I8ABQE","1ZERVB",0,NA,NA,NA,"duplicate-individual-individual"
"Real 375","c","c-curved-chord","__dup_I8ABQE_1","I8ABQE","MTSHHY",0,NA,NA,NA,"duplicate-individual-individual"
"Real 375","c","c-curved-chord","__dup_I8ABQE_1","I8ABQE","BM40IX",0,NA,NA,NA,"duplicate-individual-individual"
"Real 375","c","c-curved-chord","__dup_I8ABQE_1","I8ABQE","5GQC24",0,NA,NA,NA,"duplicate-individual-individual"
"Real 375","c","c-curved-chord","__dup_I8ABQE_1","I8ABQE","D8FYZV",0,NA,NA,NA,"duplicate-individual-individual"
"Real 375","c","c-curved-chord","__dup_I8ABQE_1","I8ABQE","BJ4J7G",0,NA,NA,NA,"duplicate-individual-individual"
"Real 375","c","c-curved-chord","__dup_I8ABQE_1","I8ABQE","AE08C8",0,NA,NA,NA,"duplicate-individual-individual"
"Real 375","c","c-curved-chord","__dup_I8ABQE_1","I8ABQE","MY1AEU",0,NA,NA,NA,"duplicate-individual-individual"
"Real 375","c","c-curved-chord","__dup_I8ABQE_1","I8ABQE","B948B1",0,NA,NA,NA,"duplicate-individual-individual"
"Real 375","c","c-curved-chord","__dup_I8ABQE_1","I8ABQE","L31S6S",0,NA,NA,NA,"duplicate-individual-individual"
"Real 375","c","c-curved-chord","__dup_I8ABQE_1","I8ABQE","7U5H8G",0,NA,NA,NA,"duplicate-individual-individual"
"Real 375","c","c-curved-chord","__dup_I8ABQE_1","I8ABQE","R3BBV1",0,NA,NA,NA,"duplicate-individual-individual"
"Real 375","c","c-curved-chord","__dup_I8ABQE_1","I8ABQE","UUNQ4J",0,NA,NA,NA,"duplicate-individual-individual"
"Real 375","c","c-curved-chord","__dup_I8ABQE_1","I8ABQE","UTU9S7",0,NA,NA,NA,"duplicate-individual-individual"
"Real 375","c","c-curved-chord","__dup_I8ABQE_1","I8ABQE","__dup_7NBKWE_2",0,NA,NA,NA,"duplicate-individual-duplicate"
"Real 375","c","c-curved-chord","__dup_I8ABQE_1","I8ABQE","__dup_PQX22G_2",0,NA,NA,NA,"duplicate-individual-duplicate"
"Real 375","c","c-curved-chord","__dup_I8ABQE_1","I8ABQE","__dup_5A6DFT_2",0,NA,NA,NA,"duplicate-individual-duplicate"
"Real 375","c","c-curved-chord","__dup_I8ABQE_1","I8ABQE","__dup_6S4HCB_1",0,NA,NA,NA,"duplicate-individual-duplicate"
"Real 375","c","c-curved-chord","__dup_I8ABQE_1","I8ABQE","__dup_RD3WB2_1",0,NA,NA,NA,"duplicate-individual-duplicate"
"Real 375","c","c-curved-chord","__dup_I8ABQE_1","I8ABQE","__union_10",0,NA,NA,NA,"duplicate-individual-union"
"Real 375","c","c-curved-chord","__dup_I8ABQE_1","I8ABQE","__union_21",0,NA,NA,NA,"duplicate-individual-union"
"Real 375","c","c-curved-chord","__dup_I8ABQE_1","I8ABQE","__union_25",0,NA,NA,NA,"duplicate-individual-union"
"Real 375","c","c-curved-chord","__dup_I8ABQE_1","I8ABQE","__union_28",0,NA,NA,NA,"duplicate-individual-union"
"Real 375","c","c-curved-chord","__dup_I8ABQE_1","I8ABQE","__union_31",0,NA,NA,NA,"duplicate-individual-union"
"Real 375","c","c-curved-chord","__dup_I8ABQE_1","I8ABQE","__union_35",0,NA,NA,NA,"duplicate-individual-union"
"Real 375","c","c-curved-chord","__dup_I8ABQE_1","I8ABQE","__union_39",0,NA,NA,NA,"duplicate-individual-union"
"Real 375","c","c-curved-chord","__dup_I8ABQE_1","I8ABQE","__union_43",0,NA,NA,NA,"duplicate-individual-union"
"Real 375","c","c-curved-chord","__dup_I8ABQE_1","I8ABQE","__union_48",0,NA,NA,NA,"duplicate-individual-union"
"Real 375","c","c-curved-chord","__dup_I8ABQE_1","I8ABQE","__union_53",0,NA,NA,NA,"duplicate-individual-union"
"Real 375","c","c-curved-chord","__dup_I8ABQE_1","I8ABQE","__union_55",0,NA,NA,NA,"duplicate-individual-union"
"Real 375","c","c-curved-chord","MY1AEU","__dup_MY1AEU_2","HDJ52R",0,NA,NA,NA,"individual-duplicate-individual"
"Real 375","c","c-curved-chord","MY1AEU","__dup_MY1AEU_2","I8ABQE",0,NA,NA,NA,"individual-duplicate-individual"
"Real 375","c","c-curved-chord","MY1AEU","__dup_MY1AEU_2","__dup_5A6DFT_2",0,NA,NA,NA,"individual-duplicate-duplicate"
"Real 375","c","c-curved-chord","MY1AEU","__dup_MY1AEU_2","__union_38",0,NA,NA,NA,"individual-duplicate-union"
"Real 375","c","c-curved-chord","MY1AEU","__dup_MY1AEU_3","RXPJPP",0,NA,NA,NA,"individual-duplicate-individual"
"Real 375","c","c-curved-chord","MY1AEU","__dup_MY1AEU_3","HDJ52R",0,NA,NA,NA,"individual-duplicate-individual"
"Real 375","c","c-curved-chord","MY1AEU","__dup_MY1AEU_3","P87V3K",0,NA,NA,NA,"individual-duplicate-individual"
"Real 375","c","c-curved-chord","MY1AEU","__dup_MY1AEU_3","C3IFT0",0,NA,NA,NA,"individual-duplicate-individual"
"Real 375","c","c-curved-chord","MY1AEU","__dup_MY1AEU_3","RKBTHH",0,NA,NA,NA,"individual-duplicate-individual"
"Real 375","c","c-curved-chord","MY1AEU","__dup_MY1AEU_3","Y7IUMX",0,NA,NA,NA,"individual-duplicate-individual"
"Real 375","c","c-curved-chord","MY1AEU","__dup_MY1AEU_3","E2D59U",0,NA,NA,NA,"individual-duplicate-individual"
"Real 375","c","c-curved-chord","MY1AEU","__dup_MY1AEU_3","KXU1ZH",0,NA,NA,NA,"individual-duplicate-individual"
"Real 375","c","c-curved-chord","MY1AEU","__dup_MY1AEU_3","5A6DFT",0,NA,NA,NA,"individual-duplicate-individual"
"Real 375","c","c-curved-chord","MY1AEU","__dup_MY1AEU_3","I8ABQE",0,NA,NA,NA,"individual-duplicate-individual"
"Real 375","c","c-curved-chord","MY1AEU","__dup_MY1AEU_3","TTE0Z7",0,NA,NA,NA,"individual-duplicate-individual"
"Real 375","c","c-curved-chord","MY1AEU","__dup_MY1AEU_3","BD7MNF",0,NA,NA,NA,"individual-duplicate-individual"
"Real 375","c","c-curved-chord","MY1AEU","__dup_MY1AEU_3","FG9RYY",0,NA,NA,NA,"individual-duplicate-individual"
"Real 375","c","c-curved-chord","MY1AEU","__dup_MY1AEU_3","C2YD43",0,NA,NA,NA,"individual-duplicate-individual"
"Real 375","c","c-curved-chord","MY1AEU","__dup_MY1AEU_3","IX0KKP",0,NA,NA,NA,"individual-duplicate-individual"
"Real 375","c","c-curved-chord","MY1AEU","__dup_MY1AEU_3","ZK6NM2",0,NA,NA,NA,"individual-duplicate-individual"
"Real 375","c","c-curved-chord","MY1AEU","__dup_MY1AEU_3","97Y192",0,NA,NA,NA,"individual-duplicate-individual"
"Real 375","c","c-curved-chord","MY1AEU","__dup_MY1AEU_3","QWUKUY",0,NA,NA,NA,"individual-duplicate-individual"
"Real 375","c","c-curved-chord","MY1AEU","__dup_MY1AEU_3","RJHF0G",0,NA,NA,NA,"individual-duplicate-individual"
"Real 375","c","c-curved-chord","MY1AEU","__dup_MY1AEU_3","7NBKWE",0,NA,NA,NA,"individual-duplicate-individual"
"Real 375","c","c-curved-chord","MY1AEU","__dup_MY1AEU_3","HCY8QM",0,NA,NA,NA,"individual-duplicate-individual"
"Real 375","c","c-curved-chord","MY1AEU","__dup_MY1AEU_3","UCXEK5",0,NA,NA,NA,"individual-duplicate-individual"
"Real 375","c","c-curved-chord","MY1AEU","__dup_MY1AEU_3","UZCIN5",0,NA,NA,NA,"individual-duplicate-individual"
"Real 375","c","c-curved-chord","MY1AEU","__dup_MY1AEU_3","__dup_WDBGPF_1",0,NA,NA,NA,"individual-duplicate-duplicate"
"Real 375","c","c-curved-chord","MY1AEU","__dup_MY1AEU_3","__dup_QWUKUY_1",0,NA,NA,NA,"individual-duplicate-duplicate"
"Real 375","c","c-curved-chord","MY1AEU","__dup_MY1AEU_3","__dup_WDBGPF_2",0,NA,NA,NA,"individual-duplicate-duplicate"
"Real 375","c","c-curved-chord","MY1AEU","__dup_MY1AEU_3","__dup_5A6DFT_2",0,NA,NA,NA,"individual-duplicate-duplicate"
"Real 375","c","c-curved-chord","MY1AEU","__dup_MY1AEU_3","__dup_L31S6S_3",0,NA,NA,NA,"individual-duplicate-duplicate"
"Real 375","c","c-curved-chord","MY1AEU","__dup_MY1AEU_3","__union_12",0,NA,NA,NA,"individual-duplicate-union"
"Real 375","c","c-curved-chord","MY1AEU","__dup_MY1AEU_3","__union_13",0,NA,NA,NA,"individual-duplicate-union"
"Real 375","c","c-curved-chord","MY1AEU","__dup_MY1AEU_3","__union_14",0,NA,NA,NA,"individual-duplicate-union"
"Real 375","c","c-curved-chord","MY1AEU","__dup_MY1AEU_3","__union_16",0,NA,NA,NA,"individual-duplicate-union"
"Real 375","c","c-curved-chord","MY1AEU","__dup_MY1AEU_3","__union_18",0,NA,NA,NA,"individual-duplicate-union"
"Real 375","c","c-curved-chord","MY1AEU","__dup_MY1AEU_3","__union_20",0,NA,NA,NA,"individual-duplicate-union"
"Real 375","c","c-curved-chord","MY1AEU","__dup_MY1AEU_3","__union_33",0,NA,NA,NA,"individual-duplicate-union"
"Real 375","c","c-curved-chord","MY1AEU","__dup_MY1AEU_3","__union_36",0,NA,NA,NA,"individual-duplicate-union"
"Real 375","c","c-curved-chord","MY1AEU","__dup_MY1AEU_3","__union_38",0,NA,NA,NA,"individual-duplicate-union"
"Real 375","c","c-curved-chord","MY1AEU","__dup_MY1AEU_3","__union_44",0,NA,NA,NA,"individual-duplicate-union"
"Real 375","c","c-curved-chord","MY1AEU","__dup_MY1AEU_3","__union_46",0,NA,NA,NA,"individual-duplicate-union"
"Real 375","c","c-curved-chord","MY1AEU","__dup_MY1AEU_3","__union_47",0,NA,NA,NA,"individual-duplicate-union"
"Real 375","c","c-curved-chord","MY1AEU","__dup_MY1AEU_3","__union_50",0,NA,NA,NA,"individual-duplicate-union"
"Real 375","c","c-curved-chord","MY1AEU","__dup_MY1AEU_3","__union_58",0,NA,NA,NA,"individual-duplicate-union"
"Real 375","c","c-curved-chord","28XSME","__dup_28XSME_1","ZLS786",0,NA,NA,NA,"individual-duplicate-individual"
"Real 375","c","c-curved-chord","28XSME","__dup_28XSME_1","RXPJPP",0,NA,NA,NA,"individual-duplicate-individual"
"Real 375","c","c-curved-chord","28XSME","__dup_28XSME_1","HDJ52R",0,NA,NA,NA,"individual-duplicate-individual"
"Real 375","c","c-curved-chord","28XSME","__dup_28XSME_1","P87V3K",0,NA,NA,NA,"individual-duplicate-individual"
"Real 375","c","c-curved-chord","28XSME","__dup_28XSME_1","C3IFT0",0,NA,NA,NA,"individual-duplicate-individual"
"Real 375","c","c-curved-chord","28XSME","__dup_28XSME_1","RKBTHH",0,NA,NA,NA,"individual-duplicate-individual"
"Real 375","c","c-curved-chord","28XSME","__dup_28XSME_1","EZ97J5",0,NA,NA,NA,"individual-duplicate-individual"
"Real 375","c","c-curved-chord","28XSME","__dup_28XSME_1","Y7IUMX",0,NA,NA,NA,"individual-duplicate-individual"
"Real 375","c","c-curved-chord","28XSME","__dup_28XSME_1","Q8MRCZ",0,NA,NA,NA,"individual-duplicate-individual"
"Real 375","c","c-curved-chord","28XSME","__dup_28XSME_1","8DKELJ",0,NA,NA,NA,"individual-duplicate-individual"
"Real 375","c","c-curved-chord","28XSME","__dup_28XSME_1","LVS6QV",0,NA,NA,NA,"individual-duplicate-individual"
"Real 375","c","c-curved-chord","28XSME","__dup_28XSME_1","G8EBU9",0,NA,NA,NA,"individual-duplicate-individual"
"Real 375","c","c-curved-chord","28XSME","__dup_28XSME_1","E2D59U",0,NA,NA,NA,"individual-duplicate-individual"
"Real 375","c","c-curved-chord","28XSME","__dup_28XSME_1","KWKJXQ",0,NA,NA,NA,"individual-duplicate-individual"
"Real 375","c","c-curved-chord","28XSME","__dup_28XSME_1","1ZERVB",0,NA,NA,NA,"individual-duplicate-individual"
"Real 375","c","c-curved-chord","28XSME","__dup_28XSME_1","MTSHHY",0,NA,NA,NA,"individual-duplicate-individual"
"Real 375","c","c-curved-chord","28XSME","__dup_28XSME_1","4EEKV7",0,NA,NA,NA,"individual-duplicate-individual"
"Real 375","c","c-curved-chord","28XSME","__dup_28XSME_1","BM40IX",0,NA,NA,NA,"individual-duplicate-individual"
"Real 375","c","c-curved-chord","28XSME","__dup_28XSME_1","A3A34I",0,NA,NA,NA,"individual-duplicate-individual"
"Real 375","c","c-curved-chord","28XSME","__dup_28XSME_1","DPUHBA",0,NA,NA,NA,"individual-duplicate-individual"
"Real 375","c","c-curved-chord","28XSME","__dup_28XSME_1","L2I39Y",0,NA,NA,NA,"individual-duplicate-individual"
"Real 375","c","c-curved-chord","28XSME","__dup_28XSME_1","NPYENA",0,NA,NA,NA,"individual-duplicate-individual"
"Real 375","c","c-curved-chord","28XSME","__dup_28XSME_1","KXU1ZH",0,NA,NA,NA,"individual-duplicate-individual"
"Real 375","c","c-curved-chord","28XSME","__dup_28XSME_1","5A6DFT",0,NA,NA,NA,"individual-duplicate-individual"
"Real 375","c","c-curved-chord","28XSME","__dup_28XSME_1","I8ABQE",0,NA,NA,NA,"individual-duplicate-individual"
"Real 375","c","c-curved-chord","28XSME","__dup_28XSME_1","6S4HCB",0,NA,NA,NA,"individual-duplicate-individual"
"Real 375","c","c-curved-chord","28XSME","__dup_28XSME_1","5GQC24",0,NA,NA,NA,"individual-duplicate-individual"
"Real 375","c","c-curved-chord","28XSME","__dup_28XSME_1","YAV1NW",0,NA,NA,NA,"individual-duplicate-individual"
"Real 375","c","c-curved-chord","28XSME","__dup_28XSME_1","TTE0Z7",0,NA,NA,NA,"individual-duplicate-individual"
"Real 375","c","c-curved-chord","28XSME","__dup_28XSME_1","BD7MNF",0,NA,NA,NA,"individual-duplicate-individual"
"Real 375","c","c-curved-chord","28XSME","__dup_28XSME_1","FG9RYY",0,NA,NA,NA,"individual-duplicate-individual"
"Real 375","c","c-curved-chord","28XSME","__dup_28XSME_1","D8FYZV",0,NA,NA,NA,"individual-duplicate-individual"
"Real 375","c","c-curved-chord","28XSME","__dup_28XSME_1","BJ4J7G",0,NA,NA,NA,"individual-duplicate-individual"
"Real 375","c","c-curved-chord","28XSME","__dup_28XSME_1","C2YD43",0,NA,NA,NA,"individual-duplicate-individual"
"Real 375","c","c-curved-chord","28XSME","__dup_28XSME_1","AE08C8",0,NA,NA,NA,"individual-duplicate-individual"
"Real 375","c","c-curved-chord","28XSME","__dup_28XSME_1","IX0KKP",0,NA,NA,NA,"individual-duplicate-individual"
"Real 375","c","c-curved-chord","28XSME","__dup_28XSME_1","MY1AEU",0,NA,NA,NA,"individual-duplicate-individual"
"Real 375","c","c-curved-chord","28XSME","__dup_28XSME_1","ZK6NM2",0,NA,NA,NA,"individual-duplicate-individual"
"Real 375","c","c-curved-chord","28XSME","__dup_28XSME_1","97Y192",0,NA,NA,NA,"individual-duplicate-individual"
"Real 375","c","c-curved-chord","28XSME","__dup_28XSME_1","TUILLQ",0,NA,NA,NA,"individual-duplicate-individual"
"Real 375","c","c-curved-chord","28XSME","__dup_28XSME_1","CBLNYE",0,NA,NA,NA,"individual-duplicate-individual"
"Real 375","c","c-curved-chord","28XSME","__dup_28XSME_1","B948B1",0,NA,NA,NA,"individual-duplicate-individual"
"Real 375","c","c-curved-chord","28XSME","__dup_28XSME_1","QWUKUY",0,NA,NA,NA,"individual-duplicate-individual"
"Real 375","c","c-curved-chord","28XSME","__dup_28XSME_1","1X40V5",0,NA,NA,NA,"individual-duplicate-individual"
"Real 375","c","c-curved-chord","28XSME","__dup_28XSME_1","C6E1D9",0,NA,NA,NA,"individual-duplicate-individual"
"Real 375","c","c-curved-chord","28XSME","__dup_28XSME_1","ESZ6I3",0,NA,NA,NA,"individual-duplicate-individual"
"Real 375","c","c-curved-chord","28XSME","__dup_28XSME_1","RJHF0G",0,NA,NA,NA,"individual-duplicate-individual"
"Real 375","c","c-curved-chord","28XSME","__dup_28XSME_1","7NBKWE",0,NA,NA,NA,"individual-duplicate-individual"
"Real 375","c","c-curved-chord","28XSME","__dup_28XSME_1","RD3WB2",0,NA,NA,NA,"individual-duplicate-individual"
"Real 375","c","c-curved-chord","28XSME","__dup_28XSME_1","L31S6S",0,NA,NA,NA,"individual-duplicate-individual"
"Real 375","c","c-curved-chord","28XSME","__dup_28XSME_1","7U5H8G",0,NA,NA,NA,"individual-duplicate-individual"
"Real 375","c","c-curved-chord","28XSME","__dup_28XSME_1","HCY8QM",0,NA,NA,NA,"individual-duplicate-individual"
"Real 375","c","c-curved-chord","28XSME","__dup_28XSME_1","LWV138",0,NA,NA,NA,"individual-duplicate-individual"
"Real 375","c","c-curved-chord","28XSME","__dup_28XSME_1","R3BBV1",0,NA,NA,NA,"individual-duplicate-individual"
"Real 375","c","c-curved-chord","28XSME","__dup_28XSME_1","UCXEK5",0,NA,NA,NA,"individual-duplicate-individual"
"Real 375","c","c-curved-chord","28XSME","__dup_28XSME_1","UUNQ4J",0,NA,NA,NA,"individual-duplicate-individual"
"Real 375","c","c-curved-chord","28XSME","__dup_28XSME_1","ULQFEZ",0,NA,NA,NA,"individual-duplicate-individual"
"Real 375","c","c-curved-chord","28XSME","__dup_28XSME_1","UTU9S7",0,NA,NA,NA,"individual-duplicate-individual"
"Real 375","c","c-curved-chord","28XSME","__dup_28XSME_1","UZCIN5",0,NA,NA,NA,"individual-duplicate-individual"
"Real 375","c","c-curved-chord","28XSME","__dup_28XSME_1","__dup_WDBGPF_1",0,NA,NA,NA,"individual-duplicate-duplicate"
"Real 375","c","c-curved-chord","28XSME","__dup_28XSME_1","__dup_QWUKUY_1",0,NA,NA,NA,"individual-duplicate-duplicate"
"Real 375","c","c-curved-chord","28XSME","__dup_28XSME_1","__dup_7NBKWE_2",0,NA,NA,NA,"individual-duplicate-duplicate"
"Real 375","c","c-curved-chord","28XSME","__dup_28XSME_1","__dup_L31S6S_2",0,NA,NA,NA,"individual-duplicate-duplicate"
"Real 375","c","c-curved-chord","28XSME","__dup_28XSME_1","__dup_5A6DFT_1",0,NA,NA,NA,"individual-duplicate-duplicate"
"Real 375","c","c-curved-chord","28XSME","__dup_28XSME_1","__dup_PQX22G_1",0,NA,NA,NA,"individual-duplicate-duplicate"
"Real 375","c","c-curved-chord","28XSME","__dup_28XSME_1","__dup_PQX22G_2",0,NA,NA,NA,"individual-duplicate-duplicate"
"Real 375","c","c-curved-chord","28XSME","__dup_28XSME_1","__dup_WDBGPF_2",0,NA,NA,NA,"individual-duplicate-duplicate"
"Real 375","c","c-curved-chord","28XSME","__dup_28XSME_1","__dup_5A6DFT_2",0,NA,NA,NA,"individual-duplicate-duplicate"
"Real 375","c","c-curved-chord","28XSME","__dup_28XSME_1","__dup_QWUKUY_2",0,NA,NA,NA,"individual-duplicate-duplicate"
"Real 375","c","c-curved-chord","28XSME","__dup_28XSME_1","__dup_MY1AEU_1",0,NA,NA,NA,"individual-duplicate-duplicate"
"Real 375","c","c-curved-chord","28XSME","__dup_28XSME_1","__dup_L31S6S_3",0,NA,NA,NA,"individual-duplicate-duplicate"
"Real 375","c","c-curved-chord","28XSME","__dup_28XSME_1","__dup_6S4HCB_1",0,NA,NA,NA,"individual-duplicate-duplicate"
"Real 375","c","c-curved-chord","28XSME","__dup_28XSME_1","__dup_I8ABQE_1",0,NA,NA,NA,"individual-duplicate-duplicate"
"Real 375","c","c-curved-chord","28XSME","__dup_28XSME_1","__dup_MY1AEU_2",0,NA,NA,NA,"individual-duplicate-duplicate"
"Real 375","c","c-curved-chord","28XSME","__dup_28XSME_1","__dup_MY1AEU_3",0,NA,NA,NA,"individual-duplicate-duplicate"
"Real 375","c","c-curved-chord","28XSME","__dup_28XSME_1","__dup_RD3WB2_1",0,NA,NA,NA,"individual-duplicate-duplicate"
"Real 375","c","c-curved-chord","28XSME","__dup_28XSME_1","__union_10",0,NA,NA,NA,"individual-duplicate-union"
"Real 375","c","c-curved-chord","28XSME","__dup_28XSME_1","__union_12",0,NA,NA,NA,"individual-duplicate-union"
"Real 375","c","c-curved-chord","28XSME","__dup_28XSME_1","__union_13",0,NA,NA,NA,"individual-duplicate-union"
"Real 375","c","c-curved-chord","28XSME","__dup_28XSME_1","__union_14",0,NA,NA,NA,"individual-duplicate-union"
"Real 375","c","c-curved-chord","28XSME","__dup_28XSME_1","__union_15",0,NA,NA,NA,"individual-duplicate-union"
"Real 375","c","c-curved-chord","28XSME","__dup_28XSME_1","__union_16",0,NA,NA,NA,"individual-duplicate-union"
"Real 375","c","c-curved-chord","28XSME","__dup_28XSME_1","__union_18",0,NA,NA,NA,"individual-duplicate-union"
"Real 375","c","c-curved-chord","28XSME","__dup_28XSME_1","__union_20",0,NA,NA,NA,"individual-duplicate-union"
"Real 375","c","c-curved-chord","28XSME","__dup_28XSME_1","__union_21",0,NA,NA,NA,"individual-duplicate-union"
"Real 375","c","c-curved-chord","28XSME","__dup_28XSME_1","__union_23",0,NA,NA,NA,"individual-duplicate-union"
"Real 375","c","c-curved-chord","28XSME","__dup_28XSME_1","__union_25",0,NA,NA,NA,"individual-duplicate-union"
"Real 375","c","c-curved-chord","28XSME","__dup_28XSME_1","__union_27",0,NA,NA,NA,"individual-duplicate-union"
"Real 375","c","c-curved-chord","28XSME","__dup_28XSME_1","__union_28",0,NA,NA,NA,"individual-duplicate-union"
"Real 375","c","c-curved-chord","28XSME","__dup_28XSME_1","__union_29",0,NA,NA,NA,"individual-duplicate-union"
"Real 375","c","c-curved-chord","28XSME","__dup_28XSME_1","__union_30",0,NA,NA,NA,"individual-duplicate-union"
"Real 375","c","c-curved-chord","28XSME","__dup_28XSME_1","__union_31",0,NA,NA,NA,"individual-duplicate-union"
"Real 375","c","c-curved-chord","28XSME","__dup_28XSME_1","__union_32",0,NA,NA,NA,"individual-duplicate-union"
"Real 375","c","c-curved-chord","28XSME","__dup_28XSME_1","__union_33",0,NA,NA,NA,"individual-duplicate-union"
"Real 375","c","c-curved-chord","28XSME","__dup_28XSME_1","__union_34",0,NA,NA,NA,"individual-duplicate-union"
"Real 375","c","c-curved-chord","28XSME","__dup_28XSME_1","__union_35",0,NA,NA,NA,"individual-duplicate-union"
"Real 375","c","c-curved-chord","28XSME","__dup_28XSME_1","__union_36",0,NA,NA,NA,"individual-duplicate-union"
"Real 375","c","c-curved-chord","28XSME","__dup_28XSME_1","__union_38",0,NA,NA,NA,"individual-duplicate-union"
"Real 375","c","c-curved-chord","28XSME","__dup_28XSME_1","__union_39",0,NA,NA,NA,"individual-duplicate-union"
"Real 375","c","c-curved-chord","28XSME","__dup_28XSME_1","__union_40",0,NA,NA,NA,"individual-duplicate-union"
"Real 375","c","c-curved-chord","28XSME","__dup_28XSME_1","__union_42",0,NA,NA,NA,"individual-duplicate-union"
"Real 375","c","c-curved-chord","28XSME","__dup_28XSME_1","__union_43",0,NA,NA,NA,"individual-duplicate-union"
"Real 375","c","c-curved-chord","28XSME","__dup_28XSME_1","__union_44",0,NA,NA,NA,"individual-duplicate-union"
"Real 375","c","c-curved-chord","28XSME","__dup_28XSME_1","__union_46",0,NA,NA,NA,"individual-duplicate-union"
"Real 375","c","c-curved-chord","28XSME","__dup_28XSME_1","__union_47",0,NA,NA,NA,"individual-duplicate-union"
"Real 375","c","c-curved-chord","28XSME","__dup_28XSME_1","__union_48",0,NA,NA,NA,"individual-duplicate-union"
"Real 375","c","c-curved-chord","28XSME","__dup_28XSME_1","__union_49",0,NA,NA,NA,"individual-duplicate-union"
"Real 375","c","c-curved-chord","28XSME","__dup_28XSME_1","__union_50",0,NA,NA,NA,"individual-duplicate-union"
"Real 375","c","c-curved-chord","28XSME","__dup_28XSME_1","__union_51",0,NA,NA,NA,"individual-duplicate-union"
"Real 375","c","c-curved-chord","28XSME","__dup_28XSME_1","__union_52",0,NA,NA,NA,"individual-duplicate-union"
"Real 375","c","c-curved-chord","28XSME","__dup_28XSME_1","__union_53",0,NA,NA,NA,"individual-duplicate-union"
"Real 375","c","c-curved-chord","28XSME","__dup_28XSME_1","__union_55",0,NA,NA,NA,"individual-duplicate-union"
"Real 375","c","c-curved-chord","28XSME","__dup_28XSME_1","__union_56",0,NA,NA,NA,"individual-duplicate-union"
"Real 375","c","c-curved-chord","28XSME","__dup_28XSME_1","__union_58",0,NA,NA,NA,"individual-duplicate-union"
"Real 375","c","c-curved-chord","RD3WB2","__dup_RD3WB2_1","EZ97J5",0,NA,NA,NA,"individual-duplicate-individual"
"Real 375","c","c-curved-chord","RD3WB2","__dup_RD3WB2_1","MTSHHY",0,NA,NA,NA,"individual-duplicate-individual"
"Real 375","c","c-curved-chord","RD3WB2","__dup_RD3WB2_1","4EEKV7",0,NA,NA,NA,"individual-duplicate-individual"
"Real 375","c","c-curved-chord","RD3WB2","__dup_RD3WB2_1","BM40IX",0,NA,NA,NA,"individual-duplicate-individual"
"Real 375","c","c-curved-chord","RD3WB2","__dup_RD3WB2_1","6S4HCB",0,NA,NA,NA,"individual-duplicate-individual"
"Real 375","c","c-curved-chord","RD3WB2","__dup_RD3WB2_1","5GQC24",0,NA,NA,NA,"individual-duplicate-individual"
"Real 375","c","c-curved-chord","RD3WB2","__dup_RD3WB2_1","BJ4J7G",0,NA,NA,NA,"individual-duplicate-individual"
"Real 375","c","c-curved-chord","RD3WB2","__dup_RD3WB2_1","7U5H8G",0,NA,NA,NA,"individual-duplicate-individual"
"Real 375","c","c-curved-chord","RD3WB2","__dup_RD3WB2_1","R3BBV1",0,NA,NA,NA,"individual-duplicate-individual"
"Real 375","c","c-curved-chord","RD3WB2","__dup_RD3WB2_1","UTU9S7",0,NA,NA,NA,"individual-duplicate-individual"
"Real 375","c","c-curved-chord","RD3WB2","__dup_RD3WB2_1","__dup_7NBKWE_2",0,NA,NA,NA,"individual-duplicate-duplicate"
"Real 375","c","c-curved-chord","RD3WB2","__dup_RD3WB2_1","__dup_6S4HCB_1",0,NA,NA,NA,"individual-duplicate-duplicate"
"Real 375","c","c-curved-chord","RD3WB2","__dup_RD3WB2_1","__dup_I8ABQE_1",0,NA,NA,NA,"individual-duplicate-duplicate"
"Real 375","c","c-curved-chord","RD3WB2","__dup_RD3WB2_1","__union_25",0,NA,NA,NA,"individual-duplicate-union"
"Real 375","c","c-curved-chord","RD3WB2","__dup_RD3WB2_1","__union_28",0,NA,NA,NA,"individual-duplicate-union"
"Real 375","c","c-curved-chord","RD3WB2","__dup_RD3WB2_1","__union_31",0,NA,NA,NA,"individual-duplicate-union"
"Real 375","c","c-curved-chord","RD3WB2","__dup_RD3WB2_1","__union_43",0,NA,NA,NA,"individual-duplicate-union"
"Real 375","c","c-curved-chord","RD3WB2","__dup_RD3WB2_1","__union_48",0,NA,NA,NA,"individual-duplicate-union"
"Real 375","c","c-curved-chord","RD3WB2","__dup_RD3WB2_1","__union_49",0,NA,NA,NA,"individual-duplicate-union"
"Real 375","c","c-curved-chord","__dup_5A6DFT_3","5A6DFT","ZLS786",0,NA,NA,NA,"duplicate-individual-individual"
"Real 375","c","c-curved-chord","__dup_5A6DFT_3","5A6DFT","RXPJPP",0,NA,NA,NA,"duplicate-individual-individual"
"Real 375","c","c-curved-chord","__dup_5A6DFT_3","5A6DFT","HDJ52R",0,NA,NA,NA,"duplicate-individual-individual"
"Real 375","c","c-curved-chord","__dup_5A6DFT_3","5A6DFT","C3IFT0",0,NA,NA,NA,"duplicate-individual-individual"
"Real 375","c","c-curved-chord","__dup_5A6DFT_3","5A6DFT","EZ97J5",0,NA,NA,NA,"duplicate-individual-individual"
"Real 375","c","c-curved-chord","__dup_5A6DFT_3","5A6DFT","Q8MRCZ",0,NA,NA,NA,"duplicate-individual-individual"
"Real 375","c","c-curved-chord","__dup_5A6DFT_3","5A6DFT","8DKELJ",0,NA,NA,NA,"duplicate-individual-individual"
"Real 375","c","c-curved-chord","__dup_5A6DFT_3","5A6DFT","G8EBU9",0,NA,NA,NA,"duplicate-individual-individual"
"Real 375","c","c-curved-chord","__dup_5A6DFT_3","5A6DFT","LVP52A",0,NA,NA,NA,"duplicate-individual-individual"
"Real 375","c","c-curved-chord","__dup_5A6DFT_3","5A6DFT","KWKJXQ",0,NA,NA,NA,"duplicate-individual-individual"
"Real 375","c","c-curved-chord","__dup_5A6DFT_3","5A6DFT","1ZERVB",0,NA,NA,NA,"duplicate-individual-individual"
"Real 375","c","c-curved-chord","__dup_5A6DFT_3","5A6DFT","MTSHHY",0,NA,NA,NA,"duplicate-individual-individual"
"Real 375","c","c-curved-chord","__dup_5A6DFT_3","5A6DFT","4EEKV7",0,NA,NA,NA,"duplicate-individual-individual"
"Real 375","c","c-curved-chord","__dup_5A6DFT_3","5A6DFT","BM40IX",0,NA,NA,NA,"duplicate-individual-individual"
"Real 375","c","c-curved-chord","__dup_5A6DFT_3","5A6DFT","A3A34I",0,NA,NA,NA,"duplicate-individual-individual"
"Real 375","c","c-curved-chord","__dup_5A6DFT_3","5A6DFT","L2I39Y",0,NA,NA,NA,"duplicate-individual-individual"
"Real 375","c","c-curved-chord","__dup_5A6DFT_3","5A6DFT","NPYENA",0,NA,NA,NA,"duplicate-individual-individual"
"Real 375","c","c-curved-chord","__dup_5A6DFT_3","5A6DFT","0FKJ81",0,NA,NA,NA,"duplicate-individual-individual"
"Real 375","c","c-curved-chord","__dup_5A6DFT_3","5A6DFT","I8ABQE",0,NA,NA,NA,"duplicate-individual-individual"
"Real 375","c","c-curved-chord","__dup_5A6DFT_3","5A6DFT","6S4HCB",0,NA,NA,NA,"duplicate-individual-individual"
"Real 375","c","c-curved-chord","__dup_5A6DFT_3","5A6DFT","5GQC24",0,NA,NA,NA,"duplicate-individual-individual"
"Real 375","c","c-curved-chord","__dup_5A6DFT_3","5A6DFT","YAV1NW",0,NA,NA,NA,"duplicate-individual-individual"
"Real 375","c","c-curved-chord","__dup_5A6DFT_3","5A6DFT","D8FYZV",0,NA,NA,NA,"duplicate-individual-individual"
"Real 375","c","c-curved-chord","__dup_5A6DFT_3","5A6DFT","BJ4J7G",0,NA,NA,NA,"duplicate-individual-individual"
"Real 375","c","c-curved-chord","__dup_5A6DFT_3","5A6DFT","C2YD43",0,NA,NA,NA,"duplicate-individual-individual"
"Real 375","c","c-curved-chord","__dup_5A6DFT_3","5A6DFT","AE08C8",0,NA,NA,NA,"duplicate-individual-individual"
"Real 375","c","c-curved-chord","__dup_5A6DFT_3","5A6DFT","MY1AEU",0,NA,NA,NA,"duplicate-individual-individual"
"Real 375","c","c-curved-chord","__dup_5A6DFT_3","5A6DFT","ZK6NM2",0,NA,NA,NA,"duplicate-individual-individual"
"Real 375","c","c-curved-chord","__dup_5A6DFT_3","5A6DFT","IP1TGT",0,NA,NA,NA,"duplicate-individual-individual"
"Real 375","c","c-curved-chord","__dup_5A6DFT_3","5A6DFT","TUILLQ",0,NA,NA,NA,"duplicate-individual-individual"
"Real 375","c","c-curved-chord","__dup_5A6DFT_3","5A6DFT","CBLNYE",0,NA,NA,NA,"duplicate-individual-individual"
"Real 375","c","c-curved-chord","__dup_5A6DFT_3","5A6DFT","B948B1",0,NA,NA,NA,"duplicate-individual-individual"
"Real 375","c","c-curved-chord","__dup_5A6DFT_3","5A6DFT","QWUKUY",0,NA,NA,NA,"duplicate-individual-individual"
"Real 375","c","c-curved-chord","__dup_5A6DFT_3","5A6DFT","1X40V5",0,NA,NA,NA,"duplicate-individual-individual"
"Real 375","c","c-curved-chord","__dup_5A6DFT_3","5A6DFT","WDBGPF",0,NA,NA,NA,"duplicate-individual-individual"
"Real 375","c","c-curved-chord","__dup_5A6DFT_3","5A6DFT","C6E1D9",0,NA,NA,NA,"duplicate-individual-individual"
"Real 375","c","c-curved-chord","__dup_5A6DFT_3","5A6DFT","28XSME",0,NA,NA,NA,"duplicate-individual-individual"
"Real 375","c","c-curved-chord","__dup_5A6DFT_3","5A6DFT","7NBKWE",0,NA,NA,NA,"duplicate-individual-individual"
"Real 375","c","c-curved-chord","__dup_5A6DFT_3","5A6DFT","RD3WB2",0,NA,NA,NA,"duplicate-individual-individual"
"Real 375","c","c-curved-chord","__dup_5A6DFT_3","5A6DFT","L31S6S",0,NA,NA,NA,"duplicate-individual-individual"
"Real 375","c","c-curved-chord","__dup_5A6DFT_3","5A6DFT","7U5H8G",0,NA,NA,NA,"duplicate-individual-individual"
"Real 375","c","c-curved-chord","__dup_5A6DFT_3","5A6DFT","LWV138",0,NA,NA,NA,"duplicate-individual-individual"
"Real 375","c","c-curved-chord","__dup_5A6DFT_3","5A6DFT","R3BBV1",0,NA,NA,NA,"duplicate-individual-individual"
"Real 375","c","c-curved-chord","__dup_5A6DFT_3","5A6DFT","UYZ1DD",0,NA,NA,NA,"duplicate-individual-individual"
"Real 375","c","c-curved-chord","__dup_5A6DFT_3","5A6DFT","UCXEK5",0,NA,NA,NA,"duplicate-individual-individual"
"Real 375","c","c-curved-chord","__dup_5A6DFT_3","5A6DFT","UUNQ4J",0,NA,NA,NA,"duplicate-individual-individual"
"Real 375","c","c-curved-chord","__dup_5A6DFT_3","5A6DFT","ULQFEZ",0,NA,NA,NA,"duplicate-individual-individual"
"Real 375","c","c-curved-chord","__dup_5A6DFT_3","5A6DFT","UTU9S7",0,NA,NA,NA,"duplicate-individual-individual"
"Real 375","c","c-curved-chord","__dup_5A6DFT_3","5A6DFT","__dup_IP1TGT_1",0,NA,NA,NA,"duplicate-individual-duplicate"
"Real 375","c","c-curved-chord","__dup_5A6DFT_3","5A6DFT","__dup_7NBKWE_1",0,NA,NA,NA,"duplicate-individual-duplicate"
"Real 375","c","c-curved-chord","__dup_5A6DFT_3","5A6DFT","__dup_7NBKWE_2",0,NA,NA,NA,"duplicate-individual-duplicate"
"Real 375","c","c-curved-chord","__dup_5A6DFT_3","5A6DFT","__dup_L31S6S_2",0,NA,NA,NA,"duplicate-individual-duplicate"
"Real 375","c","c-curved-chord","__dup_5A6DFT_3","5A6DFT","__dup_PQX22G_2",0,NA,NA,NA,"duplicate-individual-duplicate"
"Real 375","c","c-curved-chord","__dup_5A6DFT_3","5A6DFT","__dup_QWUKUY_2",0,NA,NA,NA,"duplicate-individual-duplicate"
"Real 375","c","c-curved-chord","__dup_5A6DFT_3","5A6DFT","__dup_6S4HCB_1",0,NA,NA,NA,"duplicate-individual-duplicate"
"Real 375","c","c-curved-chord","__dup_5A6DFT_3","5A6DFT","__dup_I8ABQE_1",0,NA,NA,NA,"duplicate-individual-duplicate"
"Real 375","c","c-curved-chord","__dup_5A6DFT_3","5A6DFT","__dup_MY1AEU_2",0,NA,NA,NA,"duplicate-individual-duplicate"
"Real 375","c","c-curved-chord","__dup_5A6DFT_3","5A6DFT","__dup_RD3WB2_1",0,NA,NA,NA,"duplicate-individual-duplicate"
"Real 375","c","c-curved-chord","__dup_5A6DFT_3","5A6DFT","__union_9",0,NA,NA,NA,"duplicate-individual-union"
"Real 375","c","c-curved-chord","__dup_5A6DFT_3","5A6DFT","__union_10",0,NA,NA,NA,"duplicate-individual-union"
"Real 375","c","c-curved-chord","__dup_5A6DFT_3","5A6DFT","__union_11",0,NA,NA,NA,"duplicate-individual-union"
"Real 375","c","c-curved-chord","__dup_5A6DFT_3","5A6DFT","__union_13",0,NA,NA,NA,"duplicate-individual-union"
"Real 375","c","c-curved-chord","__dup_5A6DFT_3","5A6DFT","__union_14",0,NA,NA,NA,"duplicate-individual-union"
"Real 375","c","c-curved-chord","__dup_5A6DFT_3","5A6DFT","__union_15",0,NA,NA,NA,"duplicate-individual-union"
"Real 375","c","c-curved-chord","__dup_5A6DFT_3","5A6DFT","__union_18",0,NA,NA,NA,"duplicate-individual-union"
"Real 375","c","c-curved-chord","__dup_5A6DFT_3","5A6DFT","__union_21",0,NA,NA,NA,"duplicate-individual-union"
"Real 375","c","c-curved-chord","__dup_5A6DFT_3","5A6DFT","__union_23",0,NA,NA,NA,"duplicate-individual-union"
"Real 375","c","c-curved-chord","__dup_5A6DFT_3","5A6DFT","__union_24",0,NA,NA,NA,"duplicate-individual-union"
"Real 375","c","c-curved-chord","__dup_5A6DFT_3","5A6DFT","__union_25",0,NA,NA,NA,"duplicate-individual-union"
"Real 375","c","c-curved-chord","__dup_5A6DFT_3","5A6DFT","__union_26",0,NA,NA,NA,"duplicate-individual-union"
"Real 375","c","c-curved-chord","__dup_5A6DFT_3","5A6DFT","__union_27",0,NA,NA,NA,"duplicate-individual-union"
"Real 375","c","c-curved-chord","__dup_5A6DFT_3","5A6DFT","__union_28",0,NA,NA,NA,"duplicate-individual-union"
"Real 375","c","c-curved-chord","__dup_5A6DFT_3","5A6DFT","__union_29",0,NA,NA,NA,"duplicate-individual-union"
"Real 375","c","c-curved-chord","__dup_5A6DFT_3","5A6DFT","__union_30",0,NA,NA,NA,"duplicate-individual-union"
"Real 375","c","c-curved-chord","__dup_5A6DFT_3","5A6DFT","__union_31",0,NA,NA,NA,"duplicate-individual-union"
"Real 375","c","c-curved-chord","__dup_5A6DFT_3","5A6DFT","__union_32",0,NA,NA,NA,"duplicate-individual-union"
"Real 375","c","c-curved-chord","__dup_5A6DFT_3","5A6DFT","__union_35",0,NA,NA,NA,"duplicate-individual-union"
"Real 375","c","c-curved-chord","__dup_5A6DFT_3","5A6DFT","__union_38",0,NA,NA,NA,"duplicate-individual-union"
"Real 375","c","c-curved-chord","__dup_5A6DFT_3","5A6DFT","__union_39",0,NA,NA,NA,"duplicate-individual-union"
"Real 375","c","c-curved-chord","__dup_5A6DFT_3","5A6DFT","__union_40",0,NA,NA,NA,"duplicate-individual-union"
"Real 375","c","c-curved-chord","__dup_5A6DFT_3","5A6DFT","__union_43",0,NA,NA,NA,"duplicate-individual-union"
"Real 375","c","c-curved-chord","__dup_5A6DFT_3","5A6DFT","__union_48",0,NA,NA,NA,"duplicate-individual-union"
"Real 375","c","c-curved-chord","__dup_5A6DFT_3","5A6DFT","__union_49",0,NA,NA,NA,"duplicate-individual-union"
"Real 375","c","c-curved-chord","__dup_5A6DFT_3","5A6DFT","__union_50",0,NA,NA,NA,"duplicate-individual-union"
"Real 375","c","c-curved-chord","__dup_5A6DFT_3","5A6DFT","__union_52",0,NA,NA,NA,"duplicate-individual-union"
"Real 375","c","c-curved-chord","__dup_5A6DFT_3","5A6DFT","__union_53",0,NA,NA,NA,"duplicate-individual-union"
"Real 375","c","c-curved-chord","__dup_5A6DFT_3","5A6DFT","__union_55",0,NA,NA,NA,"duplicate-individual-union"
"Real 375","c","c-curved-chord","__dup_5A6DFT_3","5A6DFT","__union_56",0,NA,NA,NA,"duplicate-individual-union"
"Real 375","c","c-curved-chord","M0YNUR","__dup_M0YNUR_1","BCH8AH",1,NA,NA,NA,"individual-duplicate-individual"
"Real 375","c","c-curved-chord","M0YNUR","__dup_M0YNUR_1","KK1QYR",1,NA,NA,NA,"individual-duplicate-individual"
"Real 375","c","c-curved-chord","M0YNUR","__dup_M0YNUR_1","7JQ09V",1,NA,NA,NA,"individual-duplicate-individual"
"Real 375","c","c-curved-chord","M0YNUR","__dup_M0YNUR_1","8PHUQL",1,NA,NA,NA,"individual-duplicate-individual"
"Real 375","c","c-curved-chord","M0YNUR","__dup_M0YNUR_1","R4V1JU",1,NA,NA,NA,"individual-duplicate-individual"
"Real 375","c","c-curved-chord","M0YNUR","__dup_M0YNUR_1","L8CMNE",1,NA,NA,NA,"individual-duplicate-individual"
"Real 375","c","c-curved-chord","M0YNUR","__dup_M0YNUR_1","__dup_L31S6S_4",1,NA,NA,NA,"individual-duplicate-duplicate"
"Real 375","c","c-curved-chord","M0YNUR","__dup_M0YNUR_1","__union_79",1,NA,NA,NA,"individual-duplicate-union"
"Real 375","c","c-curved-chord","M0YNUR","__dup_M0YNUR_1","__union_93",1,NA,NA,NA,"individual-duplicate-union"
"Real 375","c","c-curved-chord","M0YNUR","__dup_M0YNUR_1","__union_98",1,NA,NA,NA,"individual-duplicate-union"
"Real 375","c","c-curved-chord","__dup_RYP77M_1","RYP77M","WDUGSA",1,NA,NA,NA,"duplicate-individual-individual"
"Real 375","c","c-curved-chord","__dup_RYP77M_1","RYP77M","37FSQA",1,NA,NA,NA,"duplicate-individual-individual"
"Real 375","c","c-curved-chord","__dup_RYP77M_1","RYP77M","SNHNX6",1,NA,NA,NA,"duplicate-individual-individual"
"Real 375","c","c-curved-chord","__dup_RYP77M_1","RYP77M","__union_95",1,NA,NA,NA,"duplicate-individual-union"
"Real 375","c","c-curved-chord","__dup_D1WP48_1","D1WP48","0GDSV0",1,NA,NA,NA,"duplicate-individual-individual"
"Real 375","c","c-curved-chord","__dup_D1WP48_1","D1WP48","BH6ZQK",1,NA,NA,NA,"duplicate-individual-individual"
"Real 375","c","c-curved-chord","RYP77M","__dup_RYP77M_2","8P17E3",1,NA,NA,NA,"individual-duplicate-individual"
"Real 375","c","c-curved-chord","RYP77M","__dup_RYP77M_2","S0022Z",1,NA,NA,NA,"individual-duplicate-individual"
"Real 375","c","c-curved-chord","RYP77M","__dup_RYP77M_2","Q7F87W",1,NA,NA,NA,"individual-duplicate-individual"
"Real 375","c","c-curved-chord","RYP77M","__dup_RYP77M_2","3CLMPL",1,NA,NA,NA,"individual-duplicate-individual"
"Real 375","c","c-curved-chord","RYP77M","__dup_RYP77M_2","8LKBV9",1,NA,NA,NA,"individual-duplicate-individual"
"Real 375","c","c-curved-chord","RYP77M","__dup_RYP77M_2","__dup_G8EBU9_1",1,NA,NA,NA,"individual-duplicate-duplicate"
"Real 375","c","c-curved-chord","RYP77M","__dup_RYP77M_2","__dup_MY1AEU_4",1,NA,NA,NA,"individual-duplicate-duplicate"
"Real 375","c","c-curved-chord","RYP77M","__dup_RYP77M_2","__union_65",1,NA,NA,NA,"individual-duplicate-union"
"Real 375","c","c-curved-chord","RYP77M","__dup_RYP77M_2","__union_68",1,NA,NA,NA,"individual-duplicate-union"
"Real 375","c","c-curved-chord","RYP77M","__dup_RYP77M_2","__union_94",1,NA,NA,NA,"individual-duplicate-union"
"Real 375","c","c-curved-chord","SLN0TF","__dup_SLN0TF_1","1SIP4V",1,NA,NA,NA,"individual-duplicate-individual"
"Real 375","c","c-curved-chord","SLN0TF","__dup_SLN0TF_1","__union_90",1,NA,NA,NA,"individual-duplicate-union"
"Real 375","c","c-curved-chord","RYP77M","__dup_RYP77M_3","8P17E3",1,NA,NA,NA,"individual-duplicate-individual"
"Real 375","c","c-curved-chord","RYP77M","__dup_RYP77M_3","S0022Z",1,NA,NA,NA,"individual-duplicate-individual"
"Real 375","c","c-curved-chord","RYP77M","__dup_RYP77M_3","DLZL49",1,NA,NA,NA,"individual-duplicate-individual"
"Real 375","c","c-curved-chord","RYP77M","__dup_RYP77M_3","XEE9GT",1,NA,NA,NA,"individual-duplicate-individual"
"Real 375","c","c-curved-chord","RYP77M","__dup_RYP77M_3","Q7F87W",1,NA,NA,NA,"individual-duplicate-individual"
"Real 375","c","c-curved-chord","RYP77M","__dup_RYP77M_3","JR9GXD",1,NA,NA,NA,"individual-duplicate-individual"
"Real 375","c","c-curved-chord","RYP77M","__dup_RYP77M_3","3CLMPL",1,NA,NA,NA,"individual-duplicate-individual"
"Real 375","c","c-curved-chord","RYP77M","__dup_RYP77M_3","8LKBV9",1,NA,NA,NA,"individual-duplicate-individual"
"Real 375","c","c-curved-chord","RYP77M","__dup_RYP77M_3","GTKL5Z",1,NA,NA,NA,"individual-duplicate-individual"
"Real 375","c","c-curved-chord","RYP77M","__dup_RYP77M_3","D472PY",1,NA,NA,NA,"individual-duplicate-individual"
"Real 375","c","c-curved-chord","RYP77M","__dup_RYP77M_3","R0VAQP",1,NA,NA,NA,"individual-duplicate-individual"
"Real 375","c","c-curved-chord","RYP77M","__dup_RYP77M_3","MK90CB",1,NA,NA,NA,"individual-duplicate-individual"
"Real 375","c","c-curved-chord","RYP77M","__dup_RYP77M_3","CAN12C",1,NA,NA,NA,"individual-duplicate-individual"
"Real 375","c","c-curved-chord","RYP77M","__dup_RYP77M_3","79QBRD",1,NA,NA,NA,"individual-duplicate-individual"
"Real 375","c","c-curved-chord","RYP77M","__dup_RYP77M_3","G3XCSE",1,NA,NA,NA,"individual-duplicate-individual"
"Real 375","c","c-curved-chord","RYP77M","__dup_RYP77M_3","8UE4L3",1,NA,NA,NA,"individual-duplicate-individual"
"Real 375","c","c-curved-chord","RYP77M","__dup_RYP77M_3","__dup_G8EBU9_1",1,NA,NA,NA,"individual-duplicate-duplicate"
"Real 375","c","c-curved-chord","RYP77M","__dup_RYP77M_3","__dup_D8FYZV_2",1,NA,NA,NA,"individual-duplicate-duplicate"
"Real 375","c","c-curved-chord","RYP77M","__dup_RYP77M_3","__dup_MY1AEU_4",1,NA,NA,NA,"individual-duplicate-duplicate"
"Real 375","c","c-curved-chord","RYP77M","__dup_RYP77M_3","__dup_D1WP48_2",1,NA,NA,NA,"individual-duplicate-duplicate"
"Real 375","c","c-curved-chord","RYP77M","__dup_RYP77M_3","__dup_PQX22G_3",1,NA,NA,NA,"individual-duplicate-duplicate"
"Real 375","c","c-curved-chord","RYP77M","__dup_RYP77M_3","__union_65",1,NA,NA,NA,"individual-duplicate-union"
"Real 375","c","c-curved-chord","RYP77M","__dup_RYP77M_3","__union_68",1,NA,NA,NA,"individual-duplicate-union"
"Real 375","c","c-curved-chord","RYP77M","__dup_RYP77M_3","__union_69",1,NA,NA,NA,"individual-duplicate-union"
"Real 375","c","c-curved-chord","RYP77M","__dup_RYP77M_3","__union_78",1,NA,NA,NA,"individual-duplicate-union"
"Real 375","c","c-curved-chord","RYP77M","__dup_RYP77M_3","__union_82",1,NA,NA,NA,"individual-duplicate-union"
"Real 375","c","c-curved-chord","RYP77M","__dup_RYP77M_3","__union_83",1,NA,NA,NA,"individual-duplicate-union"
"Real 375","c","c-curved-chord","RYP77M","__dup_RYP77M_3","__union_94",1,NA,NA,NA,"individual-duplicate-union"
"Real 375","c","c-curved-chord","RYP77M","__dup_RYP77M_3","__union_99",1,NA,NA,NA,"individual-duplicate-union"
"Real 375","c","c-curved-chord","RYP77M","__dup_RYP77M_3","__union_102",1,NA,NA,NA,"individual-duplicate-union"
"Real 375","c","c-curved-chord","KUENM8","__dup_KUENM8_1","8933XB",1,NA,NA,NA,"individual-duplicate-individual"
"Real 375","c","c-curved-chord","KUENM8","__dup_KUENM8_1","CEA455",1,NA,NA,NA,"individual-duplicate-individual"
"Real 375","c","c-curved-chord","KUENM8","__dup_KUENM8_1","IM1B5T",1,NA,NA,NA,"individual-duplicate-individual"
"Real 375","c","c-curved-chord","KUENM8","__dup_KUENM8_1","0Q077X",1,NA,NA,NA,"individual-duplicate-individual"
"Real 375","c","c-curved-chord","KUENM8","__dup_KUENM8_1","KNIBZ7",1,NA,NA,NA,"individual-duplicate-individual"
"Real 375","c","c-curved-chord","KUENM8","__dup_KUENM8_1","FE03JV",1,NA,NA,NA,"individual-duplicate-individual"
"Real 375","c","c-curved-chord","KUENM8","__dup_KUENM8_1","__dup_1X40V5_2",1,NA,NA,NA,"individual-duplicate-duplicate"
"Real 375","c","c-curved-chord","KUENM8","__dup_KUENM8_1","__dup_D8FYZV_4",1,NA,NA,NA,"individual-duplicate-duplicate"
"Real 375","c","c-curved-chord","KUENM8","__dup_KUENM8_1","__dup_7NBKWE_3",1,NA,NA,NA,"individual-duplicate-duplicate"
"Real 375","c","c-curved-chord","KUENM8","__dup_KUENM8_1","__dup_P87V3K_1",1,NA,NA,NA,"individual-duplicate-duplicate"
"Real 375","c","c-curved-chord","KUENM8","__dup_KUENM8_1","__dup_L31S6S_5",1,NA,NA,NA,"individual-duplicate-duplicate"
"Real 375","c","c-curved-chord","KUENM8","__dup_KUENM8_1","__union_73",1,NA,NA,NA,"individual-duplicate-union"
"Real 375","c","c-curved-chord","KUENM8","__dup_KUENM8_1","__union_86",1,NA,NA,NA,"individual-duplicate-union"
"Real 375","c","c-curved-chord","KUENM8","__dup_KUENM8_1","__union_89",1,NA,NA,NA,"individual-duplicate-union"
"Real 375","c","c-curved-chord","KUENM8","__dup_KUENM8_1","__union_91",1,NA,NA,NA,"individual-duplicate-union"
"Real 375","c","c-curved-chord","KUENM8","__dup_KUENM8_1","__union_97",1,NA,NA,NA,"individual-duplicate-union"
"Real 375","c","c-curved-chord","KUENM8","__dup_KUENM8_1","__union_100",1,NA,NA,NA,"individual-duplicate-union"
"Real 375","c","c-curved-chord","__dup_RYP77M_4","RYP77M","WDUGSA",1,NA,NA,NA,"duplicate-individual-individual"
"Real 375","c","c-curved-chord","__dup_RYP77M_4","RYP77M","37FSQA",1,NA,NA,NA,"duplicate-individual-individual"
"Real 375","c","c-curved-chord","__dup_D1WP48_2","D1WP48","4WWCPB",1,NA,NA,NA,"duplicate-individual-individual"
"Real 375","c","c-curved-chord","__dup_D1WP48_2","D1WP48","6MGJYG",1,NA,NA,NA,"duplicate-individual-individual"
"Real 375","c","c-curved-chord","__dup_D1WP48_2","D1WP48","0GDSV0",1,NA,NA,NA,"duplicate-individual-individual"
"Real 375","c","c-curved-chord","__dup_D1WP48_2","D1WP48","N2JRUE",1,NA,NA,NA,"duplicate-individual-individual"
"Real 375","c","c-curved-chord","__dup_D1WP48_2","D1WP48","P2VQJR",1,NA,NA,NA,"duplicate-individual-individual"
"Real 375","c","c-curved-chord","__dup_D1WP48_2","D1WP48","1W4GNT",1,NA,NA,NA,"duplicate-individual-individual"
"Real 375","c","c-curved-chord","__dup_D1WP48_2","D1WP48","D472PY",1,NA,NA,NA,"duplicate-individual-individual"
"Real 375","c","c-curved-chord","__dup_D1WP48_2","D1WP48","BH6ZQK",1,NA,NA,NA,"duplicate-individual-individual"
"Real 375","c","c-curved-chord","__dup_D1WP48_2","D1WP48","MK90CB",1,NA,NA,NA,"duplicate-individual-individual"
"Real 375","c","c-curved-chord","__dup_D1WP48_2","D1WP48","3GW5WC",1,NA,NA,NA,"duplicate-individual-individual"
"Real 375","c","c-curved-chord","__dup_D1WP48_2","D1WP48","VRSDUM",1,NA,NA,NA,"duplicate-individual-individual"
"Real 375","c","c-curved-chord","__dup_D1WP48_2","D1WP48","__dup_D8FYZV_1",1,NA,NA,NA,"duplicate-individual-duplicate"
"Real 375","c","c-curved-chord","__dup_D1WP48_2","D1WP48","__dup_D8FYZV_3",1,NA,NA,NA,"duplicate-individual-duplicate"
"Real 375","c","c-curved-chord","__dup_D1WP48_2","D1WP48","__dup_RYP77M_3",1,NA,NA,NA,"duplicate-individual-duplicate"
"Real 375","c","c-curved-chord","__dup_D1WP48_2","D1WP48","__dup_QWUKUY_3",1,NA,NA,NA,"duplicate-individual-duplicate"
"Real 375","c","c-curved-chord","__dup_D1WP48_2","D1WP48","__union_64",1,NA,NA,NA,"duplicate-individual-union"
"Real 375","c","c-curved-chord","__dup_D1WP48_2","D1WP48","__union_70",1,NA,NA,NA,"duplicate-individual-union"
"Real 375","c","c-curved-chord","__dup_D1WP48_2","D1WP48","__union_80",1,NA,NA,NA,"duplicate-individual-union"
"Real 375","c","c-curved-chord","__dup_D1WP48_2","D1WP48","__union_87",1,NA,NA,NA,"duplicate-individual-union"
"Real 375","c","c-curved-chord","__dup_D1WP48_2","D1WP48","__union_88",1,NA,NA,NA,"duplicate-individual-union"
"Real 375","c","c-curved-chord","__dup_D1WP48_2","D1WP48","__union_96",1,NA,NA,NA,"duplicate-individual-union"
"Real 375","c","c-curved-chord","__dup_KUENM8_2","KUENM8","BYWXJB",1,NA,NA,NA,"duplicate-individual-individual"
"Real 375","c","c-curved-chord","__dup_KUENM8_2","KUENM8","__dup_E2D59U_1",1,NA,NA,NA,"duplicate-individual-duplicate"
"Real 375","c","c-curved-chord","__dup_7U5NJD_1","7U5NJD","9R28KQ",2,NA,NA,NA,"duplicate-individual-individual"
"Real 375","c","c-curved-chord","__dup_7U5NJD_1","7U5NJD","7KWRZK",2,NA,NA,NA,"duplicate-individual-individual"
"Real 375","c","c-curved-chord","__dup_7U5NJD_1","7U5NJD","SQ908D",2,NA,NA,NA,"duplicate-individual-individual"
"Real 375","c","c-curved-chord","__dup_7U5NJD_1","7U5NJD","31UG06",2,NA,NA,NA,"duplicate-individual-individual"
"Real 375","c","c-curved-chord","__dup_7U5NJD_1","7U5NJD","WCPXHD",2,NA,NA,NA,"duplicate-individual-individual"
"Real 375","c","c-curved-chord","__dup_7U5NJD_1","7U5NJD","79RXRZ",2,NA,NA,NA,"duplicate-individual-individual"
"Real 375","c","c-curved-chord","__dup_7U5NJD_1","7U5NJD","YPHFHF",2,NA,NA,NA,"duplicate-individual-individual"
"Real 375","c","c-curved-chord","__dup_7U5NJD_1","7U5NJD","8FLD1J",2,NA,NA,NA,"duplicate-individual-individual"
"Real 375","c","c-curved-chord","__dup_7U5NJD_1","7U5NJD","WFGRY3",2,NA,NA,NA,"duplicate-individual-individual"
"Real 375","c","c-curved-chord","__dup_7U5NJD_1","7U5NJD","9YJWKX",2,NA,NA,NA,"duplicate-individual-individual"
"Real 375","c","c-curved-chord","__dup_7U5NJD_1","7U5NJD","D0CW4E",2,NA,NA,NA,"duplicate-individual-individual"
"Real 375","c","c-curved-chord","__dup_7U5NJD_1","7U5NJD","Q00PB1",2,NA,NA,NA,"duplicate-individual-individual"
"Real 375","c","c-curved-chord","__dup_7U5NJD_1","7U5NJD","J33BE0",2,NA,NA,NA,"duplicate-individual-individual"
"Real 375","c","c-curved-chord","__dup_7U5NJD_1","7U5NJD","LUPGF8",2,NA,NA,NA,"duplicate-individual-individual"
"Real 375","c","c-curved-chord","__dup_7U5NJD_1","7U5NJD","__dup_5LDNWE_1",2,NA,NA,NA,"duplicate-individual-duplicate"
"Real 375","c","c-curved-chord","__dup_7U5NJD_1","7U5NJD","__dup_0L5AWR_1",2,NA,NA,NA,"duplicate-individual-duplicate"
"Real 375","c","c-curved-chord","__dup_7U5NJD_1","7U5NJD","__dup_CAN12C_1",2,NA,NA,NA,"duplicate-individual-duplicate"
"Real 375","c","c-curved-chord","__dup_7U5NJD_1","7U5NJD","__dup_YPHFHF_2",2,NA,NA,NA,"duplicate-individual-duplicate"
"Real 375","c","c-curved-chord","__dup_7U5NJD_1","7U5NJD","__dup_KCBMY9_1",2,NA,NA,NA,"duplicate-individual-duplicate"
"Real 375","c","c-curved-chord","__dup_7U5NJD_1","7U5NJD","__dup_BH6ZQK_1",2,NA,NA,NA,"duplicate-individual-duplicate"
"Real 375","c","c-curved-chord","__dup_7U5NJD_1","7U5NJD","__dup_MK90CB_1",2,NA,NA,NA,"duplicate-individual-duplicate"
"Real 375","c","c-curved-chord","__dup_7U5NJD_1","7U5NJD","__union_109",2,NA,NA,NA,"duplicate-individual-union"
"Real 375","c","c-curved-chord","__dup_7U5NJD_1","7U5NJD","__union_111",2,NA,NA,NA,"duplicate-individual-union"
"Real 375","c","c-curved-chord","__dup_7U5NJD_1","7U5NJD","__union_112",2,NA,NA,NA,"duplicate-individual-union"
"Real 375","c","c-curved-chord","__dup_7U5NJD_1","7U5NJD","__union_114",2,NA,NA,NA,"duplicate-individual-union"
"Real 375","c","c-curved-chord","__dup_7U5NJD_1","7U5NJD","__union_117",2,NA,NA,NA,"duplicate-individual-union"
"Real 375","c","c-curved-chord","__dup_7U5NJD_1","7U5NJD","__union_120",2,NA,NA,NA,"duplicate-individual-union"
"Real 375","c","c-curved-chord","__dup_7U5NJD_1","7U5NJD","__union_122",2,NA,NA,NA,"duplicate-individual-union"
"Real 375","c","c-curved-chord","__dup_7U5NJD_1","7U5NJD","__union_129",2,NA,NA,NA,"duplicate-individual-union"
"Real 375","c","c-curved-chord","__dup_7U5NJD_1","7U5NJD","__union_130",2,NA,NA,NA,"duplicate-individual-union"
"Real 375","c","c-curved-chord","__dup_7U5NJD_1","7U5NJD","__union_131",2,NA,NA,NA,"duplicate-individual-union"
"Real 375","c","c-curved-chord","__dup_7U5NJD_1","7U5NJD","__union_137",2,NA,NA,NA,"duplicate-individual-union"
"Real 375","c","c-curved-chord","__dup_4U7JTW_1","4U7JTW","GBGWZD",2,NA,NA,NA,"duplicate-individual-individual"
"Real 375","c","c-curved-chord","__dup_4U7JTW_1","4U7JTW","B6IDBA",2,NA,NA,NA,"duplicate-individual-individual"
"Real 375","c","c-curved-chord","YPHFHF","__dup_YPHFHF_1","9C6NW8",2,NA,NA,NA,"individual-duplicate-individual"
"Real 375","c","c-curved-chord","YPHFHF","__dup_YPHFHF_1","4CHDK1",2,NA,NA,NA,"individual-duplicate-individual"
"Real 375","c","c-curved-chord","YPHFHF","__dup_YPHFHF_1","DKDP5B",2,NA,NA,NA,"individual-duplicate-individual"
"Real 375","c","c-curved-chord","YPHFHF","__dup_YPHFHF_1","WFGRY3",2,NA,NA,NA,"individual-duplicate-individual"
"Real 375","c","c-curved-chord","YPHFHF","__dup_YPHFHF_1","7U5NJD",2,NA,NA,NA,"individual-duplicate-individual"
"Real 375","c","c-curved-chord","YPHFHF","__dup_YPHFHF_1","I2G9D6",2,NA,NA,NA,"individual-duplicate-individual"
"Real 375","c","c-curved-chord","YPHFHF","__dup_YPHFHF_1","Q00PB1",2,NA,NA,NA,"individual-duplicate-individual"
"Real 375","c","c-curved-chord","YPHFHF","__dup_YPHFHF_1","LUPGF8",2,NA,NA,NA,"individual-duplicate-individual"
"Real 375","c","c-curved-chord","YPHFHF","__dup_YPHFHF_1","J8XZ81",2,NA,NA,NA,"individual-duplicate-individual"
"Real 375","c","c-curved-chord","YPHFHF","__dup_YPHFHF_1","__dup_BYWXJB_1",2,NA,NA,NA,"individual-duplicate-duplicate"
"Real 375","c","c-curved-chord","YPHFHF","__dup_YPHFHF_1","__dup_0L5AWR_1",2,NA,NA,NA,"individual-duplicate-duplicate"
"Real 375","c","c-curved-chord","YPHFHF","__dup_YPHFHF_1","__dup_BH6ZQK_1",2,NA,NA,NA,"individual-duplicate-duplicate"
"Real 375","c","c-curved-chord","YPHFHF","__dup_YPHFHF_1","__dup_R0VAQP_1",2,NA,NA,NA,"individual-duplicate-duplicate"
"Real 375","c","c-curved-chord","YPHFHF","__dup_YPHFHF_1","__dup_D0Z114_1",2,NA,NA,NA,"individual-duplicate-duplicate"
"Real 375","c","c-curved-chord","YPHFHF","__dup_YPHFHF_1","__union_110",2,NA,NA,NA,"individual-duplicate-union"
"Real 375","c","c-curved-chord","YPHFHF","__dup_YPHFHF_1","__union_115",2,NA,NA,NA,"individual-duplicate-union"
"Real 375","c","c-curved-chord","YPHFHF","__dup_YPHFHF_1","__union_117",2,NA,NA,NA,"individual-duplicate-union"
"Real 375","c","c-curved-chord","YPHFHF","__dup_YPHFHF_1","__union_122",2,NA,NA,NA,"individual-duplicate-union"
"Real 375","c","c-curved-chord","YPHFHF","__dup_YPHFHF_1","__union_134",2,NA,NA,NA,"individual-duplicate-union"
"Real 375","c","c-curved-chord","YPHFHF","__dup_YPHFHF_1","__union_135",2,NA,NA,NA,"individual-duplicate-union"
"Real 375","c","c-curved-chord","__dup_9C6NW8_1","9C6NW8","9R28KQ",2,NA,NA,NA,"duplicate-individual-individual"
"Real 375","c","c-curved-chord","__dup_9C6NW8_1","9C6NW8","7KWRZK",2,NA,NA,NA,"duplicate-individual-individual"
"Real 375","c","c-curved-chord","__dup_9C6NW8_1","9C6NW8","SQ908D",2,NA,NA,NA,"duplicate-individual-individual"
"Real 375","c","c-curved-chord","__dup_9C6NW8_1","9C6NW8","31UG06",2,NA,NA,NA,"duplicate-individual-individual"
"Real 375","c","c-curved-chord","__dup_9C6NW8_1","9C6NW8","WCPXHD",2,NA,NA,NA,"duplicate-individual-individual"
"Real 375","c","c-curved-chord","__dup_9C6NW8_1","9C6NW8","79RXRZ",2,NA,NA,NA,"duplicate-individual-individual"
"Real 375","c","c-curved-chord","__dup_9C6NW8_1","9C6NW8","DKDP5B",2,NA,NA,NA,"duplicate-individual-individual"
"Real 375","c","c-curved-chord","__dup_9C6NW8_1","9C6NW8","YPHFHF",2,NA,NA,NA,"duplicate-individual-individual"
"Real 375","c","c-curved-chord","__dup_9C6NW8_1","9C6NW8","8FLD1J",2,NA,NA,NA,"duplicate-individual-individual"
"Real 375","c","c-curved-chord","__dup_9C6NW8_1","9C6NW8","WFGRY3",2,NA,NA,NA,"duplicate-individual-individual"
"Real 375","c","c-curved-chord","__dup_9C6NW8_1","9C6NW8","7U5NJD",2,NA,NA,NA,"duplicate-individual-individual"
"Real 375","c","c-curved-chord","__dup_9C6NW8_1","9C6NW8","9YJWKX",2,NA,NA,NA,"duplicate-individual-individual"
"Real 375","c","c-curved-chord","__dup_9C6NW8_1","9C6NW8","D0CW4E",2,NA,NA,NA,"duplicate-individual-individual"
"Real 375","c","c-curved-chord","__dup_9C6NW8_1","9C6NW8","Q00PB1",2,NA,NA,NA,"duplicate-individual-individual"
"Real 375","c","c-curved-chord","__dup_9C6NW8_1","9C6NW8","J33BE0",2,NA,NA,NA,"duplicate-individual-individual"
"Real 375","c","c-curved-chord","__dup_9C6NW8_1","9C6NW8","LUPGF8",2,NA,NA,NA,"duplicate-individual-individual"
"Real 375","c","c-curved-chord","__dup_9C6NW8_1","9C6NW8","MNJU8T",2,NA,NA,NA,"duplicate-individual-individual"
"Real 375","c","c-curved-chord","__dup_9C6NW8_1","9C6NW8","J8XZ81",2,NA,NA,NA,"duplicate-individual-individual"
"Real 375","c","c-curved-chord","__dup_9C6NW8_1","9C6NW8","__dup_7U5NJD_1",2,NA,NA,NA,"duplicate-individual-duplicate"
"Real 375","c","c-curved-chord","__dup_9C6NW8_1","9C6NW8","__dup_5LDNWE_1",2,NA,NA,NA,"duplicate-individual-duplicate"
"Real 375","c","c-curved-chord","__dup_9C6NW8_1","9C6NW8","__dup_BYWXJB_1",2,NA,NA,NA,"duplicate-individual-duplicate"
"Real 375","c","c-curved-chord","__dup_9C6NW8_1","9C6NW8","__dup_0L5AWR_1",2,NA,NA,NA,"duplicate-individual-duplicate"
"Real 375","c","c-curved-chord","__dup_9C6NW8_1","9C6NW8","__dup_CAN12C_1",2,NA,NA,NA,"duplicate-individual-duplicate"
"Real 375","c","c-curved-chord","__dup_9C6NW8_1","9C6NW8","__dup_YPHFHF_2",2,NA,NA,NA,"duplicate-individual-duplicate"
"Real 375","c","c-curved-chord","__dup_9C6NW8_1","9C6NW8","__dup_KCBMY9_1",2,NA,NA,NA,"duplicate-individual-duplicate"
"Real 375","c","c-curved-chord","__dup_9C6NW8_1","9C6NW8","__dup_BH6ZQK_1",2,NA,NA,NA,"duplicate-individual-duplicate"
"Real 375","c","c-curved-chord","__dup_9C6NW8_1","9C6NW8","__dup_R0VAQP_1",2,NA,NA,NA,"duplicate-individual-duplicate"
"Real 375","c","c-curved-chord","__dup_9C6NW8_1","9C6NW8","__dup_MK90CB_1",2,NA,NA,NA,"duplicate-individual-duplicate"
"Real 375","c","c-curved-chord","__dup_9C6NW8_1","9C6NW8","__union_105",2,NA,NA,NA,"duplicate-individual-union"
"Real 375","c","c-curved-chord","__dup_9C6NW8_1","9C6NW8","__union_109",2,NA,NA,NA,"duplicate-individual-union"
"Real 375","c","c-curved-chord","__dup_9C6NW8_1","9C6NW8","__union_110",2,NA,NA,NA,"duplicate-individual-union"
"Real 375","c","c-curved-chord","__dup_9C6NW8_1","9C6NW8","__union_111",2,NA,NA,NA,"duplicate-individual-union"
"Real 375","c","c-curved-chord","__dup_9C6NW8_1","9C6NW8","__union_112",2,NA,NA,NA,"duplicate-individual-union"
"Real 375","c","c-curved-chord","__dup_9C6NW8_1","9C6NW8","__union_114",2,NA,NA,NA,"duplicate-individual-union"
"Real 375","c","c-curved-chord","__dup_9C6NW8_1","9C6NW8","__union_117",2,NA,NA,NA,"duplicate-individual-union"
"Real 375","c","c-curved-chord","__dup_9C6NW8_1","9C6NW8","__union_120",2,NA,NA,NA,"duplicate-individual-union"
"Real 375","c","c-curved-chord","__dup_9C6NW8_1","9C6NW8","__union_122",2,NA,NA,NA,"duplicate-individual-union"
"Real 375","c","c-curved-chord","__dup_9C6NW8_1","9C6NW8","__union_129",2,NA,NA,NA,"duplicate-individual-union"
"Real 375","c","c-curved-chord","__dup_9C6NW8_1","9C6NW8","__union_130",2,NA,NA,NA,"duplicate-individual-union"
"Real 375","c","c-curved-chord","__dup_9C6NW8_1","9C6NW8","__union_131",2,NA,NA,NA,"duplicate-individual-union"
"Real 375","c","c-curved-chord","__dup_9C6NW8_1","9C6NW8","__union_134",2,NA,NA,NA,"duplicate-individual-union"
"Real 375","c","c-curved-chord","__dup_9C6NW8_1","9C6NW8","__union_137",2,NA,NA,NA,"duplicate-individual-union"
"Real 375","c","c-curved-chord","__dup_XL7AVE_1","XL7AVE","ASAF1T",2,NA,NA,NA,"duplicate-individual-individual"
"Real 375","c","c-curved-chord","__dup_XL7AVE_1","XL7AVE","DGLT2F",2,NA,NA,NA,"duplicate-individual-individual"
"Real 375","c","c-curved-chord","__dup_XL7AVE_1","XL7AVE","6PX6PS",2,NA,NA,NA,"duplicate-individual-individual"
"Real 375","c","c-curved-chord","__dup_XL7AVE_1","XL7AVE","ELGVC6",2,NA,NA,NA,"duplicate-individual-individual"
"Real 375","c","c-curved-chord","YPHFHF","__dup_YPHFHF_2","__dup_BH6ZQK_1",2,NA,NA,NA,"individual-duplicate-duplicate"
"Real 375","c","c-curved-chord","LUPGF8","__dup_LUPGF8_1","9C6NW8",2,NA,NA,NA,"individual-duplicate-individual"
"Real 375","c","c-curved-chord","LUPGF8","__dup_LUPGF8_1","QL6GH4",2,NA,NA,NA,"individual-duplicate-individual"
"Real 375","c","c-curved-chord","LUPGF8","__dup_LUPGF8_1","4CHDK1",2,NA,NA,NA,"individual-duplicate-individual"
"Real 375","c","c-curved-chord","LUPGF8","__dup_LUPGF8_1","772Q3D",2,NA,NA,NA,"individual-duplicate-individual"
"Real 375","c","c-curved-chord","LUPGF8","__dup_LUPGF8_1","DKDP5B",2,NA,NA,NA,"individual-duplicate-individual"
"Real 375","c","c-curved-chord","LUPGF8","__dup_LUPGF8_1","7U5NJD",2,NA,NA,NA,"individual-duplicate-individual"
"Real 375","c","c-curved-chord","LUPGF8","__dup_LUPGF8_1","I2G9D6",2,NA,NA,NA,"individual-duplicate-individual"
"Real 375","c","c-curved-chord","LUPGF8","__dup_LUPGF8_1","Q00PB1",2,NA,NA,NA,"individual-duplicate-individual"
"Real 375","c","c-curved-chord","LUPGF8","__dup_LUPGF8_1","3PD3U5",2,NA,NA,NA,"individual-duplicate-individual"
"Real 375","c","c-curved-chord","LUPGF8","__dup_LUPGF8_1","J8XZ81",2,NA,NA,NA,"individual-duplicate-individual"
"Real 375","c","c-curved-chord","LUPGF8","__dup_LUPGF8_1","__dup_YPHFHF_1",2,NA,NA,NA,"individual-duplicate-duplicate"
"Real 375","c","c-curved-chord","LUPGF8","__dup_LUPGF8_1","__dup_BYWXJB_1",2,NA,NA,NA,"individual-duplicate-duplicate"
"Real 375","c","c-curved-chord","LUPGF8","__dup_LUPGF8_1","__dup_0L5AWR_1",2,NA,NA,NA,"individual-duplicate-duplicate"
"Real 375","c","c-curved-chord","LUPGF8","__dup_LUPGF8_1","__dup_R0VAQP_1",2,NA,NA,NA,"individual-duplicate-duplicate"
"Real 375","c","c-curved-chord","LUPGF8","__dup_LUPGF8_1","__dup_D0Z114_1",2,NA,NA,NA,"individual-duplicate-duplicate"
"Real 375","c","c-curved-chord","LUPGF8","__dup_LUPGF8_1","__union_108",2,NA,NA,NA,"individual-duplicate-union"
"Real 375","c","c-curved-chord","LUPGF8","__dup_LUPGF8_1","__union_110",2,NA,NA,NA,"individual-duplicate-union"
"Real 375","c","c-curved-chord","LUPGF8","__dup_LUPGF8_1","__union_115",2,NA,NA,NA,"individual-duplicate-union"
"Real 375","c","c-curved-chord","LUPGF8","__dup_LUPGF8_1","__union_126",2,NA,NA,NA,"individual-duplicate-union"
"Real 375","c","c-curved-chord","LUPGF8","__dup_LUPGF8_1","__union_134",2,NA,NA,NA,"individual-duplicate-union"
"Real 375","c","c-curved-chord","LUPGF8","__dup_LUPGF8_1","__union_135",2,NA,NA,NA,"individual-duplicate-union"
"Real 375","c","c-curved-chord","KCBMY9","__dup_KCBMY9_1","9R28KQ",2,NA,NA,NA,"individual-duplicate-individual"
"Real 375","c","c-curved-chord","KCBMY9","__dup_KCBMY9_1","7KWRZK",2,NA,NA,NA,"individual-duplicate-individual"
"Real 375","c","c-curved-chord","KCBMY9","__dup_KCBMY9_1","SQ908D",2,NA,NA,NA,"individual-duplicate-individual"
"Real 375","c","c-curved-chord","KCBMY9","__dup_KCBMY9_1","Y1XZEW",2,NA,NA,NA,"individual-duplicate-individual"
"Real 375","c","c-curved-chord","KCBMY9","__dup_KCBMY9_1","31UG06",2,NA,NA,NA,"individual-duplicate-individual"
"Real 375","c","c-curved-chord","KCBMY9","__dup_KCBMY9_1","61ZSF7",2,NA,NA,NA,"individual-duplicate-individual"
"Real 375","c","c-curved-chord","KCBMY9","__dup_KCBMY9_1","WCPXHD",2,NA,NA,NA,"individual-duplicate-individual"
"Real 375","c","c-curved-chord","KCBMY9","__dup_KCBMY9_1","4F3ASD",2,NA,NA,NA,"individual-duplicate-individual"
"Real 375","c","c-curved-chord","KCBMY9","__dup_KCBMY9_1","42M0Y8",2,NA,NA,NA,"individual-duplicate-individual"
"Real 375","c","c-curved-chord","KCBMY9","__dup_KCBMY9_1","DMI0QY",2,NA,NA,NA,"individual-duplicate-individual"
"Real 375","c","c-curved-chord","KCBMY9","__dup_KCBMY9_1","8FLD1J",2,NA,NA,NA,"individual-duplicate-individual"
"Real 375","c","c-curved-chord","KCBMY9","__dup_KCBMY9_1","CKFA4F",2,NA,NA,NA,"individual-duplicate-individual"
"Real 375","c","c-curved-chord","KCBMY9","__dup_KCBMY9_1","YHJ240",2,NA,NA,NA,"individual-duplicate-individual"
"Real 375","c","c-curved-chord","KCBMY9","__dup_KCBMY9_1","D0CW4E",2,NA,NA,NA,"individual-duplicate-individual"
"Real 375","c","c-curved-chord","KCBMY9","__dup_KCBMY9_1","MNJU8T",2,NA,NA,NA,"individual-duplicate-individual"
"Real 375","c","c-curved-chord","KCBMY9","__dup_KCBMY9_1","DWFFZL",2,NA,NA,NA,"individual-duplicate-individual"
"Real 375","c","c-curved-chord","KCBMY9","__dup_KCBMY9_1","__dup_7U5NJD_1",2,NA,NA,NA,"individual-duplicate-duplicate"
"Real 375","c","c-curved-chord","KCBMY9","__dup_KCBMY9_1","__dup_NPYENA_1",2,NA,NA,NA,"individual-duplicate-duplicate"
"Real 375","c","c-curved-chord","KCBMY9","__dup_KCBMY9_1","__dup_9C6NW8_1",2,NA,NA,NA,"individual-duplicate-duplicate"
"Real 375","c","c-curved-chord","KCBMY9","__dup_KCBMY9_1","__dup_CAN12C_1",2,NA,NA,NA,"individual-duplicate-duplicate"
"Real 375","c","c-curved-chord","KCBMY9","__dup_KCBMY9_1","__dup_1W4GNT_1",2,NA,NA,NA,"individual-duplicate-duplicate"
"Real 375","c","c-curved-chord","KCBMY9","__dup_KCBMY9_1","__dup_WDBGPF_3",2,NA,NA,NA,"individual-duplicate-duplicate"
"Real 375","c","c-curved-chord","KCBMY9","__dup_KCBMY9_1","__dup_MK90CB_1",2,NA,NA,NA,"individual-duplicate-duplicate"
"Real 375","c","c-curved-chord","KCBMY9","__dup_KCBMY9_1","__union_105",2,NA,NA,NA,"individual-duplicate-union"
"Real 375","c","c-curved-chord","KCBMY9","__dup_KCBMY9_1","__union_107",2,NA,NA,NA,"individual-duplicate-union"
"Real 375","c","c-curved-chord","KCBMY9","__dup_KCBMY9_1","__union_111",2,NA,NA,NA,"individual-duplicate-union"
"Real 375","c","c-curved-chord","KCBMY9","__dup_KCBMY9_1","__union_112",2,NA,NA,NA,"individual-duplicate-union"
"Real 375","c","c-curved-chord","KCBMY9","__dup_KCBMY9_1","__union_113",2,NA,NA,NA,"individual-duplicate-union"
"Real 375","c","c-curved-chord","KCBMY9","__dup_KCBMY9_1","__union_114",2,NA,NA,NA,"individual-duplicate-union"
"Real 375","c","c-curved-chord","KCBMY9","__dup_KCBMY9_1","__union_116",2,NA,NA,NA,"individual-duplicate-union"
"Real 375","c","c-curved-chord","KCBMY9","__dup_KCBMY9_1","__union_120",2,NA,NA,NA,"individual-duplicate-union"
"Real 375","c","c-curved-chord","KCBMY9","__dup_KCBMY9_1","__union_127",2,NA,NA,NA,"individual-duplicate-union"
"Real 375","c","c-curved-chord","KCBMY9","__dup_KCBMY9_1","__union_128",2,NA,NA,NA,"individual-duplicate-union"
"Real 375","c","c-curved-chord","KCBMY9","__dup_KCBMY9_1","__union_130",2,NA,NA,NA,"individual-duplicate-union"
"Real 375","c","c-curved-chord","KCBMY9","__dup_KCBMY9_1","__union_133",2,NA,NA,NA,"individual-duplicate-union"
"Real 375","c","c-curved-chord","KCBMY9","__dup_KCBMY9_1","__union_137",2,NA,NA,NA,"individual-duplicate-union"
"Real 375","c","c-curved-chord","__dup_M5DJVP_1","M5DJVP","5LXR2A",3,NA,NA,NA,"duplicate-individual-individual"
"Real 375","c","c-curved-chord","__dup_M5DJVP_1","M5DJVP","HPGUPS",3,NA,NA,NA,"duplicate-individual-individual"
"Real 375","c","c-curved-chord","__dup_M5DJVP_1","M5DJVP","S0ZHJP",3,NA,NA,NA,"duplicate-individual-individual"
"Real 375","c","c-curved-chord","__dup_M5DJVP_1","M5DJVP","CSZ177",3,NA,NA,NA,"duplicate-individual-individual"
"Real 375","c","c-curved-chord","__dup_M5DJVP_1","M5DJVP","EKP7IN",3,NA,NA,NA,"duplicate-individual-individual"
"Real 375","c","c-curved-chord","__dup_M5DJVP_1","M5DJVP","73Z6NI",3,NA,NA,NA,"duplicate-individual-individual"
"Real 375","c","c-curved-chord","__dup_M5DJVP_1","M5DJVP","5LLJMI",3,NA,NA,NA,"duplicate-individual-individual"
"Real 375","c","c-curved-chord","__dup_M5DJVP_1","M5DJVP","6PQJV5",3,NA,NA,NA,"duplicate-individual-individual"
"Real 375","c","c-curved-chord","__dup_M5DJVP_1","M5DJVP","45YQV5",3,NA,NA,NA,"duplicate-individual-individual"
"Real 375","c","c-curved-chord","__dup_M5DJVP_1","M5DJVP","30YDZU",3,NA,NA,NA,"duplicate-individual-individual"
"Real 375","c","c-curved-chord","__dup_M5DJVP_1","M5DJVP","__dup_79RXRZ_1",3,NA,NA,NA,"duplicate-individual-duplicate"
"Real 375","c","c-curved-chord","__dup_M5DJVP_1","M5DJVP","__dup_9C6NW8_2",3,NA,NA,NA,"duplicate-individual-duplicate"
"Real 375","c","c-curved-chord","__dup_M5DJVP_1","M5DJVP","__dup_CMJQGU_2",3,NA,NA,NA,"duplicate-individual-duplicate"
"Real 375","c","c-curved-chord","__dup_M5DJVP_1","M5DJVP","__dup_KUENM8_3",3,NA,NA,NA,"duplicate-individual-duplicate"
"Real 375","c","c-curved-chord","__dup_M5DJVP_1","M5DJVP","__dup_SLN0TF_3",3,NA,NA,NA,"duplicate-individual-duplicate"
"Real 375","c","c-curved-chord","__dup_M5DJVP_1","M5DJVP","__dup_6MGJYG_1",3,NA,NA,NA,"duplicate-individual-duplicate"
"Real 375","c","c-curved-chord","__dup_M5DJVP_1","M5DJVP","__dup_8PHUQL_1",3,NA,NA,NA,"duplicate-individual-duplicate"
"Real 375","c","c-curved-chord","__dup_M5DJVP_1","M5DJVP","__union_146",3,NA,NA,NA,"duplicate-individual-union"
"Real 375","c","c-curved-chord","__dup_M5DJVP_1","M5DJVP","__union_151",3,NA,NA,NA,"duplicate-individual-union"
"Real 375","c","c-curved-chord","__dup_M5DJVP_1","M5DJVP","__union_153",3,NA,NA,NA,"duplicate-individual-union"
"Real 375","c","c-curved-chord","__dup_M5DJVP_1","M5DJVP","__union_159",3,NA,NA,NA,"duplicate-individual-union"
"Real 375","c","c-curved-chord","__dup_M5DJVP_1","M5DJVP","__union_160",3,NA,NA,NA,"duplicate-individual-union"
"Real 375","c","c-curved-chord","__dup_M5DJVP_1","M5DJVP","__union_161",3,NA,NA,NA,"duplicate-individual-union"
"Real 375","c","c-curved-chord","__dup_M5DJVP_1","M5DJVP","__union_168",3,NA,NA,NA,"duplicate-individual-union"
"Real 375","c","c-curved-chord","K9TMQP","__dup_K9TMQP_1","MND3AC",3,NA,NA,NA,"individual-duplicate-individual"
"Real 375","c","c-curved-chord","K9TMQP","__dup_K9TMQP_1","8THU85",3,NA,NA,NA,"individual-duplicate-individual"
"Real 375","c","c-curved-chord","K9TMQP","__dup_K9TMQP_1","5LXR2A",3,NA,NA,NA,"individual-duplicate-individual"
"Real 375","c","c-curved-chord","K9TMQP","__dup_K9TMQP_1","PWY8IQ",3,NA,NA,NA,"individual-duplicate-individual"
"Real 375","c","c-curved-chord","K9TMQP","__dup_K9TMQP_1","H16XSK",3,NA,NA,NA,"individual-duplicate-individual"
"Real 375","c","c-curved-chord","K9TMQP","__dup_K9TMQP_1","BT0V1U",3,NA,NA,NA,"individual-duplicate-individual"
"Real 375","c","c-curved-chord","K9TMQP","__dup_K9TMQP_1","HPGUPS",3,NA,NA,NA,"individual-duplicate-individual"
"Real 375","c","c-curved-chord","K9TMQP","__dup_K9TMQP_1","S0ZHJP",3,NA,NA,NA,"individual-duplicate-individual"
"Real 375","c","c-curved-chord","K9TMQP","__dup_K9TMQP_1","WWZRCW",3,NA,NA,NA,"individual-duplicate-individual"
"Real 375","c","c-curved-chord","K9TMQP","__dup_K9TMQP_1","CSZ177",3,NA,NA,NA,"individual-duplicate-individual"
"Real 375","c","c-curved-chord","K9TMQP","__dup_K9TMQP_1","LLYLLX",3,NA,NA,NA,"individual-duplicate-individual"
"Real 375","c","c-curved-chord","K9TMQP","__dup_K9TMQP_1","EKP7IN",3,NA,NA,NA,"individual-duplicate-individual"
"Real 375","c","c-curved-chord","K9TMQP","__dup_K9TMQP_1","2FPL16",3,NA,NA,NA,"individual-duplicate-individual"
"Real 375","c","c-curved-chord","K9TMQP","__dup_K9TMQP_1","73Z6NI",3,NA,NA,NA,"individual-duplicate-individual"
"Real 375","c","c-curved-chord","K9TMQP","__dup_K9TMQP_1","81MJXH",3,NA,NA,NA,"individual-duplicate-individual"
"Real 375","c","c-curved-chord","K9TMQP","__dup_K9TMQP_1","P49ZD1",3,NA,NA,NA,"individual-duplicate-individual"
"Real 375","c","c-curved-chord","K9TMQP","__dup_K9TMQP_1","KY4G8M",3,NA,NA,NA,"individual-duplicate-individual"
"Real 375","c","c-curved-chord","K9TMQP","__dup_K9TMQP_1","5LLJMI",3,NA,NA,NA,"individual-duplicate-individual"
"Real 375","c","c-curved-chord","K9TMQP","__dup_K9TMQP_1","SXWVRI",3,NA,NA,NA,"individual-duplicate-individual"
"Real 375","c","c-curved-chord","K9TMQP","__dup_K9TMQP_1","6PQJV5",3,NA,NA,NA,"individual-duplicate-individual"
"Real 375","c","c-curved-chord","K9TMQP","__dup_K9TMQP_1","BB0JP9",3,NA,NA,NA,"individual-duplicate-individual"
"Real 375","c","c-curved-chord","K9TMQP","__dup_K9TMQP_1","45YQV5",3,NA,NA,NA,"individual-duplicate-individual"
"Real 375","c","c-curved-chord","K9TMQP","__dup_K9TMQP_1","0P4BCQ",3,NA,NA,NA,"individual-duplicate-individual"
"Real 375","c","c-curved-chord","K9TMQP","__dup_K9TMQP_1","M5DJVP",3,NA,NA,NA,"individual-duplicate-individual"
"Real 375","c","c-curved-chord","K9TMQP","__dup_K9TMQP_1","30YDZU",3,NA,NA,NA,"individual-duplicate-individual"
"Real 375","c","c-curved-chord","K9TMQP","__dup_K9TMQP_1","__dup_M5DJVP_1",3,NA,NA,NA,"individual-duplicate-duplicate"
"Real 375","c","c-curved-chord","K9TMQP","__dup_K9TMQP_1","__dup_4U7JTW_2",3,NA,NA,NA,"individual-duplicate-duplicate"
"Real 375","c","c-curved-chord","K9TMQP","__dup_K9TMQP_1","__dup_Q00PB1_1",3,NA,NA,NA,"individual-duplicate-duplicate"
"Real 375","c","c-curved-chord","K9TMQP","__dup_K9TMQP_1","__dup_79RXRZ_1",3,NA,NA,NA,"individual-duplicate-duplicate"
"Real 375","c","c-curved-chord","K9TMQP","__dup_K9TMQP_1","__dup_9C6NW8_2",3,NA,NA,NA,"individual-duplicate-duplicate"
"Real 375","c","c-curved-chord","K9TMQP","__dup_K9TMQP_1","__dup_CMJQGU_2",3,NA,NA,NA,"individual-duplicate-duplicate"
"Real 375","c","c-curved-chord","K9TMQP","__dup_K9TMQP_1","__dup_H16EC4_1",3,NA,NA,NA,"individual-duplicate-duplicate"
"Real 375","c","c-curved-chord","K9TMQP","__dup_K9TMQP_1","__dup_1Y8P15_1",3,NA,NA,NA,"individual-duplicate-duplicate"
"Real 375","c","c-curved-chord","K9TMQP","__dup_K9TMQP_1","__dup_KUENM8_3",3,NA,NA,NA,"individual-duplicate-duplicate"
"Real 375","c","c-curved-chord","K9TMQP","__dup_K9TMQP_1","__dup_SLN0TF_3",3,NA,NA,NA,"individual-duplicate-duplicate"
"Real 375","c","c-curved-chord","K9TMQP","__dup_K9TMQP_1","__dup_6MGJYG_1",3,NA,NA,NA,"individual-duplicate-duplicate"
"Real 375","c","c-curved-chord","K9TMQP","__dup_K9TMQP_1","__dup_81MJXH_1",3,NA,NA,NA,"individual-duplicate-duplicate"
"Real 375","c","c-curved-chord","K9TMQP","__dup_K9TMQP_1","__dup_GTKL5Z_1",3,NA,NA,NA,"individual-duplicate-duplicate"
"Real 375","c","c-curved-chord","K9TMQP","__dup_K9TMQP_1","__dup_8PHUQL_1",3,NA,NA,NA,"individual-duplicate-duplicate"
"Real 375","c","c-curved-chord","K9TMQP","__dup_K9TMQP_1","__union_142",3,NA,NA,NA,"individual-duplicate-union"
"Real 375","c","c-curved-chord","K9TMQP","__dup_K9TMQP_1","__union_144",3,NA,NA,NA,"individual-duplicate-union"
"Real 375","c","c-curved-chord","K9TMQP","__dup_K9TMQP_1","__union_145",3,NA,NA,NA,"individual-duplicate-union"
"Real 375","c","c-curved-chord","K9TMQP","__dup_K9TMQP_1","__union_146",3,NA,NA,NA,"individual-duplicate-union"
"Real 375","c","c-curved-chord","K9TMQP","__dup_K9TMQP_1","__union_151",3,NA,NA,NA,"individual-duplicate-union"
"Real 375","c","c-curved-chord","K9TMQP","__dup_K9TMQP_1","__union_153",3,NA,NA,NA,"individual-duplicate-union"
"Real 375","c","c-curved-chord","K9TMQP","__dup_K9TMQP_1","__union_156",3,NA,NA,NA,"individual-duplicate-union"
"Real 375","c","c-curved-chord","K9TMQP","__dup_K9TMQP_1","__union_157",3,NA,NA,NA,"individual-duplicate-union"
"Real 375","c","c-curved-chord","K9TMQP","__dup_K9TMQP_1","__union_158",3,NA,NA,NA,"individual-duplicate-union"
"Real 375","c","c-curved-chord","K9TMQP","__dup_K9TMQP_1","__union_159",3,NA,NA,NA,"individual-duplicate-union"
"Real 375","c","c-curved-chord","K9TMQP","__dup_K9TMQP_1","__union_160",3,NA,NA,NA,"individual-duplicate-union"
"Real 375","c","c-curved-chord","K9TMQP","__dup_K9TMQP_1","__union_161",3,NA,NA,NA,"individual-duplicate-union"
"Real 375","c","c-curved-chord","K9TMQP","__dup_K9TMQP_1","__union_164",3,NA,NA,NA,"individual-duplicate-union"
"Real 375","c","c-curved-chord","K9TMQP","__dup_K9TMQP_1","__union_165",3,NA,NA,NA,"individual-duplicate-union"
"Real 375","c","c-curved-chord","K9TMQP","__dup_K9TMQP_1","__union_166",3,NA,NA,NA,"individual-duplicate-union"
"Real 375","c","c-curved-chord","K9TMQP","__dup_K9TMQP_1","__union_168",3,NA,NA,NA,"individual-duplicate-union"
"Real 375","c","c-curved-chord","__dup_H16EC4_1","H16EC4","YJXSIZ",3,NA,NA,NA,"duplicate-individual-individual"
"Real 375","c","c-curved-chord","__dup_H16EC4_1","H16EC4","BT0V1U",3,NA,NA,NA,"duplicate-individual-individual"
"Real 375","c","c-curved-chord","__dup_H16EC4_1","H16EC4","LLYLLX",3,NA,NA,NA,"duplicate-individual-individual"
"Real 375","c","c-curved-chord","__dup_H16EC4_1","H16EC4","3SG899",3,NA,NA,NA,"duplicate-individual-individual"
"Real 375","c","c-curved-chord","__dup_H16EC4_1","H16EC4","F2H56G",3,NA,NA,NA,"duplicate-individual-individual"
"Real 375","c","c-curved-chord","__dup_H16EC4_1","H16EC4","PUEUBL",3,NA,NA,NA,"duplicate-individual-individual"
"Real 375","c","c-curved-chord","__dup_H16EC4_1","H16EC4","V1X2X3",3,NA,NA,NA,"duplicate-individual-individual"
"Real 375","c","c-curved-chord","__dup_H16EC4_1","H16EC4","6WG3MZ",3,NA,NA,NA,"duplicate-individual-individual"
"Real 375","c","c-curved-chord","__dup_H16EC4_1","H16EC4","__dup_9CZSZM_1",3,NA,NA,NA,"duplicate-individual-duplicate"
"Real 375","c","c-curved-chord","__dup_H16EC4_1","H16EC4","__dup_7U5NJD_2",3,NA,NA,NA,"duplicate-individual-duplicate"
"Real 375","c","c-curved-chord","__dup_H16EC4_1","H16EC4","__dup_SH0L6S_1",3,NA,NA,NA,"duplicate-individual-duplicate"
"Real 375","c","c-curved-chord","__dup_H16EC4_1","H16EC4","__dup_K9TMQP_1",3,NA,NA,NA,"duplicate-individual-duplicate"
"Real 375","c","c-curved-chord","__dup_H16EC4_1","H16EC4","__dup_Q00PB1_2",3,NA,NA,NA,"duplicate-individual-duplicate"
"Real 375","c","c-curved-chord","__dup_H16EC4_1","H16EC4","__union_140",3,NA,NA,NA,"duplicate-individual-union"
"Real 375","c","c-curved-chord","__dup_H16EC4_1","H16EC4","__union_141",3,NA,NA,NA,"duplicate-individual-union"
"Real 375","c","c-curved-chord","__dup_H16EC4_1","H16EC4","__union_143",3,NA,NA,NA,"duplicate-individual-union"
"Real 375","c","c-curved-chord","__dup_H16EC4_1","H16EC4","__union_148",3,NA,NA,NA,"duplicate-individual-union"
"Real 375","c","c-curved-chord","__dup_H16EC4_1","H16EC4","__union_154",3,NA,NA,NA,"duplicate-individual-union"
"Real 375","c","c-curved-chord","__dup_81MJXH_1","81MJXH","H16XSK",3,NA,NA,NA,"duplicate-individual-individual"
"Real 375","c","c-curved-chord","__dup_81MJXH_1","81MJXH","BB0JP9",3,NA,NA,NA,"duplicate-individual-individual"
"Real 375","c","c-curved-chord","__dup_BR9WT6_1","BR9WT6","4J6BKH",4,NA,NA,NA,"duplicate-individual-individual"
"Real 375","c","c-curved-chord","ED5PDV","__dup_ED5PDV_1","B2U6J7",4,NA,NA,NA,"individual-duplicate-individual"
"Real 375","c","c-curved-chord","ED5PDV","__dup_ED5PDV_1","8GSXTQ",4,NA,NA,NA,"individual-duplicate-individual"
"Real 375","c","c-curved-chord","ED5PDV","__dup_ED5PDV_1","S7MA0G",4,NA,NA,NA,"individual-duplicate-individual"
"Real 375","c","c-curved-chord","ED5PDV","__dup_ED5PDV_1","E06FRB",4,NA,NA,NA,"individual-duplicate-individual"
"Real 375","c","c-curved-chord","ED5PDV","__dup_ED5PDV_1","HV7LZ3",4,NA,NA,NA,"individual-duplicate-individual"
"Real 375","c","c-curved-chord","ED5PDV","__dup_ED5PDV_1","__dup_ELGVC6_2",4,NA,NA,NA,"individual-duplicate-duplicate"
"Real 375","c","c-curved-chord","ED5PDV","__dup_ED5PDV_1","__dup_ASAF1T_1",4,NA,NA,NA,"individual-duplicate-duplicate"
"Real 375","c","c-curved-chord","ED5PDV","__dup_ED5PDV_1","__dup_LUPGF8_3",4,NA,NA,NA,"individual-duplicate-duplicate"
"Real 375","c","c-curved-chord","ED5PDV","__dup_ED5PDV_1","__dup_LUPGF8_4",4,NA,NA,NA,"individual-duplicate-duplicate"
"Real 375","c","c-curved-chord","ED5PDV","__dup_ED5PDV_1","__union_174",4,NA,NA,NA,"individual-duplicate-union"
"Real 375","c","c-curved-chord","ED5PDV","__dup_ED5PDV_1","__union_177",4,NA,NA,NA,"individual-duplicate-union"
"Real 375","c","c-curved-chord","ED5PDV","__dup_ED5PDV_1","__union_180",4,NA,NA,NA,"individual-duplicate-union"
"Real 375","c","c-curved-chord","ED5PDV","__dup_ED5PDV_1","__union_191",4,NA,NA,NA,"individual-duplicate-union"
"Real 375","c","c-curved-chord","ED5PDV","__dup_ED5PDV_1","__union_193",4,NA,NA,NA,"individual-duplicate-union"
"Real 375","c","c-curved-chord","__dup_B2U6J7_1","B2U6J7","8NQX52",4,NA,NA,NA,"duplicate-individual-individual"
"Real 375","c","c-curved-chord","__dup_B2U6J7_1","B2U6J7","J4ZDIU",4,NA,NA,NA,"duplicate-individual-individual"
"Real 375","c","c-curved-chord","__dup_B2U6J7_1","B2U6J7","HJLX2B",4,NA,NA,NA,"duplicate-individual-individual"
"Real 375","c","c-curved-chord","__dup_B2U6J7_1","B2U6J7","S7MA0G",4,NA,NA,NA,"duplicate-individual-individual"
"Real 375","c","c-curved-chord","__dup_B2U6J7_1","B2U6J7","QQ24T8",4,NA,NA,NA,"duplicate-individual-individual"
"Real 375","c","c-curved-chord","__dup_B2U6J7_1","B2U6J7","T5S3BR",4,NA,NA,NA,"duplicate-individual-individual"
"Real 375","c","c-curved-chord","__dup_B2U6J7_1","B2U6J7","E06FRB",4,NA,NA,NA,"duplicate-individual-individual"
"Real 375","c","c-curved-chord","__dup_B2U6J7_1","B2U6J7","HV7LZ3",4,NA,NA,NA,"duplicate-individual-individual"
"Real 375","c","c-curved-chord","__dup_B2U6J7_1","B2U6J7","IMF6BL",4,NA,NA,NA,"duplicate-individual-individual"
"Real 375","c","c-curved-chord","__dup_B2U6J7_1","B2U6J7","YI7MWL",4,NA,NA,NA,"duplicate-individual-individual"
"Real 375","c","c-curved-chord","__dup_B2U6J7_1","B2U6J7","1TGPDW",4,NA,NA,NA,"duplicate-individual-individual"
"Real 375","c","c-curved-chord","__dup_B2U6J7_1","B2U6J7","667KL7",4,NA,NA,NA,"duplicate-individual-individual"
"Real 375","c","c-curved-chord","__dup_B2U6J7_1","B2U6J7","ED5PDV",4,NA,NA,NA,"duplicate-individual-individual"
"Real 375","c","c-curved-chord","__dup_B2U6J7_1","B2U6J7","9LZVTE",4,NA,NA,NA,"duplicate-individual-individual"
"Real 375","c","c-curved-chord","__dup_B2U6J7_1","B2U6J7","__dup_JE4WD7_1",4,NA,NA,NA,"duplicate-individual-duplicate"
"Real 375","c","c-curved-chord","__dup_B2U6J7_1","B2U6J7","__dup_M5DJVP_2",4,NA,NA,NA,"duplicate-individual-duplicate"
"Real 375","c","c-curved-chord","__dup_B2U6J7_1","B2U6J7","__dup_ELGVC6_2",4,NA,NA,NA,"duplicate-individual-duplicate"
"Real 375","c","c-curved-chord","__dup_B2U6J7_1","B2U6J7","__dup_LUPGF8_3",4,NA,NA,NA,"duplicate-individual-duplicate"
"Real 375","c","c-curved-chord","__dup_B2U6J7_1","B2U6J7","__dup_772Q3D_1",4,NA,NA,NA,"duplicate-individual-duplicate"
"Real 375","c","c-curved-chord","__dup_B2U6J7_1","B2U6J7","__dup_J33BE0_1",4,NA,NA,NA,"duplicate-individual-duplicate"
"Real 375","c","c-curved-chord","__dup_B2U6J7_1","B2U6J7","__dup_YPHFHF_3",4,NA,NA,NA,"duplicate-individual-duplicate"
"Real 375","c","c-curved-chord","__dup_B2U6J7_1","B2U6J7","__dup_9C6NW8_3",4,NA,NA,NA,"duplicate-individual-duplicate"
"Real 375","c","c-curved-chord","__dup_B2U6J7_1","B2U6J7","__dup_LUPGF8_4",4,NA,NA,NA,"duplicate-individual-duplicate"
"Real 375","c","c-curved-chord","__dup_B2U6J7_1","B2U6J7","__union_170",4,NA,NA,NA,"duplicate-individual-union"
"Real 375","c","c-curved-chord","__dup_B2U6J7_1","B2U6J7","__union_173",4,NA,NA,NA,"duplicate-individual-union"
"Real 375","c","c-curved-chord","__dup_B2U6J7_1","B2U6J7","__union_174",4,NA,NA,NA,"duplicate-individual-union"
"Real 375","c","c-curved-chord","__dup_B2U6J7_1","B2U6J7","__union_180",4,NA,NA,NA,"duplicate-individual-union"
"Real 375","c","c-curved-chord","__dup_B2U6J7_1","B2U6J7","__union_185",4,NA,NA,NA,"duplicate-individual-union"
"Real 375","c","c-curved-chord","__dup_B2U6J7_1","B2U6J7","__union_186",4,NA,NA,NA,"duplicate-individual-union"
"Real 375","c","c-curved-chord","__dup_B2U6J7_1","B2U6J7","__union_190",4,NA,NA,NA,"duplicate-individual-union"
"Real 375","c","c-curved-chord","__dup_B2U6J7_1","B2U6J7","__union_192",4,NA,NA,NA,"duplicate-individual-union"
"Real 375","c","c-curved-chord","__dup_B2U6J7_1","B2U6J7","__union_193",4,NA,NA,NA,"duplicate-individual-union"
"Real 375","c","c-curved-chord","__dup_T6UQVX_1","T6UQVX","SBKELE",5,NA,NA,NA,"duplicate-individual-individual"
"Real 375","c","c-curved-chord","__dup_T6UQVX_1","T6UQVX","FIL6AB",5,NA,NA,NA,"duplicate-individual-individual"
"Real 375","c","c-curved-chord","__dup_T6UQVX_1","T6UQVX","23T5N2",5,NA,NA,NA,"duplicate-individual-individual"
"Real 375","c","c-curved-chord","__dup_T6UQVX_1","T6UQVX","NKNRU0",5,NA,NA,NA,"duplicate-individual-individual"
"Real 375","c","c-curved-chord","__dup_T6UQVX_1","T6UQVX","97D38B",5,NA,NA,NA,"duplicate-individual-individual"
"Real 375","c","c-curved-chord","__dup_T6UQVX_1","T6UQVX","F5M8IL",5,NA,NA,NA,"duplicate-individual-individual"
"Real 375","c","c-curved-chord","__dup_T6UQVX_1","T6UQVX","VTZFWZ",5,NA,NA,NA,"duplicate-individual-individual"
"Real 375","c","c-curved-chord","__dup_T6UQVX_1","T6UQVX","P9RX04",5,NA,NA,NA,"duplicate-individual-individual"
"Real 375","c","c-curved-chord","__dup_T6UQVX_1","T6UQVX","4R7L88",5,NA,NA,NA,"duplicate-individual-individual"
"Real 375","c","c-curved-chord","__dup_T6UQVX_1","T6UQVX","KXZE07",5,NA,NA,NA,"duplicate-individual-individual"
"Real 375","c","c-curved-chord","__dup_T6UQVX_1","T6UQVX","__dup_9JC6RF_1",5,NA,NA,NA,"duplicate-individual-duplicate"
"Real 375","c","c-curved-chord","__dup_T6UQVX_1","T6UQVX","__dup_1TGPDW_1",5,NA,NA,NA,"duplicate-individual-duplicate"
"Real 375","c","c-curved-chord","__dup_T6UQVX_1","T6UQVX","__dup_SPHGC9_1",5,NA,NA,NA,"duplicate-individual-duplicate"
"Real 375","c","c-curved-chord","__dup_T6UQVX_1","T6UQVX","__dup_8GSXTQ_1",5,NA,NA,NA,"duplicate-individual-duplicate"
"Real 375","c","c-curved-chord","__dup_T6UQVX_1","T6UQVX","__dup_FIL6AB_1",5,NA,NA,NA,"duplicate-individual-duplicate"
"Real 375","c","c-curved-chord","__dup_T6UQVX_1","T6UQVX","__dup_HWQS19_1",5,NA,NA,NA,"duplicate-individual-duplicate"
"Real 375","c","c-curved-chord","__dup_T6UQVX_1","T6UQVX","__dup_YJXSIZ_1",5,NA,NA,NA,"duplicate-individual-duplicate"
"Real 375","c","c-curved-chord","__dup_T6UQVX_1","T6UQVX","__dup_F5M8IL_1",5,NA,NA,NA,"duplicate-individual-duplicate"
"Real 375","c","c-curved-chord","__dup_T6UQVX_1","T6UQVX","__dup_LLYLLX_1",5,NA,NA,NA,"duplicate-individual-duplicate"
"Real 375","c","c-curved-chord","__dup_T6UQVX_1","T6UQVX","__dup_81MJXH_2",5,NA,NA,NA,"duplicate-individual-duplicate"
"Real 375","c","c-curved-chord","__dup_T6UQVX_1","T6UQVX","__union_197",5,NA,NA,NA,"duplicate-individual-union"
"Real 375","c","c-curved-chord","__dup_T6UQVX_1","T6UQVX","__union_198",5,NA,NA,NA,"duplicate-individual-union"
"Real 375","c","c-curved-chord","__dup_T6UQVX_1","T6UQVX","__union_200",5,NA,NA,NA,"duplicate-individual-union"
"Real 375","c","c-curved-chord","__dup_T6UQVX_1","T6UQVX","__union_201",5,NA,NA,NA,"duplicate-individual-union"
"Real 375","c","c-curved-chord","__dup_T6UQVX_1","T6UQVX","__union_204",5,NA,NA,NA,"duplicate-individual-union"
"Real 375","c","c-curved-chord","__dup_T6UQVX_1","T6UQVX","__union_206",5,NA,NA,NA,"duplicate-individual-union"
"Real 375","c","c-curved-chord","__dup_T6UQVX_1","T6UQVX","__union_208",5,NA,NA,NA,"duplicate-individual-union"
"Real 375","c","c-curved-chord","__dup_T6UQVX_1","T6UQVX","__union_210",5,NA,NA,NA,"duplicate-individual-union"
"Real 375","c","c-curved-chord","__dup_T6UQVX_1","T6UQVX","__union_211",5,NA,NA,NA,"duplicate-individual-union"
"Real 375","c","c-curved-chord","__dup_T6UQVX_1","T6UQVX","__union_217",5,NA,NA,NA,"duplicate-individual-union"
"Real 375","c","c-curved-chord","FIL6AB","__dup_FIL6AB_1","4R7L88",5,NA,NA,NA,"individual-duplicate-individual"
"Real 375","c","c-curved-chord","FIL6AB","__dup_FIL6AB_1","__dup_HWQS19_1",5,NA,NA,NA,"individual-duplicate-duplicate"
"Real 375","c","c-curved-chord","FIL6AB","__dup_FIL6AB_1","__dup_F5M8IL_1",5,NA,NA,NA,"individual-duplicate-duplicate"
"Real 375","c","c-curved-chord","FIL6AB","__dup_FIL6AB_1","__union_210",5,NA,NA,NA,"individual-duplicate-union"
"Real 375","c","c-curved-chord","__dup_FIL6AB_2","FIL6AB","W37STC",5,NA,NA,NA,"duplicate-individual-individual"
"Real 375","c","c-curved-chord","__dup_FIL6AB_2","FIL6AB","4DMIW1",5,NA,NA,NA,"duplicate-individual-individual"
"Real 375","c","c-curved-chord","__dup_FIL6AB_2","FIL6AB","J85R4L",5,NA,NA,NA,"duplicate-individual-individual"
"Real 375","c","c-curved-chord","__dup_FIL6AB_2","FIL6AB","F5M8IL",5,NA,NA,NA,"duplicate-individual-individual"
"Real 375","c","c-curved-chord","__dup_FIL6AB_2","FIL6AB","P9RX04",5,NA,NA,NA,"duplicate-individual-individual"
"Real 375","c","c-curved-chord","__dup_FIL6AB_2","FIL6AB","KXZE07",5,NA,NA,NA,"duplicate-individual-individual"
"Real 375","c","c-curved-chord","__dup_FIL6AB_2","FIL6AB","__dup_T6UQVX_1",5,NA,NA,NA,"duplicate-individual-duplicate"
"Real 375","c","c-curved-chord","__dup_FIL6AB_2","FIL6AB","__dup_SPHGC9_1",5,NA,NA,NA,"duplicate-individual-duplicate"
"Real 375","c","c-curved-chord","__dup_FIL6AB_2","FIL6AB","__dup_YJXSIZ_1",5,NA,NA,NA,"duplicate-individual-duplicate"
"Real 375","c","c-curved-chord","__dup_FIL6AB_2","FIL6AB","__union_199",5,NA,NA,NA,"duplicate-individual-union"
"Real 375","c","c-curved-chord","__dup_FIL6AB_2","FIL6AB","__union_200",5,NA,NA,NA,"duplicate-individual-union"
"Real 375","c","c-curved-chord","__dup_FIL6AB_2","FIL6AB","__union_208",5,NA,NA,NA,"duplicate-individual-union"
"Real 375","c","c-curved-chord","__dup_FIL6AB_3","FIL6AB","W37STC",5,NA,NA,NA,"duplicate-individual-individual"
"Real 375","c","c-curved-chord","__dup_FIL6AB_3","FIL6AB","95XZY9",5,NA,NA,NA,"duplicate-individual-individual"
"Real 375","c","c-curved-chord","__dup_FIL6AB_3","FIL6AB","MZQCZB",5,NA,NA,NA,"duplicate-individual-individual"
"Real 375","c","c-curved-chord","__dup_FIL6AB_3","FIL6AB","4DMIW1",5,NA,NA,NA,"duplicate-individual-individual"
"Real 375","c","c-curved-chord","__dup_FIL6AB_3","FIL6AB","3RYHBP",5,NA,NA,NA,"duplicate-individual-individual"
"Real 375","c","c-curved-chord","__dup_FIL6AB_3","FIL6AB","J85R4L",5,NA,NA,NA,"duplicate-individual-individual"
"Real 375","c","c-curved-chord","__dup_FIL6AB_3","FIL6AB","F5M8IL",5,NA,NA,NA,"duplicate-individual-individual"
"Real 375","c","c-curved-chord","__dup_FIL6AB_3","FIL6AB","YY7782",5,NA,NA,NA,"duplicate-individual-individual"
"Real 375","c","c-curved-chord","__dup_FIL6AB_3","FIL6AB","P9RX04",5,NA,NA,NA,"duplicate-individual-individual"
"Real 375","c","c-curved-chord","__dup_FIL6AB_3","FIL6AB","KXZE07",5,NA,NA,NA,"duplicate-individual-individual"
"Real 375","c","c-curved-chord","__dup_FIL6AB_3","FIL6AB","__dup_T6UQVX_1",5,NA,NA,NA,"duplicate-individual-duplicate"
"Real 375","c","c-curved-chord","__dup_FIL6AB_3","FIL6AB","__dup_SPHGC9_1",5,NA,NA,NA,"duplicate-individual-duplicate"
"Real 375","c","c-curved-chord","__dup_FIL6AB_3","FIL6AB","__dup_7WQYLL_1",5,NA,NA,NA,"duplicate-individual-duplicate"
"Real 375","c","c-curved-chord","__dup_FIL6AB_3","FIL6AB","__dup_YJXSIZ_1",5,NA,NA,NA,"duplicate-individual-duplicate"
"Real 375","c","c-curved-chord","__dup_FIL6AB_3","FIL6AB","__dup_ED5PDV_2",5,NA,NA,NA,"duplicate-individual-duplicate"
"Real 375","c","c-curved-chord","__dup_FIL6AB_3","FIL6AB","__dup_4DMIW1_1",5,NA,NA,NA,"duplicate-individual-duplicate"
"Real 375","c","c-curved-chord","__dup_FIL6AB_3","FIL6AB","__union_199",5,NA,NA,NA,"duplicate-individual-union"
"Real 375","c","c-curved-chord","__dup_FIL6AB_3","FIL6AB","__union_200",5,NA,NA,NA,"duplicate-individual-union"
"Real 375","c","c-curved-chord","__dup_FIL6AB_3","FIL6AB","__union_203",5,NA,NA,NA,"duplicate-individual-union"
"Real 375","c","c-curved-chord","__dup_FIL6AB_3","FIL6AB","__union_205",5,NA,NA,NA,"duplicate-individual-union"
"Real 375","c","c-curved-chord","__dup_FIL6AB_3","FIL6AB","__union_208",5,NA,NA,NA,"duplicate-individual-union"
"Real 375","c","c-curved-chord","__dup_FIL6AB_3","FIL6AB","__union_209",5,NA,NA,NA,"duplicate-individual-union"
"Real 375","c","c-curved-chord","__dup_FIL6AB_3","FIL6AB","__union_215",5,NA,NA,NA,"duplicate-individual-union"
"Real 375","c","c-curved-chord","F5M8IL","__dup_F5M8IL_1","FIL6AB",5,NA,NA,NA,"individual-duplicate-individual"
"Real 375","c","c-curved-chord","F5M8IL","__dup_F5M8IL_1","__dup_HWQS19_1",5,NA,NA,NA,"individual-duplicate-duplicate"
"Real 375","c","c-curved-chord","F5M8IL","__dup_F5M8IL_1","__dup_YJXSIZ_1",5,NA,NA,NA,"individual-duplicate-duplicate"
"Real 375","c","c-curved-chord","F5M8IL","__dup_F5M8IL_1","__union_206",5,NA,NA,NA,"individual-duplicate-union"
"Real 375","c","c-curved-chord","__dup_4DMIW1_1","4DMIW1","W37STC",5,NA,NA,NA,"duplicate-individual-individual"
"Real 375","c","c-curved-chord","__dup_4DMIW1_1","4DMIW1","3RYHBP",5,NA,NA,NA,"duplicate-individual-individual"
"Real 375","c","c-curved-chord","__dup_4DMIW1_1","4DMIW1","YY7782",5,NA,NA,NA,"duplicate-individual-individual"
"Real 375","c","c-curved-chord","__dup_4DMIW1_1","4DMIW1","__dup_FIL6AB_2",5,NA,NA,NA,"duplicate-individual-duplicate"
"Real 375","c","c-curved-chord","__dup_4DMIW1_1","4DMIW1","__dup_ED5PDV_2",5,NA,NA,NA,"duplicate-individual-duplicate"
"Real 375","c","c-curved-chord","__dup_4DMIW1_1","4DMIW1","__union_205",5,NA,NA,NA,"duplicate-individual-union"
"Real 375","c","c-curved-chord","__dup_4DMIW1_1","4DMIW1","__union_209",5,NA,NA,NA,"duplicate-individual-union"
"Real 375","c","c-curved-chord","__dup_RK53PX_1","RK53PX","T8EB3B",6,NA,NA,NA,"duplicate-individual-individual"
"Real 375","c","c-curved-chord","__dup_RK53PX_1","RK53PX","0HV868",6,NA,NA,NA,"duplicate-individual-individual"
"Real 375","c","c-curved-chord","__dup_RK53PX_1","RK53PX","0F4FY1",6,NA,NA,NA,"duplicate-individual-individual"
"Real 375","c","c-curved-chord","__dup_RK53PX_1","RK53PX","K1HTZ8",6,NA,NA,NA,"duplicate-individual-individual"
"Real 375","c","c-curved-chord","__dup_RK53PX_1","RK53PX","E01N02",6,NA,NA,NA,"duplicate-individual-individual"
"Real 375","c","c-curved-chord","__dup_RK53PX_1","RK53PX","ZZMDQ0",6,NA,NA,NA,"duplicate-individual-individual"
"Real 375","c","c-curved-chord","__dup_RK53PX_1","RK53PX","__dup_7WQYLL_2",6,NA,NA,NA,"duplicate-individual-duplicate"
"Real 375","c","c-curved-chord","__dup_RK53PX_1","RK53PX","__dup_8GSXTQ_2",6,NA,NA,NA,"duplicate-individual-duplicate"
"Real 375","c","c-curved-chord","__dup_RK53PX_1","RK53PX","__dup_A7YLIQ_2",6,NA,NA,NA,"duplicate-individual-duplicate"
"Real 375","c","c-curved-chord","__dup_RK53PX_1","RK53PX","__union_223",6,NA,NA,NA,"duplicate-individual-union"
"Real 375","c","c-curved-chord","__dup_RK53PX_1","RK53PX","__union_227",6,NA,NA,NA,"duplicate-individual-union"
"Real 375","c","c-curved-chord","__dup_RK53PX_1","RK53PX","__union_233",6,NA,NA,NA,"duplicate-individual-union"
"Real 375","d","adjacent","__dup_SLN0TF_2","SLN0TF","__union_90",1,119.9999999992,120,"self-duplicate",NA
